Workbook

Sheet BotStuff
A1: Choice State: | B1: {} | Z1: Survey Sent?

Sheet Megadraft​
A1: ARENA GAUNTLET LEAGUE: SOS MEGADRAFT
B3: Rk | C3: Player | D3: Country | E3: Arena ID | F3: Megadraft Record | G3: League Pts (Wins) | H3: Megadraft Round 1 | I3: Megadraft Round 2 | J3: Megadraft Round 3 | K3: Finals Playoffs | L3: Total Points
B4: 1 | C4: Ryan M | D4: USA | E4: rrrn22#32842 | F4: 4 - 0 | G4: 22 | H4: 3 | I4: 3 | J4: 3 | K4: 3 | L4: =SUM(G4:K4) -> 34
B5: 2 | C5: Michael B | D5: USA | E5: Monkeymage#12141 | F5: 3 - 1 | G5: 22 | H5: 3 | I5: 3 | J5: 3 | K5: 0 | L5: =SUM(G5:K5) -> 31
B6: 3 | C6: Nick L | D6: USA | E6: Aliphos#10232 | F6: 2 - 1 | G6: 23 | H6: 3 | I6: 3 | J6: 0 | K6: N/A | L6: =SUM(G6:K6) -> 29
B7: 4 | C7: Wei C | D7: Canada | E7: Azayaka#83352 | F7: 2 - 1 | G7: 21 | H7: 3 | I7: 3 | J7: 0 | K7: N/A | L7: =SUM(G7:K7) -> 27
B8: 5 | C8: Lukas M | D8: USA | E8: Finley_2k1#30925 | F8: 2 - 1 | G8: 21 | H8: 3 | I8: 0 | J8: 3 | K8: N/A | L8: =SUM(G8:K8) -> 27
B9: 6 | C9: Tim O | D9: USA | E9: Zeven28#21705 | F9: 2 - 1 | G9: 21 | H9: 0 | I9: 3 | J9: 3 | K9: N/A | L9: =SUM(G9:K9) -> 27
B10: 7 | C10: Cam B | D10: USA | E10: PrinceEggbert#12155 | F10: 1 - 2 | G10: 23 | H10: 0 | I10: 3 | J10: 0 | K10: N/A | L10: =SUM(G10:K10) -> 26
B11: 8 | C11: Chris O | D11: USA | E11: chriso91#46230 | F11: 2 - 1 | G11: 20 | H11: 3 | I11: 0 | J11: 3 | K11: N/A | L11: =SUM(G11:K11) -> 26
B12: 9 | C12: John P | D12: USA | E12: gokuorgohome#51511 | F12: 2 - 1 | G12: 20 | H12: 0 | I12: 3 | J12: 3 | K12: N/A | L12: =SUM(G12:K12) -> 26
B13: 10 | C13: Theia E | D13: Australia | E13: Catarang#49877 | F13: 1 - 2 | G13: 22 | H13: 3 | I13: 0 | J13: 0 | K13: N/A | L13: =SUM(G13:K13) -> 25
B14: 11 | C14: Chris P | D14: USA | E14: Joker01#66827 | F14: 1 - 2 | G14: 21 | H14: 0 | I14: 3 | J14: 0 | K14: N/A | L14: =SUM(G14:K14) -> 24
B15: 12 | C15: Emmett F | D15: USA | E15: Sepulchure#51526 | F15: 1 - 2 | G15: 21 | H15: 0 | I15: 0 | J15: 3 | K15: N/A | L15: =SUM(G15:K15) -> 24
B16: 13 | C16: Tim W | D16: Germany | E16: zaergaegyr#34014 | F16: 1 - 2 | G16: 21 | H16: 0 | I16: 0 | J16: 3 | K16: N/A | L16: =SUM(G16:K16) -> 24
B17: 14 | C17: Andrew B | D17: USA | E17: azore24#54207 | F17: 1 - 2 | G17: 20 | H17: 3 | I17: 0 | J17: 0 | K17: N/A | L17: =SUM(G17:K17) -> 23
... B19: 16 | C19: Matt G | D19: USA | E19: iluvatar777#20638 | F19: 0 - 3 | G19: 20 | H19: 0 | I19: 0 | J19: 0 | K19: N/A | L19: =SUM(G19:K19) -> 20
C21: MegaDraft 1 | G21: MegaDraft 2
C22: Round 1 | G22: Round 1
C23: Chris O | D23: 2 - 1 | E23: Tim O | G23: Lukas M | I23: 2 - 0 | J23: John P
C24: Nick L | D24: 2 - 0 | E24: Tim W | G24: Ryan M | I24: 2 - 1 | J24: Chris P
C25: Michael B | D25: 2 - 0 | E25: Mike R | G25: Wei C | I25: 2 - 1 | J25: Emmett F
C26: Andrew B | D26: 2 - 0 | E26: Cam B | G26: Theia E | I26: 2 - 1 | J26: Matt G
C28: Round 2 | G28: Round 2
C29: Michael B | D29: 2 - 1 | E29: Chris O | G29: Wei C | I29: 2 - 1 | J29: Lukas M
C30: Nick L | D30: 2 - 0 | E30: Andrew B | G30: Ryan M | I30: 2 - 1 | J30: Theia E
C31: Tim O | D31: 2 - 1 | E31: Mike R | G31: John P | I31: 2 - 1 | J31: Emmett F
C32: Cam B | D32: 2 - 1 | E32: Tim W | G32: Chris P | I32: 2 - 1 | J32: Matt G
C34: Round 3 | G34: Round 3
C35: Michael B | D35: 2 - 0 | E35: Nick L | G35: Ryan M | I35: 2 - 0 | J35: Wei C
C36: Chris O | D36: 2 - 1 | E36: Andrew B | G36: Lukas M | I36: 2 - 1 | J36: Theia E
C37: Tim O | D37: 2 - 1 | E37: Cam B | G37: John P | I37: 2 - 1 | J37: Chris P
C38: Tim W | D38: 2 - 0 | E38: Mike R | G38: Emmett F | I38: 2 - 1 | J38: Matt G
E41: Finals Playoffs
E42: Round 4
E43: Ryan M | F43: 3 - 1 | G43: Michael B

Sheet Standings
A1: ARENA GAUNTLET LEAGUE: Secrets of Strixhaven
A2: Week: | C2: =Quotas!B2 -> 6
A3: PLAYER NAME | B3: ARENA ID | C3: COUNTRY | D3: RANK | E3: Player Name & ID | F3: RECORD | G3: College | H3: MATCHES PLAYED | I3: MATCHES <Min | J3: MATCHES <Max | K3: OMW% | L3: MATCHES TO PLAY STATUS | M3: THIS WEEK | N3: OTHER INFO | O3: wins this week | P3: losses this week | Q3: Time min | R3: Time max
A4: {=XLOOKUP($E4,'Player Database'!$B$2:$B252,'Player Database'!$C$2:$C252)} -> #N/A | B4: {=XLOOKUP($E4,'Player Database'!$B$2:$B252,'Player Database'!$E$2:$E252)} -> #N/A | C4: {=XLOOKUP($E4,'Player Database'!$B$2:$B252,'Player Database'!$F$2:$F252)} -> #N/A | D4: =IFERROR(__xludf.DUMMYFUNCTION("QUERY('Player Database'!A2:B240,""SELECT A,B WHERE B != ' - ' ORDER BY A"")"),1.0) -> 1 | E4: =IFERROR(__xludf.DUMMYFUNCTION("""COMPUTED_VALUE"""),"#REF!") -> #REF! | F4: {=XLOOKUP($E4,'Player Database'!$B$2:$B252,'Player Database'!$K$2:$K252)} -> #N/A | G4: {=XLOOKUP($E4,'Player Database'!$B$2:$B252,'Player Database'!$AE$2:$AE252)} -> #N/A | H4: {=XLOOKUP($E4,'Player Database'!$B$2:$B252,'Player Database'!$H$2:$H252)} -> #N/A | I4: {=XLOOKUP($E4,'Player Database'!$B$2:$B252,'Player Database'!$O$2:$O252)} -> #N/A | J4: {=XLOOKUP($E4,'Player Database'!$B$2:$B252,'Player Database'!$P$2:$P252)} -> #N/A | K4: {=XLOOKUP($E4,'Player Database'!$B$2:$B252,'Player Database'!$U$2:$U252)} -> #N/A | L4: {=XLOOKUP($E4,'Player Database'!$B$2:$B252,'Player Database'!$W$2:$W252)} -> #N/A | M4: =CONCATENATE(O4," - ",P4) -> 0 - 0 | N4: {=IF(XLOOKUP($E4,'Player Database'!$B$2:$B252,'Player Database'!$AA$2:$AA252)="",XLOOKUP($E4,'Player Database'!$B$2:$B252,'Player Database'!$G$2:$G252),XLOOKUP($E4,'Player Database'!$B$2:$B252,'Player Database'!$AA$2:$AA252))} -> #N/A | O4: =COUNTIFs(Matches!$B:$B,E4,Matches!$A:$A,">"&Q4,Matches!$A:$A,"<"&R4) -> 0 | P4: =COUNTIFs(Matches!$C:$C,E4,Matches!$A:$A,">"&Q4,Matches!$A:$A,"<"&R4) -> 0 | Q4: =VLOOKUP($C$2,Quotas!$A$7:$E$14,2,FALSE) -> 46171.708 | R4: =VLOOKUP($C$2,Quotas!$A$7:$E$14,3,FALSE) -> 46178.708
A5: {=XLOOKUP($E5,'Player Database'!$B$2:$B252,'Player Database'!$C$2:$C252)} -> #N/A | B5: {=XLOOKUP($E5,'Player Database'!$B$2:$B252,'Player Database'!$E$2:$E252)} -> #N/A | C5: {=XLOOKUP($E5,'Player Database'!$B$2:$B252,'Player Database'!$F$2:$F252)} -> #N/A | D5: =IFERROR(__xludf.DUMMYFUNCTION("""COMPUTED_VALUE"""),1.0) -> 1 | F5: {=XLOOKUP($E5,'Player Database'!$B$2:$B252,'Player Database'!$K$2:$K252)} -> #N/A | G5: {=XLOOKUP($E5,'Player Database'!$B$2:$B252,'Player Database'!$AE$2:$AE252)} -> #N/A | H5: {=XLOOKUP($E5,'Player Database'!$B$2:$B252,'Player Database'!$H$2:$H252)} -> #N/A | I5: {=XLOOKUP($E5,'Player Database'!$B$2:$B252,'Player Database'!$O$2:$O252)} -> #N/A | J5: {=XLOOKUP($E5,'Player Database'!$B$2:$B252,'Player Database'!$P$2:$P252)} -> #N/A | K5: {=XLOOKUP($E5,'Player Database'!$B$2:$B252,'Player Database'!$U$2:$U252)} -> #N/A | L5: {=XLOOKUP($E5,'Player Database'!$B$2:$B252,'Player Database'!$W$2:$W252)} -> #N/A | M5: =CONCATENATE(O5," - ",P5) -> 0 - 0 | N5: {=IF(XLOOKUP($E5,'Player Database'!$B$2:$B252,'Player Database'!$AA$2:$AA252)="",XLOOKUP($E5,'Player Database'!$B$2:$B252,'Player Database'!$G$2:$G252),XLOOKUP($E5,'Player Database'!$B$2:$B252,'Player Database'!$AA$2:$AA252))} -> #N/A | O5: =COUNTIFs(Matches!$B:$B,E5,Matches!$A:$A,">"&Q5,Matches!$A:$A,"<"&R5) -> 0 | P5: =COUNTIFs(Matches!$C:$C,E5,Matches!$A:$A,">"&Q5,Matches!$A:$A,"<"&R5) -> 0 | Q5: =VLOOKUP($C$2,Quotas!$A$7:$E$14,2,FALSE) -> 46171.708 | R5: =VLOOKUP($C$2,Quotas!$A$7:$E$14,3,FALSE) -> 46178.708
A6: {=XLOOKUP($E6,'Player Database'!$B$2:$B252,'Player Database'!$C$2:$C252)} -> #N/A | B6: {=XLOOKUP($E6,'Player Database'!$B$2:$B252,'Player Database'!$E$2:$E252)} -> #N/A | C6: {=XLOOKUP($E6,'Player Database'!$B$2:$B252,'Player Database'!$F$2:$F252)} -> #N/A | D6: =IFERROR(__xludf.DUMMYFUNCTION("""COMPUTED_VALUE"""),1.0) -> 1 | F6: {=XLOOKUP($E6,'Player Database'!$B$2:$B252,'Player Database'!$K$2:$K252)} -> #N/A | G6: {=XLOOKUP($E6,'Player Database'!$B$2:$B252,'Player Database'!$AE$2:$AE252)} -> #N/A | H6: {=XLOOKUP($E6,'Player Database'!$B$2:$B252,'Player Database'!$H$2:$H252)} -> #N/A | I6: {=XLOOKUP($E6,'Player Database'!$B$2:$B252,'Player Database'!$O$2:$O252)} -> #N/A | J6: {=XLOOKUP($E6,'Player Database'!$B$2:$B252,'Player Database'!$P$2:$P252)} -> #N/A | K6: {=XLOOKUP($E6,'Player Database'!$B$2:$B252,'Player Database'!$U$2:$U252)} -> #N/A | L6: {=XLOOKUP($E6,'Player Database'!$B$2:$B252,'Player Database'!$W$2:$W252)} -> #N/A | M6: =CONCATENATE(O6," - ",P6) -> 0 - 0 | N6: {=IF(XLOOKUP($E6,'Player Database'!$B$2:$B252,'Player Database'!$AA$2:$AA252)="",XLOOKUP($E6,'Player Database'!$B$2:$B252,'Player Database'!$G$2:$G252),XLOOKUP($E6,'Player Database'!$B$2:$B252,'Player Database'!$AA$2:$AA252))} -> #N/A | O6: =COUNTIFs(Matches!$B:$B,E6,Matches!$A:$A,">"&Q6,Matches!$A:$A,"<"&R6) -> 0 | P6: =COUNTIFs(Matches!$C:$C,E6,Matches!$A:$A,">"&Q6,Matches!$A:$A,"<"&R6) -> 0 | Q6: =VLOOKUP($C$2,Quotas!$A$7:$E$14,2,FALSE) -> 46171.708 | R6: =VLOOKUP($C$2,Quotas!$A$7:$E$14,3,FALSE) -> 46178.708
A7: {=XLOOKUP($E7,'Player Database'!$B$2:$B252,'Player Database'!$C$2:$C252)} -> #N/A | B7: {=XLOOKUP($E7,'Player Database'!$B$2:$B252,'Player Database'!$E$2:$E252)} -> #N/A | C7: {=XLOOKUP($E7,'Player Database'!$B$2:$B252,'Player Database'!$F$2:$F252)} -> #N/A | D7: =IFERROR(__xludf.DUMMYFUNCTION("""COMPUTED_VALUE"""),1.0) -> 1 | F7: {=XLOOKUP($E7,'Player Database'!$B$2:$B252,'Player Database'!$K$2:$K252)} -> #N/A | G7: {=XLOOKUP($E7,'Player Database'!$B$2:$B252,'Player Database'!$AE$2:$AE252)} -> #N/A | H7: {=XLOOKUP($E7,'Player Database'!$B$2:$B252,'Player Database'!$H$2:$H252)} -> #N/A | I7: {=XLOOKUP($E7,'Player Database'!$B$2:$B252,'Player Database'!$O$2:$O252)} -> #N/A | J7: {=XLOOKUP($E7,'Player Database'!$B$2:$B252,'Player Database'!$P$2:$P252)} -> #N/A | K7: {=XLOOKUP($E7,'Player Database'!$B$2:$B252,'Player Database'!$U$2:$U252)} -> #N/A | L7: {=XLOOKUP($E7,'Player Database'!$B$2:$B252,'Player Database'!$W$2:$W252)} -> #N/A | M7: =CONCATENATE(O7," - ",P7) -> 0 - 0 | N7: {=IF(XLOOKUP($E7,'Player Database'!$B$2:$B252,'Player Database'!$AA$2:$AA252)="",XLOOKUP($E7,'Player Database'!$B$2:$B252,'Player Database'!$G$2:$G252),XLOOKUP($E7,'Player Database'!$B$2:$B252,'Player Database'!$AA$2:$AA252))} -> #N/A | O7: =COUNTIFs(Matches!$B:$B,E7,Matches!$A:$A,">"&Q7,Matches!$A:$A,"<"&R7) -> 0 | P7: =COUNTIFs(Matches!$C:$C,E7,Matches!$A:$A,">"&Q7,Matches!$A:$A,"<"&R7) -> 0 | Q7: =VLOOKUP($C$2,Quotas!$A$7:$E$14,2,FALSE) -> 46171.708 | R7: =VLOOKUP($C$2,Quotas!$A$7:$E$14,3,FALSE) -> 46178.708
A8: {=XLOOKUP($E8,'Player Database'!$B$2:$B252,'Player Database'!$C$2:$C252)} -> #N/A | B8: {=XLOOKUP($E8,'Player Database'!$B$2:$B252,'Player Database'!$E$2:$E252)} -> #N/A | C8: {=XLOOKUP($E8,'Player Database'!$B$2:$B252,'Player Database'!$F$2:$F252)} -> #N/A | D8: =IFERROR(__xludf.DUMMYFUNCTION("""COMPUTED_VALUE"""),1.0) -> 1 | F8: {=XLOOKUP($E8,'Player Database'!$B$2:$B252,'Player Database'!$K$2:$K252)} -> #N/A | G8: {=XLOOKUP($E8,'Player Database'!$B$2:$B252,'Player Database'!$AE$2:$AE252)} -> #N/A | H8: {=XLOOKUP($E8,'Player Database'!$B$2:$B252,'Player Database'!$H$2:$H252)} -> #N/A | I8: {=XLOOKUP($E8,'Player Database'!$B$2:$B252,'Player Database'!$O$2:$O252)} -> #N/A | J8: {=XLOOKUP($E8,'Player Database'!$B$2:$B252,'Player Database'!$P$2:$P252)} -> #N/A | K8: {=XLOOKUP($E8,'Player Database'!$B$2:$B252,'Player Database'!$U$2:$U252)} -> #N/A | L8: {=XLOOKUP($E8,'Player Database'!$B$2:$B252,'Player Database'!$W$2:$W252)} -> #N/A | M8: =CONCATENATE(O8," - ",P8) -> 0 - 0 | N8: {=IF(XLOOKUP($E8,'Player Database'!$B$2:$B252,'Player Database'!$AA$2:$AA252)="",XLOOKUP($E8,'Player Database'!$B$2:$B252,'Player Database'!$G$2:$G252),XLOOKUP($E8,'Player Database'!$B$2:$B252,'Player Database'!$AA$2:$AA252))} -> #N/A | O8: =COUNTIFs(Matches!$B:$B,E8,Matches!$A:$A,">"&Q8,Matches!$A:$A,"<"&R8) -> 0 | P8: =COUNTIFs(Matches!$C:$C,E8,Matches!$A:$A,">"&Q8,Matches!$A:$A,"<"&R8) -> 0 | Q8: =VLOOKUP($C$2,Quotas!$A$7:$E$14,2,FALSE) -> 46171.708 | R8: =VLOOKUP($C$2,Quotas!$A$7:$E$14,3,FALSE) -> 46178.708
A9: {=XLOOKUP($E9,'Player Database'!$B$2:$B252,'Player Database'!$C$2:$C252)} -> #N/A | B9: {=XLOOKUP($E9,'Player Database'!$B$2:$B252,'Player Database'!$E$2:$E252)} -> #N/A | C9: {=XLOOKUP($E9,'Player Database'!$B$2:$B252,'Player Database'!$F$2:$F252)} -> #N/A | D9: =IFERROR(__xludf.DUMMYFUNCTION("""COMPUTED_VALUE"""),1.0) -> 1 | F9: {=XLOOKUP($E9,'Player Database'!$B$2:$B252,'Player Database'!$K$2:$K252)} -> #N/A | G9: {=XLOOKUP($E9,'Player Database'!$B$2:$B252,'Player Database'!$AE$2:$AE252)} -> #N/A | H9: {=XLOOKUP($E9,'Player Database'!$B$2:$B252,'Player Database'!$H$2:$H252)} -> #N/A | I9: {=XLOOKUP($E9,'Player Database'!$B$2:$B252,'Player Database'!$O$2:$O252)} -> #N/A | J9: {=XLOOKUP($E9,'Player Database'!$B$2:$B252,'Player Database'!$P$2:$P252)} -> #N/A | K9: {=XLOOKUP($E9,'Player Database'!$B$2:$B252,'Player Database'!$U$2:$U252)} -> #N/A | L9: {=XLOOKUP($E9,'Player Database'!$B$2:$B252,'Player Database'!$W$2:$W252)} -> #N/A | M9: =CONCATENATE(O9," - ",P9) -> 0 - 0 | N9: {=IF(XLOOKUP($E9,'Player Database'!$B$2:$B252,'Player Database'!$AA$2:$AA252)="",XLOOKUP($E9,'Player Database'!$B$2:$B252,'Player Database'!$G$2:$G252),XLOOKUP($E9,'Player Database'!$B$2:$B252,'Player Database'!$AA$2:$AA252))} -> #N/A | O9: =COUNTIFs(Matches!$B:$B,E9,Matches!$A:$A,">"&Q9,Matches!$A:$A,"<"&R9) -> 0 | P9: =COUNTIFs(Matches!$C:$C,E9,Matches!$A:$A,">"&Q9,Matches!$A:$A,"<"&R9) -> 0 | Q9: =VLOOKUP($C$2,Quotas!$A$7:$E$14,2,FALSE) -> 46171.708 | R9: =VLOOKUP($C$2,Quotas!$A$7:$E$14,3,FALSE) -> 46178.708
A10: {=XLOOKUP($E10,'Player Database'!$B$2:$B252,'Player Database'!$C$2:$C252)} -> #N/A | B10: {=XLOOKUP($E10,'Player Database'!$B$2:$B252,'Player Database'!$E$2:$E252)} -> #N/A | C10: {=XLOOKUP($E10,'Player Database'!$B$2:$B252,'Player Database'!$F$2:$F252)} -> #N/A | D10: =IFERROR(__xludf.DUMMYFUNCTION("""COMPUTED_VALUE"""),1.0) -> 1 | F10: {=XLOOKUP($E10,'Player Database'!$B$2:$B252,'Player Database'!$K$2:$K252)} -> #N/A | G10: {=XLOOKUP($E10,'Player Database'!$B$2:$B252,'Player Database'!$AE$2:$AE252)} -> #N/A | H10: {=XLOOKUP($E10,'Player Database'!$B$2:$B252,'Player Database'!$H$2:$H252)} -> #N/A | I10: {=XLOOKUP($E10,'Player Database'!$B$2:$B252,'Player Database'!$O$2:$O252)} -> #N/A | J10: {=XLOOKUP($E10,'Player Database'!$B$2:$B252,'Player Database'!$P$2:$P252)} -> #N/A | K10: {=XLOOKUP($E10,'Player Database'!$B$2:$B252,'Player Database'!$U$2:$U252)} -> #N/A | L10: {=XLOOKUP($E10,'Player Database'!$B$2:$B252,'Player Database'!$W$2:$W252)} -> #N/A | M10: =CONCATENATE(O10," - ",P10) -> 0 - 0 | N10: {=IF(XLOOKUP($E10,'Player Database'!$B$2:$B252,'Player Database'!$AA$2:$AA252)="",XLOOKUP($E10,'Player Database'!$B$2:$B252,'Player Database'!$G$2:$G252),XLOOKUP($E10,'Player Database'!$B$2:$B252,'Player Database'!$AA$2:$AA252))} -> #N/A | O10: =COUNTIFs(Matches!$B:$B,E10,Matches!$A:$A,">"&Q10,Matches!$A:$A,"<"&R10) -> 0 | P10: =COUNTIFs(Matches!$C:$C,E10,Matches!$A:$A,">"&Q10,Matches!$A:$A,"<"&R10) -> 0 | Q10: =VLOOKUP($C$2,Quotas!$A$7:$E$14,2,FALSE) -> 46171.708 | R10: =VLOOKUP($C$2,Quotas!$A$7:$E$14,3,FALSE) -> 46178.708
A11: {=XLOOKUP($E11,'Player Database'!$B$2:$B252,'Player Database'!$C$2:$C252)} -> #N/A | B11: {=XLOOKUP($E11,'Player Database'!$B$2:$B252,'Player Database'!$E$2:$E252)} -> #N/A | C11: {=XLOOKUP($E11,'Player Database'!$B$2:$B252,'Player Database'!$F$2:$F252)} -> #N/A | D11: =IFERROR(__xludf.DUMMYFUNCTION("""COMPUTED_VALUE"""),1.0) -> 1 | F11: {=XLOOKUP($E11,'Player Database'!$B$2:$B252,'Player Database'!$K$2:$K252)} -> #N/A | G11: {=XLOOKUP($E11,'Player Database'!$B$2:$B252,'Player Database'!$AE$2:$AE252)} -> #N/A | H11: {=XLOOKUP($E11,'Player Database'!$B$2:$B252,'Player Database'!$H$2:$H252)} -> #N/A | I11: {=XLOOKUP($E11,'Player Database'!$B$2:$B252,'Player Database'!$O$2:$O252)} -> #N/A | J11: {=XLOOKUP($E11,'Player Database'!$B$2:$B252,'Player Database'!$P$2:$P252)} -> #N/A | K11: {=XLOOKUP($E11,'Player Database'!$B$2:$B252,'Player Database'!$U$2:$U252)} -> #N/A | L11: {=XLOOKUP($E11,'Player Database'!$B$2:$B252,'Player Database'!$W$2:$W252)} -> #N/A | M11: =CONCATENATE(O11," - ",P11) -> 0 - 0 | N11: {=IF(XLOOKUP($E11,'Player Database'!$B$2:$B252,'Player Database'!$AA$2:$AA252)="",XLOOKUP($E11,'Player Database'!$B$2:$B252,'Player Database'!$G$2:$G252),XLOOKUP($E11,'Player Database'!$B$2:$B252,'Player Database'!$AA$2:$AA252))} -> #N/A | O11: =COUNTIFs(Matches!$B:$B,E11,Matches!$A:$A,">"&Q11,Matches!$A:$A,"<"&R11) -> 0 | P11: =COUNTIFs(Matches!$C:$C,E11,Matches!$A:$A,">"&Q11,Matches!$A:$A,"<"&R11) -> 0 | Q11: =VLOOKUP($C$2,Quotas!$A$7:$E$14,2,FALSE) -> 46171.708 | R11: =VLOOKUP($C$2,Quotas!$A$7:$E$14,3,FALSE) -> 46178.708
A12: {=XLOOKUP($E12,'Player Database'!$B$2:$B252,'Player Database'!$C$2:$C252)} -> #N/A | B12: {=XLOOKUP($E12,'Player Database'!$B$2:$B252,'Player Database'!$E$2:$E252)} -> #N/A | C12: {=XLOOKUP($E12,'Player Database'!$B$2:$B252,'Player Database'!$F$2:$F252)} -> #N/A | D12: =IFERROR(__xludf.DUMMYFUNCTION("""COMPUTED_VALUE"""),1.0) -> 1 | F12: {=XLOOKUP($E12,'Player Database'!$B$2:$B252,'Player Database'!$K$2:$K252)} -> #N/A | G12: {=XLOOKUP($E12,'Player Database'!$B$2:$B252,'Player Database'!$AE$2:$AE252)} -> #N/A | H12: {=XLOOKUP($E12,'Player Database'!$B$2:$B252,'Player Database'!$H$2:$H252)} -> #N/A | I12: {=XLOOKUP($E12,'Player Database'!$B$2:$B252,'Player Database'!$O$2:$O252)} -> #N/A | J12: {=XLOOKUP($E12,'Player Database'!$B$2:$B252,'Player Database'!$P$2:$P252)} -> #N/A | K12: {=XLOOKUP($E12,'Player Database'!$B$2:$B252,'Player Database'!$U$2:$U252)} -> #N/A | L12: {=XLOOKUP($E12,'Player Database'!$B$2:$B252,'Player Database'!$W$2:$W252)} -> #N/A | M12: =CONCATENATE(O12," - ",P12) -> 0 - 0 | N12: {=IF(XLOOKUP($E12,'Player Database'!$B$2:$B252,'Player Database'!$AA$2:$AA252)="",XLOOKUP($E12,'Player Database'!$B$2:$B252,'Player Database'!$G$2:$G252),XLOOKUP($E12,'Player Database'!$B$2:$B252,'Player Database'!$AA$2:$AA252))} -> #N/A | O12: =COUNTIFs(Matches!$B:$B,E12,Matches!$A:$A,">"&Q12,Matches!$A:$A,"<"&R12) -> 0 | P12: =COUNTIFs(Matches!$C:$C,E12,Matches!$A:$A,">"&Q12,Matches!$A:$A,"<"&R12) -> 0 | Q12: =VLOOKUP($C$2,Quotas!$A$7:$E$14,2,FALSE) -> 46171.708 | R12: =VLOOKUP($C$2,Quotas!$A$7:$E$14,3,FALSE) -> 46178.708
A13: {=XLOOKUP($E13,'Player Database'!$B$2:$B252,'Player Database'!$C$2:$C252)} -> #N/A | B13: {=XLOOKUP($E13,'Player Database'!$B$2:$B252,'Player Database'!$E$2:$E252)} -> #N/A | C13: {=XLOOKUP($E13,'Player Database'!$B$2:$B252,'Player Database'!$F$2:$F252)} -> #N/A | D13: =IFERROR(__xludf.DUMMYFUNCTION("""COMPUTED_VALUE"""),1.0) -> 1 | F13: {=XLOOKUP($E13,'Player Database'!$B$2:$B252,'Player Database'!$K$2:$K252)} -> #N/A | G13: {=XLOOKUP($E13,'Player Database'!$B$2:$B252,'Player Database'!$AE$2:$AE252)} -> #N/A | H13: {=XLOOKUP($E13,'Player Database'!$B$2:$B252,'Player Database'!$H$2:$H252)} -> #N/A | I13: {=XLOOKUP($E13,'Player Database'!$B$2:$B252,'Player Database'!$O$2:$O252)} -> #N/A | J13: {=XLOOKUP($E13,'Player Database'!$B$2:$B252,'Player Database'!$P$2:$P252)} -> #N/A | K13: {=XLOOKUP($E13,'Player Database'!$B$2:$B252,'Player Database'!$U$2:$U252)} -> #N/A | L13: {=XLOOKUP($E13,'Player Database'!$B$2:$B252,'Player Database'!$W$2:$W252)} -> #N/A | M13: =CONCATENATE(O13," - ",P13) -> 0 - 0 | N13: {=IF(XLOOKUP($E13,'Player Database'!$B$2:$B252,'Player Database'!$AA$2:$AA252)="",XLOOKUP($E13,'Player Database'!$B$2:$B252,'Player Database'!$G$2:$G252),XLOOKUP($E13,'Player Database'!$B$2:$B252,'Player Database'!$AA$2:$AA252))} -> #N/A | O13: =COUNTIFs(Matches!$B:$B,E13,Matches!$A:$A,">"&Q13,Matches!$A:$A,"<"&R13) -> 0 | P13: =COUNTIFs(Matches!$C:$C,E13,Matches!$A:$A,">"&Q13,Matches!$A:$A,"<"&R13) -> 0 | Q13: =VLOOKUP($C$2,Quotas!$A$7:$E$14,2,FALSE) -> 46171.708 | R13: =VLOOKUP($C$2,Quotas!$A$7:$E$14,3,FALSE) -> 46178.708
A14: {=XLOOKUP($E14,'Player Database'!$B$2:$B252,'Player Database'!$C$2:$C252)} -> #N/A | B14: {=XLOOKUP($E14,'Player Database'!$B$2:$B252,'Player Database'!$E$2:$E252)} -> #N/A | C14: {=XLOOKUP($E14,'Player Database'!$B$2:$B252,'Player Database'!$F$2:$F252)} -> #N/A | D14: =IFERROR(__xludf.DUMMYFUNCTION("""COMPUTED_VALUE"""),1.0) -> 1 | F14: {=XLOOKUP($E14,'Player Database'!$B$2:$B252,'Player Database'!$K$2:$K252)} -> #N/A | G14: {=XLOOKUP($E14,'Player Database'!$B$2:$B252,'Player Database'!$AE$2:$AE252)} -> #N/A | H14: {=XLOOKUP($E14,'Player Database'!$B$2:$B252,'Player Database'!$H$2:$H252)} -> #N/A | I14: {=XLOOKUP($E14,'Player Database'!$B$2:$B252,'Player Database'!$O$2:$O252)} -> #N/A | J14: {=XLOOKUP($E14,'Player Database'!$B$2:$B252,'Player Database'!$P$2:$P252)} -> #N/A | K14: {=XLOOKUP($E14,'Player Database'!$B$2:$B252,'Player Database'!$U$2:$U252)} -> #N/A | L14: {=XLOOKUP($E14,'Player Database'!$B$2:$B252,'Player Database'!$W$2:$W252)} -> #N/A | M14: =CONCATENATE(O14," - ",P14) -> 0 - 0 | N14: {=IF(XLOOKUP($E14,'Player Database'!$B$2:$B252,'Player Database'!$AA$2:$AA252)="",XLOOKUP($E14,'Player Database'!$B$2:$B252,'Player Database'!$G$2:$G252),XLOOKUP($E14,'Player Database'!$B$2:$B252,'Player Database'!$AA$2:$AA252))} -> #N/A | O14: =COUNTIFs(Matches!$B:$B,E14,Matches!$A:$A,">"&Q14,Matches!$A:$A,"<"&R14) -> 0 | P14: =COUNTIFs(Matches!$C:$C,E14,Matches!$A:$A,">"&Q14,Matches!$A:$A,"<"&R14) -> 0 | Q14: =VLOOKUP($C$2,Quotas!$A$7:$E$14,2,FALSE) -> 46171.708 | R14: =VLOOKUP($C$2,Quotas!$A$7:$E$14,3,FALSE) -> 46178.708
A15: {=XLOOKUP($E15,'Player Database'!$B$2:$B252,'Player Database'!$C$2:$C252)} -> #N/A | B15: {=XLOOKUP($E15,'Player Database'!$B$2:$B252,'Player Database'!$E$2:$E252)} -> #N/A | C15: {=XLOOKUP($E15,'Player Database'!$B$2:$B252,'Player Database'!$F$2:$F252)} -> #N/A | D15: =IFERROR(__xludf.DUMMYFUNCTION("""COMPUTED_VALUE"""),1.0) -> 1 | F15: {=XLOOKUP($E15,'Player Database'!$B$2:$B252,'Player Database'!$K$2:$K252)} -> #N/A | G15: {=XLOOKUP($E15,'Player Database'!$B$2:$B252,'Player Database'!$AE$2:$AE252)} -> #N/A | H15: {=XLOOKUP($E15,'Player Database'!$B$2:$B252,'Player Database'!$H$2:$H252)} -> #N/A | I15: {=XLOOKUP($E15,'Player Database'!$B$2:$B252,'Player Database'!$O$2:$O252)} -> #N/A | J15: {=XLOOKUP($E15,'Player Database'!$B$2:$B252,'Player Database'!$P$2:$P252)} -> #N/A | K15: {=XLOOKUP($E15,'Player Database'!$B$2:$B252,'Player Database'!$U$2:$U252)} -> #N/A | L15: {=XLOOKUP($E15,'Player Database'!$B$2:$B252,'Player Database'!$W$2:$W252)} -> #N/A | M15: =CONCATENATE(O15," - ",P15) -> 0 - 0 | N15: {=IF(XLOOKUP($E15,'Player Database'!$B$2:$B252,'Player Database'!$AA$2:$AA252)="",XLOOKUP($E15,'Player Database'!$B$2:$B252,'Player Database'!$G$2:$G252),XLOOKUP($E15,'Player Database'!$B$2:$B252,'Player Database'!$AA$2:$AA252))} -> #N/A | O15: =COUNTIFs(Matches!$B:$B,E15,Matches!$A:$A,">"&Q15,Matches!$A:$A,"<"&R15) -> 0 | P15: =COUNTIFs(Matches!$C:$C,E15,Matches!$A:$A,">"&Q15,Matches!$A:$A,"<"&R15) -> 0 | Q15: =VLOOKUP($C$2,Quotas!$A$7:$E$14,2,FALSE) -> 46171.708 | R15: =VLOOKUP($C$2,Quotas!$A$7:$E$14,3,FALSE) -> 46178.708
A16: {=XLOOKUP($E16,'Player Database'!$B$2:$B252,'Player Database'!$C$2:$C252)} -> #N/A | B16: {=XLOOKUP($E16,'Player Database'!$B$2:$B252,'Player Database'!$E$2:$E252)} -> #N/A | C16: {=XLOOKUP($E16,'Player Database'!$B$2:$B252,'Player Database'!$F$2:$F252)} -> #N/A | D16: =IFERROR(__xludf.DUMMYFUNCTION("""COMPUTED_VALUE"""),1.0) -> 1 | F16: {=XLOOKUP($E16,'Player Database'!$B$2:$B252,'Player Database'!$K$2:$K252)} -> #N/A | G16: {=XLOOKUP($E16,'Player Database'!$B$2:$B252,'Player Database'!$AE$2:$AE252)} -> #N/A | H16: {=XLOOKUP($E16,'Player Database'!$B$2:$B252,'Player Database'!$H$2:$H252)} -> #N/A | I16: {=XLOOKUP($E16,'Player Database'!$B$2:$B252,'Player Database'!$O$2:$O252)} -> #N/A | J16: {=XLOOKUP($E16,'Player Database'!$B$2:$B252,'Player Database'!$P$2:$P252)} -> #N/A | K16: {=XLOOKUP($E16,'Player Database'!$B$2:$B252,'Player Database'!$U$2:$U252)} -> #N/A | L16: {=XLOOKUP($E16,'Player Database'!$B$2:$B252,'Player Database'!$W$2:$W252)} -> #N/A | M16: =CONCATENATE(O16," - ",P16) -> 0 - 0 | N16: {=IF(XLOOKUP($E16,'Player Database'!$B$2:$B252,'Player Database'!$AA$2:$AA252)="",XLOOKUP($E16,'Player Database'!$B$2:$B252,'Player Database'!$G$2:$G252),XLOOKUP($E16,'Player Database'!$B$2:$B252,'Player Database'!$AA$2:$AA252))} -> #N/A | O16: =COUNTIFs(Matches!$B:$B,E16,Matches!$A:$A,">"&Q16,Matches!$A:$A,"<"&R16) -> 0 | P16: =COUNTIFs(Matches!$C:$C,E16,Matches!$A:$A,">"&Q16,Matches!$A:$A,"<"&R16) -> 0 | Q16: =VLOOKUP($C$2,Quotas!$A$7:$E$14,2,FALSE) -> 46171.708 | R16: =VLOOKUP($C$2,Quotas!$A$7:$E$14,3,FALSE) -> 46178.708
A17: {=XLOOKUP($E17,'Player Database'!$B$2:$B252,'Player Database'!$C$2:$C252)} -> #N/A | B17: {=XLOOKUP($E17,'Player Database'!$B$2:$B252,'Player Database'!$E$2:$E252)} -> #N/A | C17: {=XLOOKUP($E17,'Player Database'!$B$2:$B252,'Player Database'!$F$2:$F252)} -> #N/A | D17: =IFERROR(__xludf.DUMMYFUNCTION("""COMPUTED_VALUE"""),1.0) -> 1 | F17: {=XLOOKUP($E17,'Player Database'!$B$2:$B252,'Player Database'!$K$2:$K252)} -> #N/A | G17: {=XLOOKUP($E17,'Player Database'!$B$2:$B252,'Player Database'!$AE$2:$AE252)} -> #N/A | H17: {=XLOOKUP($E17,'Player Database'!$B$2:$B252,'Player Database'!$H$2:$H252)} -> #N/A | I17: {=XLOOKUP($E17,'Player Database'!$B$2:$B252,'Player Database'!$O$2:$O252)} -> #N/A | J17: {=XLOOKUP($E17,'Player Database'!$B$2:$B252,'Player Database'!$P$2:$P252)} -> #N/A | K17: {=XLOOKUP($E17,'Player Database'!$B$2:$B252,'Player Database'!$U$2:$U252)} -> #N/A | L17: {=XLOOKUP($E17,'Player Database'!$B$2:$B252,'Player Database'!$W$2:$W252)} -> #N/A | M17: =CONCATENATE(O17," - ",P17) -> 0 - 0 | N17: {=IF(XLOOKUP($E17,'Player Database'!$B$2:$B252,'Player Database'!$AA$2:$AA252)="",XLOOKUP($E17,'Player Database'!$B$2:$B252,'Player Database'!$G$2:$G252),XLOOKUP($E17,'Player Database'!$B$2:$B252,'Player Database'!$AA$2:$AA252))} -> #N/A | O17: =COUNTIFs(Matches!$B:$B,E17,Matches!$A:$A,">"&Q17,Matches!$A:$A,"<"&R17) -> 0 | P17: =COUNTIFs(Matches!$C:$C,E17,Matches!$A:$A,">"&Q17,Matches!$A:$A,"<"&R17) -> 0 | Q17: =VLOOKUP($C$2,Quotas!$A$7:$E$14,2,FALSE) -> 46171.708 | R17: =VLOOKUP($C$2,Quotas!$A$7:$E$14,3,FALSE) -> 46178.708
A18: {=XLOOKUP($E18,'Player Database'!$B$2:$B252,'Player Database'!$C$2:$C252)} -> #N/A | B18: {=XLOOKUP($E18,'Player Database'!$B$2:$B252,'Player Database'!$E$2:$E252)} -> #N/A | C18: {=XLOOKUP($E18,'Player Database'!$B$2:$B252,'Player Database'!$F$2:$F252)} -> #N/A | D18: =IFERROR(__xludf.DUMMYFUNCTION("""COMPUTED_VALUE"""),1.0) -> 1 | F18: {=XLOOKUP($E18,'Player Database'!$B$2:$B252,'Player Database'!$K$2:$K252)} -> #N/A | G18: {=XLOOKUP($E18,'Player Database'!$B$2:$B252,'Player Database'!$AE$2:$AE252)} -> #N/A | H18: {=XLOOKUP($E18,'Player Database'!$B$2:$B252,'Player Database'!$H$2:$H252)} -> #N/A | I18: {=XLOOKUP($E18,'Player Database'!$B$2:$B252,'Player Database'!$O$2:$O252)} -> #N/A | J18: {=XLOOKUP($E18,'Player Database'!$B$2:$B252,'Player Database'!$P$2:$P252)} -> #N/A | K18: {=XLOOKUP($E18,'Player Database'!$B$2:$B252,'Player Database'!$U$2:$U252)} -> #N/A | L18: {=XLOOKUP($E18,'Player Database'!$B$2:$B252,'Player Database'!$W$2:$W252)} -> #N/A | M18: =CONCATENATE(O18," - ",P18) -> 0 - 0 | N18: {=IF(XLOOKUP($E18,'Player Database'!$B$2:$B252,'Player Database'!$AA$2:$AA252)="",XLOOKUP($E18,'Player Database'!$B$2:$B252,'Player Database'!$G$2:$G252),XLOOKUP($E18,'Player Database'!$B$2:$B252,'Player Database'!$AA$2:$AA252))} -> #N/A | O18: =COUNTIFs(Matches!$B:$B,E18,Matches!$A:$A,">"&Q18,Matches!$A:$A,"<"&R18) -> 0 | P18: =COUNTIFs(Matches!$C:$C,E18,Matches!$A:$A,">"&Q18,Matches!$A:$A,"<"&R18) -> 0 | Q18: =VLOOKUP($C$2,Quotas!$A$7:$E$14,2,FALSE) -> 46171.708 | R18: =VLOOKUP($C$2,Quotas!$A$7:$E$14,3,FALSE) -> 46178.708
A19: {=XLOOKUP($E19,'Player Database'!$B$2:$B252,'Player Database'!$C$2:$C252)} -> #N/A | B19: {=XLOOKUP($E19,'Player Database'!$B$2:$B252,'Player Database'!$E$2:$E252)} -> #N/A | C19: {=XLOOKUP($E19,'Player Database'!$B$2:$B252,'Player Database'!$F$2:$F252)} -> #N/A | D19: =IFERROR(__xludf.DUMMYFUNCTION("""COMPUTED_VALUE"""),1.0) -> 1 | F19: {=XLOOKUP($E19,'Player Database'!$B$2:$B252,'Player Database'!$K$2:$K252)} -> #N/A | G19: {=XLOOKUP($E19,'Player Database'!$B$2:$B252,'Player Database'!$AE$2:$AE252)} -> #N/A | H19: {=XLOOKUP($E19,'Player Database'!$B$2:$B252,'Player Database'!$H$2:$H252)} -> #N/A | I19: {=XLOOKUP($E19,'Player Database'!$B$2:$B252,'Player Database'!$O$2:$O252)} -> #N/A | J19: {=XLOOKUP($E19,'Player Database'!$B$2:$B252,'Player Database'!$P$2:$P252)} -> #N/A | K19: {=XLOOKUP($E19,'Player Database'!$B$2:$B252,'Player Database'!$U$2:$U252)} -> #N/A | L19: {=XLOOKUP($E19,'Player Database'!$B$2:$B252,'Player Database'!$W$2:$W252)} -> #N/A | M19: =CONCATENATE(O19," - ",P19) -> 0 - 0 | N19: {=IF(XLOOKUP($E19,'Player Database'!$B$2:$B252,'Player Database'!$AA$2:$AA252)="",XLOOKUP($E19,'Player Database'!$B$2:$B252,'Player Database'!$G$2:$G252),XLOOKUP($E19,'Player Database'!$B$2:$B252,'Player Database'!$AA$2:$AA252))} -> #N/A | O19: =COUNTIFs(Matches!$B:$B,E19,Matches!$A:$A,">"&Q19,Matches!$A:$A,"<"&R19) -> 0 | P19: =COUNTIFs(Matches!$C:$C,E19,Matches!$A:$A,">"&Q19,Matches!$A:$A,"<"&R19) -> 0 | Q19: =VLOOKUP($C$2,Quotas!$A$7:$E$14,2,FALSE) -> 46171.708 | R19: =VLOOKUP($C$2,Quotas!$A$7:$E$14,3,FALSE) -> 46178.708
A20: {=XLOOKUP($E20,'Player Database'!$B$2:$B252,'Player Database'!$C$2:$C252)} -> #N/A | B20: {=XLOOKUP($E20,'Player Database'!$B$2:$B252,'Player Database'!$E$2:$E252)} -> #N/A | C20: {=XLOOKUP($E20,'Player Database'!$B$2:$B252,'Player Database'!$F$2:$F252)} -> #N/A | D20: =IFERROR(__xludf.DUMMYFUNCTION("""COMPUTED_VALUE"""),1.0) -> 1 | F20: {=XLOOKUP($E20,'Player Database'!$B$2:$B252,'Player Database'!$K$2:$K252)} -> #N/A | G20: {=XLOOKUP($E20,'Player Database'!$B$2:$B252,'Player Database'!$AE$2:$AE252)} -> #N/A | H20: {=XLOOKUP($E20,'Player Database'!$B$2:$B252,'Player Database'!$H$2:$H252)} -> #N/A | I20: {=XLOOKUP($E20,'Player Database'!$B$2:$B252,'Player Database'!$O$2:$O252)} -> #N/A | J20: {=XLOOKUP($E20,'Player Database'!$B$2:$B252,'Player Database'!$P$2:$P252)} -> #N/A | K20: {=XLOOKUP($E20,'Player Database'!$B$2:$B252,'Player Database'!$U$2:$U252)} -> #N/A | L20: {=XLOOKUP($E20,'Player Database'!$B$2:$B252,'Player Database'!$W$2:$W252)} -> #N/A | M20: =CONCATENATE(O20," - ",P20) -> 0 - 0 | N20: {=IF(XLOOKUP($E20,'Player Database'!$B$2:$B252,'Player Database'!$AA$2:$AA252)="",XLOOKUP($E20,'Player Database'!$B$2:$B252,'Player Database'!$G$2:$G252),XLOOKUP($E20,'Player Database'!$B$2:$B252,'Player Database'!$AA$2:$AA252))} -> #N/A | O20: =COUNTIFs(Matches!$B:$B,E20,Matches!$A:$A,">"&Q20,Matches!$A:$A,"<"&R20) -> 0 | P20: =COUNTIFs(Matches!$C:$C,E20,Matches!$A:$A,">"&Q20,Matches!$A:$A,"<"&R20) -> 0 | Q20: =VLOOKUP($C$2,Quotas!$A$7:$E$14,2,FALSE) -> 46171.708 | R20: =VLOOKUP($C$2,Quotas!$A$7:$E$14,3,FALSE) -> 46178.708
A21: {=XLOOKUP($E21,'Player Database'!$B$2:$B252,'Player Database'!$C$2:$C252)} -> #N/A | B21: {=XLOOKUP($E21,'Player Database'!$B$2:$B252,'Player Database'!$E$2:$E252)} -> #N/A | C21: {=XLOOKUP($E21,'Player Database'!$B$2:$B252,'Player Database'!$F$2:$F252)} -> #N/A | D21: =IFERROR(__xludf.DUMMYFUNCTION("""COMPUTED_VALUE"""),1.0) -> 1 | F21: {=XLOOKUP($E21,'Player Database'!$B$2:$B252,'Player Database'!$K$2:$K252)} -> #N/A | G21: {=XLOOKUP($E21,'Player Database'!$B$2:$B252,'Player Database'!$AE$2:$AE252)} -> #N/A | H21: {=XLOOKUP($E21,'Player Database'!$B$2:$B252,'Player Database'!$H$2:$H252)} -> #N/A | I21: {=XLOOKUP($E21,'Player Database'!$B$2:$B252,'Player Database'!$O$2:$O252)} -> #N/A | J21: {=XLOOKUP($E21,'Player Database'!$B$2:$B252,'Player Database'!$P$2:$P252)} -> #N/A | K21: {=XLOOKUP($E21,'Player Database'!$B$2:$B252,'Player Database'!$U$2:$U252)} -> #N/A | L21: {=XLOOKUP($E21,'Player Database'!$B$2:$B252,'Player Database'!$W$2:$W252)} -> #N/A | M21: =CONCATENATE(O21," - ",P21) -> 0 - 0 | N21: {=IF(XLOOKUP($E21,'Player Database'!$B$2:$B252,'Player Database'!$AA$2:$AA252)="",XLOOKUP($E21,'Player Database'!$B$2:$B252,'Player Database'!$G$2:$G252),XLOOKUP($E21,'Player Database'!$B$2:$B252,'Player Database'!$AA$2:$AA252))} -> #N/A | O21: =COUNTIFs(Matches!$B:$B,E21,Matches!$A:$A,">"&Q21,Matches!$A:$A,"<"&R21) -> 0 | P21: =COUNTIFs(Matches!$C:$C,E21,Matches!$A:$A,">"&Q21,Matches!$A:$A,"<"&R21) -> 0 | Q21: =VLOOKUP($C$2,Quotas!$A$7:$E$14,2,FALSE) -> 46171.708 | R21: =VLOOKUP($C$2,Quotas!$A$7:$E$14,3,FALSE) -> 46178.708
A22: {=XLOOKUP($E22,'Player Database'!$B$2:$B252,'Player Database'!$C$2:$C252)} -> #N/A | B22: {=XLOOKUP($E22,'Player Database'!$B$2:$B252,'Player Database'!$E$2:$E252)} -> #N/A | C22: {=XLOOKUP($E22,'Player Database'!$B$2:$B252,'Player Database'!$F$2:$F252)} -> #N/A | D22: =IFERROR(__xludf.DUMMYFUNCTION("""COMPUTED_VALUE"""),1.0) -> 1 | F22: {=XLOOKUP($E22,'Player Database'!$B$2:$B252,'Player Database'!$K$2:$K252)} -> #N/A | G22: {=XLOOKUP($E22,'Player Database'!$B$2:$B252,'Player Database'!$AE$2:$AE252)} -> #N/A | H22: {=XLOOKUP($E22,'Player Database'!$B$2:$B252,'Player Database'!$H$2:$H252)} -> #N/A | I22: {=XLOOKUP($E22,'Player Database'!$B$2:$B252,'Player Database'!$O$2:$O252)} -> #N/A | J22: {=XLOOKUP($E22,'Player Database'!$B$2:$B252,'Player Database'!$P$2:$P252)} -> #N/A | K22: {=XLOOKUP($E22,'Player Database'!$B$2:$B252,'Player Database'!$U$2:$U252)} -> #N/A | L22: {=XLOOKUP($E22,'Player Database'!$B$2:$B252,'Player Database'!$W$2:$W252)} -> #N/A | M22: =CONCATENATE(O22," - ",P22) -> 0 - 0 | N22: {=IF(XLOOKUP($E22,'Player Database'!$B$2:$B252,'Player Database'!$AA$2:$AA252)="",XLOOKUP($E22,'Player Database'!$B$2:$B252,'Player Database'!$G$2:$G252),XLOOKUP($E22,'Player Database'!$B$2:$B252,'Player Database'!$AA$2:$AA252))} -> #N/A | O22: =COUNTIFs(Matches!$B:$B,E22,Matches!$A:$A,">"&Q22,Matches!$A:$A,"<"&R22) -> 0 | P22: =COUNTIFs(Matches!$C:$C,E22,Matches!$A:$A,">"&Q22,Matches!$A:$A,"<"&R22) -> 0 | Q22: =VLOOKUP($C$2,Quotas!$A$7:$E$14,2,FALSE) -> 46171.708 | R22: =VLOOKUP($C$2,Quotas!$A$7:$E$14,3,FALSE) -> 46178.708
A23: {=XLOOKUP($E23,'Player Database'!$B$2:$B252,'Player Database'!$C$2:$C252)} -> #N/A | B23: {=XLOOKUP($E23,'Player Database'!$B$2:$B252,'Player Database'!$E$2:$E252)} -> #N/A | C23: {=XLOOKUP($E23,'Player Database'!$B$2:$B252,'Player Database'!$F$2:$F252)} -> #N/A | D23: =IFERROR(__xludf.DUMMYFUNCTION("""COMPUTED_VALUE"""),1.0) -> 1 | F23: {=XLOOKUP($E23,'Player Database'!$B$2:$B252,'Player Database'!$K$2:$K252)} -> #N/A | G23: {=XLOOKUP($E23,'Player Database'!$B$2:$B252,'Player Database'!$AE$2:$AE252)} -> #N/A | H23: {=XLOOKUP($E23,'Player Database'!$B$2:$B252,'Player Database'!$H$2:$H252)} -> #N/A | I23: {=XLOOKUP($E23,'Player Database'!$B$2:$B252,'Player Database'!$O$2:$O252)} -> #N/A | J23: {=XLOOKUP($E23,'Player Database'!$B$2:$B252,'Player Database'!$P$2:$P252)} -> #N/A | K23: {=XLOOKUP($E23,'Player Database'!$B$2:$B252,'Player Database'!$U$2:$U252)} -> #N/A | L23: {=XLOOKUP($E23,'Player Database'!$B$2:$B252,'Player Database'!$W$2:$W252)} -> #N/A | M23: =CONCATENATE(O23," - ",P23) -> 0 - 0 | N23: {=IF(XLOOKUP($E23,'Player Database'!$B$2:$B252,'Player Database'!$AA$2:$AA252)="",XLOOKUP($E23,'Player Database'!$B$2:$B252,'Player Database'!$G$2:$G252),XLOOKUP($E23,'Player Database'!$B$2:$B252,'Player Database'!$AA$2:$AA252))} -> #N/A | O23: =COUNTIFs(Matches!$B:$B,E23,Matches!$A:$A,">"&Q23,Matches!$A:$A,"<"&R23) -> 0 | P23: =COUNTIFs(Matches!$C:$C,E23,Matches!$A:$A,">"&Q23,Matches!$A:$A,"<"&R23) -> 0 | Q23: =VLOOKUP($C$2,Quotas!$A$7:$E$14,2,FALSE) -> 46171.708 | R23: =VLOOKUP($C$2,Quotas!$A$7:$E$14,3,FALSE) -> 46178.708
A24: {=XLOOKUP($E24,'Player Database'!$B$2:$B252,'Player Database'!$C$2:$C252)} -> #N/A | B24: {=XLOOKUP($E24,'Player Database'!$B$2:$B252,'Player Database'!$E$2:$E252)} -> #N/A | C24: {=XLOOKUP($E24,'Player Database'!$B$2:$B252,'Player Database'!$F$2:$F252)} -> #N/A | D24: =IFERROR(__xludf.DUMMYFUNCTION("""COMPUTED_VALUE"""),1.0) -> 1 | F24: {=XLOOKUP($E24,'Player Database'!$B$2:$B252,'Player Database'!$K$2:$K252)} -> #N/A | G24: {=XLOOKUP($E24,'Player Database'!$B$2:$B252,'Player Database'!$AE$2:$AE252)} -> #N/A | H24: {=XLOOKUP($E24,'Player Database'!$B$2:$B252,'Player Database'!$H$2:$H252)} -> #N/A | I24: {=XLOOKUP($E24,'Player Database'!$B$2:$B252,'Player Database'!$O$2:$O252)} -> #N/A | J24: {=XLOOKUP($E24,'Player Database'!$B$2:$B252,'Player Database'!$P$2:$P252)} -> #N/A | K24: {=XLOOKUP($E24,'Player Database'!$B$2:$B252,'Player Database'!$U$2:$U252)} -> #N/A | L24: {=XLOOKUP($E24,'Player Database'!$B$2:$B252,'Player Database'!$W$2:$W252)} -> #N/A | M24: =CONCATENATE(O24," - ",P24) -> 0 - 0 | N24: {=IF(XLOOKUP($E24,'Player Database'!$B$2:$B252,'Player Database'!$AA$2:$AA252)="",XLOOKUP($E24,'Player Database'!$B$2:$B252,'Player Database'!$G$2:$G252),XLOOKUP($E24,'Player Database'!$B$2:$B252,'Player Database'!$AA$2:$AA252))} -> #N/A | O24: =COUNTIFs(Matches!$B:$B,E24,Matches!$A:$A,">"&Q24,Matches!$A:$A,"<"&R24) -> 0 | P24: =COUNTIFs(Matches!$C:$C,E24,Matches!$A:$A,">"&Q24,Matches!$A:$A,"<"&R24) -> 0 | Q24: =VLOOKUP($C$2,Quotas!$A$7:$E$14,2,FALSE) -> 46171.708 | R24: =VLOOKUP($C$2,Quotas!$A$7:$E$14,3,FALSE) -> 46178.708
A25: {=XLOOKUP($E25,'Player Database'!$B$2:$B252,'Player Database'!$C$2:$C252)} -> #N/A | B25: {=XLOOKUP($E25,'Player Database'!$B$2:$B252,'Player Database'!$E$2:$E252)} -> #N/A | C25: {=XLOOKUP($E25,'Player Database'!$B$2:$B252,'Player Database'!$F$2:$F252)} -> #N/A | D25: =IFERROR(__xludf.DUMMYFUNCTION("""COMPUTED_VALUE"""),1.0) -> 1 | F25: {=XLOOKUP($E25,'Player Database'!$B$2:$B252,'Player Database'!$K$2:$K252)} -> #N/A | G25: {=XLOOKUP($E25,'Player Database'!$B$2:$B252,'Player Database'!$AE$2:$AE252)} -> #N/A | H25: {=XLOOKUP($E25,'Player Database'!$B$2:$B252,'Player Database'!$H$2:$H252)} -> #N/A | I25: {=XLOOKUP($E25,'Player Database'!$B$2:$B252,'Player Database'!$O$2:$O252)} -> #N/A | J25: {=XLOOKUP($E25,'Player Database'!$B$2:$B252,'Player Database'!$P$2:$P252)} -> #N/A | K25: {=XLOOKUP($E25,'Player Database'!$B$2:$B252,'Player Database'!$U$2:$U252)} -> #N/A | L25: {=XLOOKUP($E25,'Player Database'!$B$2:$B252,'Player Database'!$W$2:$W252)} -> #N/A | M25: =CONCATENATE(O25," - ",P25) -> 0 - 0 | N25: {=IF(XLOOKUP($E25,'Player Database'!$B$2:$B252,'Player Database'!$AA$2:$AA252)="",XLOOKUP($E25,'Player Database'!$B$2:$B252,'Player Database'!$G$2:$G252),XLOOKUP($E25,'Player Database'!$B$2:$B252,'Player Database'!$AA$2:$AA252))} -> #N/A | O25: =COUNTIFs(Matches!$B:$B,E25,Matches!$A:$A,">"&Q25,Matches!$A:$A,"<"&R25) -> 0 | P25: =COUNTIFs(Matches!$C:$C,E25,Matches!$A:$A,">"&Q25,Matches!$A:$A,"<"&R25) -> 0 | Q25: =VLOOKUP($C$2,Quotas!$A$7:$E$14,2,FALSE) -> 46171.708 | R25: =VLOOKUP($C$2,Quotas!$A$7:$E$14,3,FALSE) -> 46178.708
A26: {=XLOOKUP($E26,'Player Database'!$B$2:$B252,'Player Database'!$C$2:$C252)} -> #N/A | B26: {=XLOOKUP($E26,'Player Database'!$B$2:$B252,'Player Database'!$E$2:$E252)} -> #N/A | C26: {=XLOOKUP($E26,'Player Database'!$B$2:$B252,'Player Database'!$F$2:$F252)} -> #N/A | D26: =IFERROR(__xludf.DUMMYFUNCTION("""COMPUTED_VALUE"""),1.0) -> 1 | F26: {=XLOOKUP($E26,'Player Database'!$B$2:$B252,'Player Database'!$K$2:$K252)} -> #N/A | G26: {=XLOOKUP($E26,'Player Database'!$B$2:$B252,'Player Database'!$AE$2:$AE252)} -> #N/A | H26: {=XLOOKUP($E26,'Player Database'!$B$2:$B252,'Player Database'!$H$2:$H252)} -> #N/A | I26: {=XLOOKUP($E26,'Player Database'!$B$2:$B252,'Player Database'!$O$2:$O252)} -> #N/A | J26: {=XLOOKUP($E26,'Player Database'!$B$2:$B252,'Player Database'!$P$2:$P252)} -> #N/A | K26: {=XLOOKUP($E26,'Player Database'!$B$2:$B252,'Player Database'!$U$2:$U252)} -> #N/A | L26: {=XLOOKUP($E26,'Player Database'!$B$2:$B252,'Player Database'!$W$2:$W252)} -> #N/A | M26: =CONCATENATE(O26," - ",P26) -> 0 - 0 | N26: {=IF(XLOOKUP($E26,'Player Database'!$B$2:$B252,'Player Database'!$AA$2:$AA252)="",XLOOKUP($E26,'Player Database'!$B$2:$B252,'Player Database'!$G$2:$G252),XLOOKUP($E26,'Player Database'!$B$2:$B252,'Player Database'!$AA$2:$AA252))} -> #N/A | O26: =COUNTIFs(Matches!$B:$B,E26,Matches!$A:$A,">"&Q26,Matches!$A:$A,"<"&R26) -> 0 | P26: =COUNTIFs(Matches!$C:$C,E26,Matches!$A:$A,">"&Q26,Matches!$A:$A,"<"&R26) -> 0 | Q26: =VLOOKUP($C$2,Quotas!$A$7:$E$14,2,FALSE) -> 46171.708 | R26: =VLOOKUP($C$2,Quotas!$A$7:$E$14,3,FALSE) -> 46178.708
A27: {=XLOOKUP($E27,'Player Database'!$B$2:$B252,'Player Database'!$C$2:$C252)} -> #N/A | B27: {=XLOOKUP($E27,'Player Database'!$B$2:$B252,'Player Database'!$E$2:$E252)} -> #N/A | C27: {=XLOOKUP($E27,'Player Database'!$B$2:$B252,'Player Database'!$F$2:$F252)} -> #N/A | D27: =IFERROR(__xludf.DUMMYFUNCTION("""COMPUTED_VALUE"""),1.0) -> 1 | F27: {=XLOOKUP($E27,'Player Database'!$B$2:$B252,'Player Database'!$K$2:$K252)} -> #N/A | G27: {=XLOOKUP($E27,'Player Database'!$B$2:$B252,'Player Database'!$AE$2:$AE252)} -> #N/A | H27: {=XLOOKUP($E27,'Player Database'!$B$2:$B252,'Player Database'!$H$2:$H252)} -> #N/A | I27: {=XLOOKUP($E27,'Player Database'!$B$2:$B252,'Player Database'!$O$2:$O252)} -> #N/A | J27: {=XLOOKUP($E27,'Player Database'!$B$2:$B252,'Player Database'!$P$2:$P252)} -> #N/A | K27: {=XLOOKUP($E27,'Player Database'!$B$2:$B252,'Player Database'!$U$2:$U252)} -> #N/A | L27: {=XLOOKUP($E27,'Player Database'!$B$2:$B252,'Player Database'!$W$2:$W252)} -> #N/A | M27: =CONCATENATE(O27," - ",P27) -> 0 - 0 | N27: {=IF(XLOOKUP($E27,'Player Database'!$B$2:$B252,'Player Database'!$AA$2:$AA252)="",XLOOKUP($E27,'Player Database'!$B$2:$B252,'Player Database'!$G$2:$G252),XLOOKUP($E27,'Player Database'!$B$2:$B252,'Player Database'!$AA$2:$AA252))} -> #N/A | O27: =COUNTIFs(Matches!$B:$B,E27,Matches!$A:$A,">"&Q27,Matches!$A:$A,"<"&R27) -> 0 | P27: =COUNTIFs(Matches!$C:$C,E27,Matches!$A:$A,">"&Q27,Matches!$A:$A,"<"&R27) -> 0 | Q27: =VLOOKUP($C$2,Quotas!$A$7:$E$14,2,FALSE) -> 46171.708 | R27: =VLOOKUP($C$2,Quotas!$A$7:$E$14,3,FALSE) -> 46178.708
A28: {=XLOOKUP($E28,'Player Database'!$B$2:$B252,'Player Database'!$C$2:$C252)} -> #N/A | B28: {=XLOOKUP($E28,'Player Database'!$B$2:$B252,'Player Database'!$E$2:$E252)} -> #N/A | C28: {=XLOOKUP($E28,'Player Database'!$B$2:$B252,'Player Database'!$F$2:$F252)} -> #N/A | D28: =IFERROR(__xludf.DUMMYFUNCTION("""COMPUTED_VALUE"""),1.0) -> 1 | F28: {=XLOOKUP($E28,'Player Database'!$B$2:$B252,'Player Database'!$K$2:$K252)} -> #N/A | G28: {=XLOOKUP($E28,'Player Database'!$B$2:$B252,'Player Database'!$AE$2:$AE252)} -> #N/A | H28: {=XLOOKUP($E28,'Player Database'!$B$2:$B252,'Player Database'!$H$2:$H252)} -> #N/A | I28: {=XLOOKUP($E28,'Player Database'!$B$2:$B252,'Player Database'!$O$2:$O252)} -> #N/A | J28: {=XLOOKUP($E28,'Player Database'!$B$2:$B252,'Player Database'!$P$2:$P252)} -> #N/A | K28: {=XLOOKUP($E28,'Player Database'!$B$2:$B252,'Player Database'!$U$2:$U252)} -> #N/A | L28: {=XLOOKUP($E28,'Player Database'!$B$2:$B252,'Player Database'!$W$2:$W252)} -> #N/A | M28: =CONCATENATE(O28," - ",P28) -> 0 - 0 | N28: {=IF(XLOOKUP($E28,'Player Database'!$B$2:$B252,'Player Database'!$AA$2:$AA252)="",XLOOKUP($E28,'Player Database'!$B$2:$B252,'Player Database'!$G$2:$G252),XLOOKUP($E28,'Player Database'!$B$2:$B252,'Player Database'!$AA$2:$AA252))} -> #N/A | O28: =COUNTIFs(Matches!$B:$B,E28,Matches!$A:$A,">"&Q28,Matches!$A:$A,"<"&R28) -> 0 | P28: =COUNTIFs(Matches!$C:$C,E28,Matches!$A:$A,">"&Q28,Matches!$A:$A,"<"&R28) -> 0 | Q28: =VLOOKUP($C$2,Quotas!$A$7:$E$14,2,FALSE) -> 46171.708 | R28: =VLOOKUP($C$2,Quotas!$A$7:$E$14,3,FALSE) -> 46178.708
A29: {=XLOOKUP($E29,'Player Database'!$B$2:$B252,'Player Database'!$C$2:$C252)} -> #N/A | B29: {=XLOOKUP($E29,'Player Database'!$B$2:$B252,'Player Database'!$E$2:$E252)} -> #N/A | C29: {=XLOOKUP($E29,'Player Database'!$B$2:$B252,'Player Database'!$F$2:$F252)} -> #N/A | D29: =IFERROR(__xludf.DUMMYFUNCTION("""COMPUTED_VALUE"""),1.0) -> 1 | F29: {=XLOOKUP($E29,'Player Database'!$B$2:$B252,'Player Database'!$K$2:$K252)} -> #N/A | G29: {=XLOOKUP($E29,'Player Database'!$B$2:$B252,'Player Database'!$AE$2:$AE252)} -> #N/A | H29: {=XLOOKUP($E29,'Player Database'!$B$2:$B252,'Player Database'!$H$2:$H252)} -> #N/A | I29: {=XLOOKUP($E29,'Player Database'!$B$2:$B252,'Player Database'!$O$2:$O252)} -> #N/A | J29: {=XLOOKUP($E29,'Player Database'!$B$2:$B252,'Player Database'!$P$2:$P252)} -> #N/A | K29: {=XLOOKUP($E29,'Player Database'!$B$2:$B252,'Player Database'!$U$2:$U252)} -> #N/A | L29: {=XLOOKUP($E29,'Player Database'!$B$2:$B252,'Player Database'!$W$2:$W252)} -> #N/A | M29: =CONCATENATE(O29," - ",P29) -> 0 - 0 | N29: {=IF(XLOOKUP($E29,'Player Database'!$B$2:$B252,'Player Database'!$AA$2:$AA252)="",XLOOKUP($E29,'Player Database'!$B$2:$B252,'Player Database'!$G$2:$G252),XLOOKUP($E29,'Player Database'!$B$2:$B252,'Player Database'!$AA$2:$AA252))} -> #N/A | O29: =COUNTIFs(Matches!$B:$B,E29,Matches!$A:$A,">"&Q29,Matches!$A:$A,"<"&R29) -> 0 | P29: =COUNTIFs(Matches!$C:$C,E29,Matches!$A:$A,">"&Q29,Matches!$A:$A,"<"&R29) -> 0 | Q29: =VLOOKUP($C$2,Quotas!$A$7:$E$14,2,FALSE) -> 46171.708 | R29: =VLOOKUP($C$2,Quotas!$A$7:$E$14,3,FALSE) -> 46178.708
A30: {=XLOOKUP($E30,'Player Database'!$B$2:$B252,'Player Database'!$C$2:$C252)} -> #N/A | B30: {=XLOOKUP($E30,'Player Database'!$B$2:$B252,'Player Database'!$E$2:$E252)} -> #N/A | C30: {=XLOOKUP($E30,'Player Database'!$B$2:$B252,'Player Database'!$F$2:$F252)} -> #N/A | D30: =IFERROR(__xludf.DUMMYFUNCTION("""COMPUTED_VALUE"""),1.0) -> 1 | F30: {=XLOOKUP($E30,'Player Database'!$B$2:$B252,'Player Database'!$K$2:$K252)} -> #N/A | G30: {=XLOOKUP($E30,'Player Database'!$B$2:$B252,'Player Database'!$AE$2:$AE252)} -> #N/A | H30: {=XLOOKUP($E30,'Player Database'!$B$2:$B252,'Player Database'!$H$2:$H252)} -> #N/A | I30: {=XLOOKUP($E30,'Player Database'!$B$2:$B252,'Player Database'!$O$2:$O252)} -> #N/A | J30: {=XLOOKUP($E30,'Player Database'!$B$2:$B252,'Player Database'!$P$2:$P252)} -> #N/A | K30: {=XLOOKUP($E30,'Player Database'!$B$2:$B252,'Player Database'!$U$2:$U252)} -> #N/A | L30: {=XLOOKUP($E30,'Player Database'!$B$2:$B252,'Player Database'!$W$2:$W252)} -> #N/A | M30: =CONCATENATE(O30," - ",P30) -> 0 - 0 | N30: {=IF(XLOOKUP($E30,'Player Database'!$B$2:$B252,'Player Database'!$AA$2:$AA252)="",XLOOKUP($E30,'Player Database'!$B$2:$B252,'Player Database'!$G$2:$G252),XLOOKUP($E30,'Player Database'!$B$2:$B252,'Player Database'!$AA$2:$AA252))} -> #N/A | O30: =COUNTIFs(Matches!$B:$B,E30,Matches!$A:$A,">"&Q30,Matches!$A:$A,"<"&R30) -> 0 | P30: =COUNTIFs(Matches!$C:$C,E30,Matches!$A:$A,">"&Q30,Matches!$A:$A,"<"&R30) -> 0 | Q30: =VLOOKUP($C$2,Quotas!$A$7:$E$14,2,FALSE) -> 46171.708 | R30: =VLOOKUP($C$2,Quotas!$A$7:$E$14,3,FALSE) -> 46178.708
A31: {=XLOOKUP($E31,'Player Database'!$B$2:$B252,'Player Database'!$C$2:$C252)} -> #N/A | B31: {=XLOOKUP($E31,'Player Database'!$B$2:$B252,'Player Database'!$E$2:$E252)} -> #N/A | C31: {=XLOOKUP($E31,'Player Database'!$B$2:$B252,'Player Database'!$F$2:$F252)} -> #N/A | D31: =IFERROR(__xludf.DUMMYFUNCTION("""COMPUTED_VALUE"""),1.0) -> 1 | F31: {=XLOOKUP($E31,'Player Database'!$B$2:$B252,'Player Database'!$K$2:$K252)} -> #N/A | G31: {=XLOOKUP($E31,'Player Database'!$B$2:$B252,'Player Database'!$AE$2:$AE252)} -> #N/A | H31: {=XLOOKUP($E31,'Player Database'!$B$2:$B252,'Player Database'!$H$2:$H252)} -> #N/A | I31: {=XLOOKUP($E31,'Player Database'!$B$2:$B252,'Player Database'!$O$2:$O252)} -> #N/A | J31: {=XLOOKUP($E31,'Player Database'!$B$2:$B252,'Player Database'!$P$2:$P252)} -> #N/A | K31: {=XLOOKUP($E31,'Player Database'!$B$2:$B252,'Player Database'!$U$2:$U252)} -> #N/A | L31: {=XLOOKUP($E31,'Player Database'!$B$2:$B252,'Player Database'!$W$2:$W252)} -> #N/A | M31: =CONCATENATE(O31," - ",P31) -> 0 - 0 | N31: {=IF(XLOOKUP($E31,'Player Database'!$B$2:$B252,'Player Database'!$AA$2:$AA252)="",XLOOKUP($E31,'Player Database'!$B$2:$B252,'Player Database'!$G$2:$G252),XLOOKUP($E31,'Player Database'!$B$2:$B252,'Player Database'!$AA$2:$AA252))} -> #N/A | O31: =COUNTIFs(Matches!$B:$B,E31,Matches!$A:$A,">"&Q31,Matches!$A:$A,"<"&R31) -> 0 | P31: =COUNTIFs(Matches!$C:$C,E31,Matches!$A:$A,">"&Q31,Matches!$A:$A,"<"&R31) -> 0 | Q31: =VLOOKUP($C$2,Quotas!$A$7:$E$14,2,FALSE) -> 46171.708 | R31: =VLOOKUP($C$2,Quotas!$A$7:$E$14,3,FALSE) -> 46178.708
A32: {=XLOOKUP($E32,'Player Database'!$B$2:$B252,'Player Database'!$C$2:$C252)} -> #N/A | B32: {=XLOOKUP($E32,'Player Database'!$B$2:$B252,'Player Database'!$E$2:$E252)} -> #N/A | C32: {=XLOOKUP($E32,'Player Database'!$B$2:$B252,'Player Database'!$F$2:$F252)} -> #N/A | D32: =IFERROR(__xludf.DUMMYFUNCTION("""COMPUTED_VALUE"""),1.0) -> 1 | F32: {=XLOOKUP($E32,'Player Database'!$B$2:$B252,'Player Database'!$K$2:$K252)} -> #N/A | G32: {=XLOOKUP($E32,'Player Database'!$B$2:$B252,'Player Database'!$AE$2:$AE252)} -> #N/A | H32: {=XLOOKUP($E32,'Player Database'!$B$2:$B252,'Player Database'!$H$2:$H252)} -> #N/A | I32: {=XLOOKUP($E32,'Player Database'!$B$2:$B252,'Player Database'!$O$2:$O252)} -> #N/A | J32: {=XLOOKUP($E32,'Player Database'!$B$2:$B252,'Player Database'!$P$2:$P252)} -> #N/A | K32: {=XLOOKUP($E32,'Player Database'!$B$2:$B252,'Player Database'!$U$2:$U252)} -> #N/A | L32: {=XLOOKUP($E32,'Player Database'!$B$2:$B252,'Player Database'!$W$2:$W252)} -> #N/A | M32: =CONCATENATE(O32," - ",P32) -> 0 - 0 | N32: {=IF(XLOOKUP($E32,'Player Database'!$B$2:$B252,'Player Database'!$AA$2:$AA252)="",XLOOKUP($E32,'Player Database'!$B$2:$B252,'Player Database'!$G$2:$G252),XLOOKUP($E32,'Player Database'!$B$2:$B252,'Player Database'!$AA$2:$AA252))} -> #N/A | O32: =COUNTIFs(Matches!$B:$B,E32,Matches!$A:$A,">"&Q32,Matches!$A:$A,"<"&R32) -> 0 | P32: =COUNTIFs(Matches!$C:$C,E32,Matches!$A:$A,">"&Q32,Matches!$A:$A,"<"&R32) -> 0 | Q32: =VLOOKUP($C$2,Quotas!$A$7:$E$14,2,FALSE) -> 46171.708 | R32: =VLOOKUP($C$2,Quotas!$A$7:$E$14,3,FALSE) -> 46178.708
A33: {=XLOOKUP($E33,'Player Database'!$B$2:$B252,'Player Database'!$C$2:$C252)} -> #N/A | B33: {=XLOOKUP($E33,'Player Database'!$B$2:$B252,'Player Database'!$E$2:$E252)} -> #N/A | C33: {=XLOOKUP($E33,'Player Database'!$B$2:$B252,'Player Database'!$F$2:$F252)} -> #N/A | D33: =IFERROR(__xludf.DUMMYFUNCTION("""COMPUTED_VALUE"""),1.0) -> 1 | F33: {=XLOOKUP($E33,'Player Database'!$B$2:$B252,'Player Database'!$K$2:$K252)} -> #N/A | G33: {=XLOOKUP($E33,'Player Database'!$B$2:$B252,'Player Database'!$AE$2:$AE252)} -> #N/A | H33: {=XLOOKUP($E33,'Player Database'!$B$2:$B252,'Player Database'!$H$2:$H252)} -> #N/A | I33: {=XLOOKUP($E33,'Player Database'!$B$2:$B252,'Player Database'!$O$2:$O252)} -> #N/A | J33: {=XLOOKUP($E33,'Player Database'!$B$2:$B252,'Player Database'!$P$2:$P252)} -> #N/A | K33: {=XLOOKUP($E33,'Player Database'!$B$2:$B252,'Player Database'!$U$2:$U252)} -> #N/A | L33: {=XLOOKUP($E33,'Player Database'!$B$2:$B252,'Player Database'!$W$2:$W252)} -> #N/A | M33: =CONCATENATE(O33," - ",P33) -> 0 - 0 | N33: {=IF(XLOOKUP($E33,'Player Database'!$B$2:$B252,'Player Database'!$AA$2:$AA252)="",XLOOKUP($E33,'Player Database'!$B$2:$B252,'Player Database'!$G$2:$G252),XLOOKUP($E33,'Player Database'!$B$2:$B252,'Player Database'!$AA$2:$AA252))} -> #N/A | O33: =COUNTIFs(Matches!$B:$B,E33,Matches!$A:$A,">"&Q33,Matches!$A:$A,"<"&R33) -> 0 | P33: =COUNTIFs(Matches!$C:$C,E33,Matches!$A:$A,">"&Q33,Matches!$A:$A,"<"&R33) -> 0 | Q33: =VLOOKUP($C$2,Quotas!$A$7:$E$14,2,FALSE) -> 46171.708 | R33: =VLOOKUP($C$2,Quotas!$A$7:$E$14,3,FALSE) -> 46178.708
A34: {=XLOOKUP($E34,'Player Database'!$B$2:$B252,'Player Database'!$C$2:$C252)} -> #N/A | B34: {=XLOOKUP($E34,'Player Database'!$B$2:$B252,'Player Database'!$E$2:$E252)} -> #N/A | C34: {=XLOOKUP($E34,'Player Database'!$B$2:$B252,'Player Database'!$F$2:$F252)} -> #N/A | D34: =IFERROR(__xludf.DUMMYFUNCTION("""COMPUTED_VALUE"""),1.0) -> 1 | F34: {=XLOOKUP($E34,'Player Database'!$B$2:$B252,'Player Database'!$K$2:$K252)} -> #N/A | G34: {=XLOOKUP($E34,'Player Database'!$B$2:$B252,'Player Database'!$AE$2:$AE252)} -> #N/A | H34: {=XLOOKUP($E34,'Player Database'!$B$2:$B252,'Player Database'!$H$2:$H252)} -> #N/A | I34: {=XLOOKUP($E34,'Player Database'!$B$2:$B252,'Player Database'!$O$2:$O252)} -> #N/A | J34: {=XLOOKUP($E34,'Player Database'!$B$2:$B252,'Player Database'!$P$2:$P252)} -> #N/A | K34: {=XLOOKUP($E34,'Player Database'!$B$2:$B252,'Player Database'!$U$2:$U252)} -> #N/A | L34: {=XLOOKUP($E34,'Player Database'!$B$2:$B252,'Player Database'!$W$2:$W252)} -> #N/A | M34: =CONCATENATE(O34," - ",P34) -> 0 - 0 | N34: {=IF(XLOOKUP($E34,'Player Database'!$B$2:$B252,'Player Database'!$AA$2:$AA252)="",XLOOKUP($E34,'Player Database'!$B$2:$B252,'Player Database'!$G$2:$G252),XLOOKUP($E34,'Player Database'!$B$2:$B252,'Player Database'!$AA$2:$AA252))} -> #N/A | O34: =COUNTIFs(Matches!$B:$B,E34,Matches!$A:$A,">"&Q34,Matches!$A:$A,"<"&R34) -> 0 | P34: =COUNTIFs(Matches!$C:$C,E34,Matches!$A:$A,">"&Q34,Matches!$A:$A,"<"&R34) -> 0 | Q34: =VLOOKUP($C$2,Quotas!$A$7:$E$14,2,FALSE) -> 46171.708 | R34: =VLOOKUP($C$2,Quotas!$A$7:$E$14,3,FALSE) -> 46178.708
A35: {=XLOOKUP($E35,'Player Database'!$B$2:$B252,'Player Database'!$C$2:$C252)} -> #N/A | B35: {=XLOOKUP($E35,'Player Database'!$B$2:$B252,'Player Database'!$E$2:$E252)} -> #N/A | C35: {=XLOOKUP($E35,'Player Database'!$B$2:$B252,'Player Database'!$F$2:$F252)} -> #N/A | D35: =IFERROR(__xludf.DUMMYFUNCTION("""COMPUTED_VALUE"""),1.0) -> 1 | F35: {=XLOOKUP($E35,'Player Database'!$B$2:$B252,'Player Database'!$K$2:$K252)} -> #N/A | G35: {=XLOOKUP($E35,'Player Database'!$B$2:$B252,'Player Database'!$AE$2:$AE252)} -> #N/A | H35: {=XLOOKUP($E35,'Player Database'!$B$2:$B252,'Player Database'!$H$2:$H252)} -> #N/A | I35: {=XLOOKUP($E35,'Player Database'!$B$2:$B252,'Player Database'!$O$2:$O252)} -> #N/A | J35: {=XLOOKUP($E35,'Player Database'!$B$2:$B252,'Player Database'!$P$2:$P252)} -> #N/A | K35: {=XLOOKUP($E35,'Player Database'!$B$2:$B252,'Player Database'!$U$2:$U252)} -> #N/A | L35: {=XLOOKUP($E35,'Player Database'!$B$2:$B252,'Player Database'!$W$2:$W252)} -> #N/A | M35: =CONCATENATE(O35," - ",P35) -> 0 - 0 | N35: {=IF(XLOOKUP($E35,'Player Database'!$B$2:$B252,'Player Database'!$AA$2:$AA252)="",XLOOKUP($E35,'Player Database'!$B$2:$B252,'Player Database'!$G$2:$G252),XLOOKUP($E35,'Player Database'!$B$2:$B252,'Player Database'!$AA$2:$AA252))} -> #N/A | O35: =COUNTIFs(Matches!$B:$B,E35,Matches!$A:$A,">"&Q35,Matches!$A:$A,"<"&R35) -> 0 | P35: =COUNTIFs(Matches!$C:$C,E35,Matches!$A:$A,">"&Q35,Matches!$A:$A,"<"&R35) -> 0 | Q35: =VLOOKUP($C$2,Quotas!$A$7:$E$14,2,FALSE) -> 46171.708 | R35: =VLOOKUP($C$2,Quotas!$A$7:$E$14,3,FALSE) -> 46178.708
A36: {=XLOOKUP($E36,'Player Database'!$B$2:$B252,'Player Database'!$C$2:$C252)} -> #N/A | B36: {=XLOOKUP($E36,'Player Database'!$B$2:$B252,'Player Database'!$E$2:$E252)} -> #N/A | C36: {=XLOOKUP($E36,'Player Database'!$B$2:$B252,'Player Database'!$F$2:$F252)} -> #N/A | D36: =IFERROR(__xludf.DUMMYFUNCTION("""COMPUTED_VALUE"""),1.0) -> 1 | F36: {=XLOOKUP($E36,'Player Database'!$B$2:$B252,'Player Database'!$K$2:$K252)} -> #N/A | G36: {=XLOOKUP($E36,'Player Database'!$B$2:$B252,'Player Database'!$AE$2:$AE252)} -> #N/A | H36: {=XLOOKUP($E36,'Player Database'!$B$2:$B252,'Player Database'!$H$2:$H252)} -> #N/A | I36: {=XLOOKUP($E36,'Player Database'!$B$2:$B252,'Player Database'!$O$2:$O252)} -> #N/A | J36: {=XLOOKUP($E36,'Player Database'!$B$2:$B252,'Player Database'!$P$2:$P252)} -> #N/A | K36: {=XLOOKUP($E36,'Player Database'!$B$2:$B252,'Player Database'!$U$2:$U252)} -> #N/A | L36: {=XLOOKUP($E36,'Player Database'!$B$2:$B252,'Player Database'!$W$2:$W252)} -> #N/A | M36: =CONCATENATE(O36," - ",P36) -> 0 - 0 | N36: {=IF(XLOOKUP($E36,'Player Database'!$B$2:$B252,'Player Database'!$AA$2:$AA252)="",XLOOKUP($E36,'Player Database'!$B$2:$B252,'Player Database'!$G$2:$G252),XLOOKUP($E36,'Player Database'!$B$2:$B252,'Player Database'!$AA$2:$AA252))} -> #N/A | O36: =COUNTIFs(Matches!$B:$B,E36,Matches!$A:$A,">"&Q36,Matches!$A:$A,"<"&R36) -> 0 | P36: =COUNTIFs(Matches!$C:$C,E36,Matches!$A:$A,">"&Q36,Matches!$A:$A,"<"&R36) -> 0 | Q36: =VLOOKUP($C$2,Quotas!$A$7:$E$14,2,FALSE) -> 46171.708 | R36: =VLOOKUP($C$2,Quotas!$A$7:$E$14,3,FALSE) -> 46178.708
A37: {=XLOOKUP($E37,'Player Database'!$B$2:$B252,'Player Database'!$C$2:$C252)} -> #N/A | B37: {=XLOOKUP($E37,'Player Database'!$B$2:$B252,'Player Database'!$E$2:$E252)} -> #N/A | C37: {=XLOOKUP($E37,'Player Database'!$B$2:$B252,'Player Database'!$F$2:$F252)} -> #N/A | D37: =IFERROR(__xludf.DUMMYFUNCTION("""COMPUTED_VALUE"""),1.0) -> 1 | F37: {=XLOOKUP($E37,'Player Database'!$B$2:$B252,'Player Database'!$K$2:$K252)} -> #N/A | G37: {=XLOOKUP($E37,'Player Database'!$B$2:$B252,'Player Database'!$AE$2:$AE252)} -> #N/A | H37: {=XLOOKUP($E37,'Player Database'!$B$2:$B252,'Player Database'!$H$2:$H252)} -> #N/A | I37: {=XLOOKUP($E37,'Player Database'!$B$2:$B252,'Player Database'!$O$2:$O252)} -> #N/A | J37: {=XLOOKUP($E37,'Player Database'!$B$2:$B252,'Player Database'!$P$2:$P252)} -> #N/A | K37: {=XLOOKUP($E37,'Player Database'!$B$2:$B252,'Player Database'!$U$2:$U252)} -> #N/A | L37: {=XLOOKUP($E37,'Player Database'!$B$2:$B252,'Player Database'!$W$2:$W252)} -> #N/A | M37: =CONCATENATE(O37," - ",P37) -> 0 - 0 | N37: {=IF(XLOOKUP($E37,'Player Database'!$B$2:$B252,'Player Database'!$AA$2:$AA252)="",XLOOKUP($E37,'Player Database'!$B$2:$B252,'Player Database'!$G$2:$G252),XLOOKUP($E37,'Player Database'!$B$2:$B252,'Player Database'!$AA$2:$AA252))} -> #N/A | O37: =COUNTIFs(Matches!$B:$B,E37,Matches!$A:$A,">"&Q37,Matches!$A:$A,"<"&R37) -> 0 | P37: =COUNTIFs(Matches!$C:$C,E37,Matches!$A:$A,">"&Q37,Matches!$A:$A,"<"&R37) -> 0 | Q37: =VLOOKUP($C$2,Quotas!$A$7:$E$14,2,FALSE) -> 46171.708 | R37: =VLOOKUP($C$2,Quotas!$A$7:$E$14,3,FALSE) -> 46178.708
A38: {=XLOOKUP($E38,'Player Database'!$B$2:$B252,'Player Database'!$C$2:$C252)} -> #N/A | B38: {=XLOOKUP($E38,'Player Database'!$B$2:$B252,'Player Database'!$E$2:$E252)} -> #N/A | C38: {=XLOOKUP($E38,'Player Database'!$B$2:$B252,'Player Database'!$F$2:$F252)} -> #N/A | D38: =IFERROR(__xludf.DUMMYFUNCTION("""COMPUTED_VALUE"""),1.0) -> 1 | F38: {=XLOOKUP($E38,'Player Database'!$B$2:$B252,'Player Database'!$K$2:$K252)} -> #N/A | G38: {=XLOOKUP($E38,'Player Database'!$B$2:$B252,'Player Database'!$AE$2:$AE252)} -> #N/A | H38: {=XLOOKUP($E38,'Player Database'!$B$2:$B252,'Player Database'!$H$2:$H252)} -> #N/A | I38: {=XLOOKUP($E38,'Player Database'!$B$2:$B252,'Player Database'!$O$2:$O252)} -> #N/A | J38: {=XLOOKUP($E38,'Player Database'!$B$2:$B252,'Player Database'!$P$2:$P252)} -> #N/A | K38: {=XLOOKUP($E38,'Player Database'!$B$2:$B252,'Player Database'!$U$2:$U252)} -> #N/A | L38: {=XLOOKUP($E38,'Player Database'!$B$2:$B252,'Player Database'!$W$2:$W252)} -> #N/A | M38: =CONCATENATE(O38," - ",P38) -> 0 - 0 | N38: {=IF(XLOOKUP($E38,'Player Database'!$B$2:$B252,'Player Database'!$AA$2:$AA252)="",XLOOKUP($E38,'Player Database'!$B$2:$B252,'Player Database'!$G$2:$G252),XLOOKUP($E38,'Player Database'!$B$2:$B252,'Player Database'!$AA$2:$AA252))} -> #N/A | O38: =COUNTIFs(Matches!$B:$B,E38,Matches!$A:$A,">"&Q38,Matches!$A:$A,"<"&R38) -> 0 | P38: =COUNTIFs(Matches!$C:$C,E38,Matches!$A:$A,">"&Q38,Matches!$A:$A,"<"&R38) -> 0 | Q38: =VLOOKUP($C$2,Quotas!$A$7:$E$14,2,FALSE) -> 46171.708 | R38: =VLOOKUP($C$2,Quotas!$A$7:$E$14,3,FALSE) -> 46178.708
A39: {=XLOOKUP($E39,'Player Database'!$B$2:$B252,'Player Database'!$C$2:$C252)} -> #N/A | B39: {=XLOOKUP($E39,'Player Database'!$B$2:$B252,'Player Database'!$E$2:$E252)} -> #N/A | C39: {=XLOOKUP($E39,'Player Database'!$B$2:$B252,'Player Database'!$F$2:$F252)} -> #N/A | D39: =IFERROR(__xludf.DUMMYFUNCTION("""COMPUTED_VALUE"""),1.0) -> 1 | F39: {=XLOOKUP($E39,'Player Database'!$B$2:$B252,'Player Database'!$K$2:$K252)} -> #N/A | G39: {=XLOOKUP($E39,'Player Database'!$B$2:$B252,'Player Database'!$AE$2:$AE252)} -> #N/A | H39: {=XLOOKUP($E39,'Player Database'!$B$2:$B252,'Player Database'!$H$2:$H252)} -> #N/A | I39: {=XLOOKUP($E39,'Player Database'!$B$2:$B252,'Player Database'!$O$2:$O252)} -> #N/A | J39: {=XLOOKUP($E39,'Player Database'!$B$2:$B252,'Player Database'!$P$2:$P252)} -> #N/A | K39: {=XLOOKUP($E39,'Player Database'!$B$2:$B252,'Player Database'!$U$2:$U252)} -> #N/A | L39: {=XLOOKUP($E39,'Player Database'!$B$2:$B252,'Player Database'!$W$2:$W252)} -> #N/A | M39: =CONCATENATE(O39," - ",P39) -> 0 - 0 | N39: {=IF(XLOOKUP($E39,'Player Database'!$B$2:$B252,'Player Database'!$AA$2:$AA252)="",XLOOKUP($E39,'Player Database'!$B$2:$B252,'Player Database'!$G$2:$G252),XLOOKUP($E39,'Player Database'!$B$2:$B252,'Player Database'!$AA$2:$AA252))} -> #N/A | O39: =COUNTIFs(Matches!$B:$B,E39,Matches!$A:$A,">"&Q39,Matches!$A:$A,"<"&R39) -> 0 | P39: =COUNTIFs(Matches!$C:$C,E39,Matches!$A:$A,">"&Q39,Matches!$A:$A,"<"&R39) -> 0 | Q39: =VLOOKUP($C$2,Quotas!$A$7:$E$14,2,FALSE) -> 46171.708 | R39: =VLOOKUP($C$2,Quotas!$A$7:$E$14,3,FALSE) -> 46178.708
A40: {=XLOOKUP($E40,'Player Database'!$B$2:$B252,'Player Database'!$C$2:$C252)} -> #N/A | B40: {=XLOOKUP($E40,'Player Database'!$B$2:$B252,'Player Database'!$E$2:$E252)} -> #N/A | C40: {=XLOOKUP($E40,'Player Database'!$B$2:$B252,'Player Database'!$F$2:$F252)} -> #N/A | D40: =IFERROR(__xludf.DUMMYFUNCTION("""COMPUTED_VALUE"""),1.0) -> 1 | F40: {=XLOOKUP($E40,'Player Database'!$B$2:$B252,'Player Database'!$K$2:$K252)} -> #N/A | G40: {=XLOOKUP($E40,'Player Database'!$B$2:$B252,'Player Database'!$AE$2:$AE252)} -> #N/A | H40: {=XLOOKUP($E40,'Player Database'!$B$2:$B252,'Player Database'!$H$2:$H252)} -> #N/A | I40: {=XLOOKUP($E40,'Player Database'!$B$2:$B252,'Player Database'!$O$2:$O252)} -> #N/A | J40: {=XLOOKUP($E40,'Player Database'!$B$2:$B252,'Player Database'!$P$2:$P252)} -> #N/A | K40: {=XLOOKUP($E40,'Player Database'!$B$2:$B252,'Player Database'!$U$2:$U252)} -> #N/A | L40: {=XLOOKUP($E40,'Player Database'!$B$2:$B252,'Player Database'!$W$2:$W252)} -> #N/A | M40: =CONCATENATE(O40," - ",P40) -> 0 - 0 | N40: {=IF(XLOOKUP($E40,'Player Database'!$B$2:$B252,'Player Database'!$AA$2:$AA252)="",XLOOKUP($E40,'Player Database'!$B$2:$B252,'Player Database'!$G$2:$G252),XLOOKUP($E40,'Player Database'!$B$2:$B252,'Player Database'!$AA$2:$AA252))} -> #N/A | O40: =COUNTIFs(Matches!$B:$B,E40,Matches!$A:$A,">"&Q40,Matches!$A:$A,"<"&R40) -> 0 | P40: =COUNTIFs(Matches!$C:$C,E40,Matches!$A:$A,">"&Q40,Matches!$A:$A,"<"&R40) -> 0 | Q40: =VLOOKUP($C$2,Quotas!$A$7:$E$14,2,FALSE) -> 46171.708 | R40: =VLOOKUP($C$2,Quotas!$A$7:$E$14,3,FALSE) -> 46178.708
A41: {=XLOOKUP($E41,'Player Database'!$B$2:$B252,'Player Database'!$C$2:$C252)} -> #N/A | B41: {=XLOOKUP($E41,'Player Database'!$B$2:$B252,'Player Database'!$E$2:$E252)} -> #N/A | C41: {=XLOOKUP($E41,'Player Database'!$B$2:$B252,'Player Database'!$F$2:$F252)} -> #N/A | D41: =IFERROR(__xludf.DUMMYFUNCTION("""COMPUTED_VALUE"""),1.0) -> 1 | F41: {=XLOOKUP($E41,'Player Database'!$B$2:$B252,'Player Database'!$K$2:$K252)} -> #N/A | G41: {=XLOOKUP($E41,'Player Database'!$B$2:$B252,'Player Database'!$AE$2:$AE252)} -> #N/A | H41: {=XLOOKUP($E41,'Player Database'!$B$2:$B252,'Player Database'!$H$2:$H252)} -> #N/A | I41: {=XLOOKUP($E41,'Player Database'!$B$2:$B252,'Player Database'!$O$2:$O252)} -> #N/A | J41: {=XLOOKUP($E41,'Player Database'!$B$2:$B252,'Player Database'!$P$2:$P252)} -> #N/A | K41: {=XLOOKUP($E41,'Player Database'!$B$2:$B252,'Player Database'!$U$2:$U252)} -> #N/A | L41: {=XLOOKUP($E41,'Player Database'!$B$2:$B252,'Player Database'!$W$2:$W252)} -> #N/A | M41: =CONCATENATE(O41," - ",P41) -> 0 - 0 | N41: {=IF(XLOOKUP($E41,'Player Database'!$B$2:$B252,'Player Database'!$AA$2:$AA252)="",XLOOKUP($E41,'Player Database'!$B$2:$B252,'Player Database'!$G$2:$G252),XLOOKUP($E41,'Player Database'!$B$2:$B252,'Player Database'!$AA$2:$AA252))} -> #N/A | O41: =COUNTIFs(Matches!$B:$B,E41,Matches!$A:$A,">"&Q41,Matches!$A:$A,"<"&R41) -> 0 | P41: =COUNTIFs(Matches!$C:$C,E41,Matches!$A:$A,">"&Q41,Matches!$A:$A,"<"&R41) -> 0 | Q41: =VLOOKUP($C$2,Quotas!$A$7:$E$14,2,FALSE) -> 46171.708 | R41: =VLOOKUP($C$2,Quotas!$A$7:$E$14,3,FALSE) -> 46178.708
A42: {=XLOOKUP($E42,'Player Database'!$B$2:$B252,'Player Database'!$C$2:$C252)} -> #N/A | B42: {=XLOOKUP($E42,'Player Database'!$B$2:$B252,'Player Database'!$E$2:$E252)} -> #N/A | C42: {=XLOOKUP($E42,'Player Database'!$B$2:$B252,'Player Database'!$F$2:$F252)} -> #N/A | D42: =IFERROR(__xludf.DUMMYFUNCTION("""COMPUTED_VALUE"""),1.0) -> 1 | F42: {=XLOOKUP($E42,'Player Database'!$B$2:$B252,'Player Database'!$K$2:$K252)} -> #N/A | G42: {=XLOOKUP($E42,'Player Database'!$B$2:$B252,'Player Database'!$AE$2:$AE252)} -> #N/A | H42: {=XLOOKUP($E42,'Player Database'!$B$2:$B252,'Player Database'!$H$2:$H252)} -> #N/A | I42: {=XLOOKUP($E42,'Player Database'!$B$2:$B252,'Player Database'!$O$2:$O252)} -> #N/A | J42: {=XLOOKUP($E42,'Player Database'!$B$2:$B252,'Player Database'!$P$2:$P252)} -> #N/A | K42: {=XLOOKUP($E42,'Player Database'!$B$2:$B252,'Player Database'!$U$2:$U252)} -> #N/A | L42: {=XLOOKUP($E42,'Player Database'!$B$2:$B252,'Player Database'!$W$2:$W252)} -> #N/A | M42: =CONCATENATE(O42," - ",P42) -> 0 - 0 | N42: {=IF(XLOOKUP($E42,'Player Database'!$B$2:$B252,'Player Database'!$AA$2:$AA252)="",XLOOKUP($E42,'Player Database'!$B$2:$B252,'Player Database'!$G$2:$G252),XLOOKUP($E42,'Player Database'!$B$2:$B252,'Player Database'!$AA$2:$AA252))} -> #N/A | O42: =COUNTIFs(Matches!$B:$B,E42,Matches!$A:$A,">"&Q42,Matches!$A:$A,"<"&R42) -> 0 | P42: =COUNTIFs(Matches!$C:$C,E42,Matches!$A:$A,">"&Q42,Matches!$A:$A,"<"&R42) -> 0 | Q42: =VLOOKUP($C$2,Quotas!$A$7:$E$14,2,FALSE) -> 46171.708 | R42: =VLOOKUP($C$2,Quotas!$A$7:$E$14,3,FALSE) -> 46178.708
A43: {=XLOOKUP($E43,'Player Database'!$B$2:$B252,'Player Database'!$C$2:$C252)} -> #N/A | B43: {=XLOOKUP($E43,'Player Database'!$B$2:$B252,'Player Database'!$E$2:$E252)} -> #N/A | C43: {=XLOOKUP($E43,'Player Database'!$B$2:$B252,'Player Database'!$F$2:$F252)} -> #N/A | D43: =IFERROR(__xludf.DUMMYFUNCTION("""COMPUTED_VALUE"""),1.0) -> 1 | F43: {=XLOOKUP($E43,'Player Database'!$B$2:$B252,'Player Database'!$K$2:$K252)} -> #N/A | G43: {=XLOOKUP($E43,'Player Database'!$B$2:$B252,'Player Database'!$AE$2:$AE252)} -> #N/A | H43: {=XLOOKUP($E43,'Player Database'!$B$2:$B252,'Player Database'!$H$2:$H252)} -> #N/A | I43: {=XLOOKUP($E43,'Player Database'!$B$2:$B252,'Player Database'!$O$2:$O252)} -> #N/A | J43: {=XLOOKUP($E43,'Player Database'!$B$2:$B252,'Player Database'!$P$2:$P252)} -> #N/A | K43: {=XLOOKUP($E43,'Player Database'!$B$2:$B252,'Player Database'!$U$2:$U252)} -> #N/A | L43: {=XLOOKUP($E43,'Player Database'!$B$2:$B252,'Player Database'!$W$2:$W252)} -> #N/A | M43: =CONCATENATE(O43," - ",P43) -> 0 - 0 | N43: {=IF(XLOOKUP($E43,'Player Database'!$B$2:$B252,'Player Database'!$AA$2:$AA252)="",XLOOKUP($E43,'Player Database'!$B$2:$B252,'Player Database'!$G$2:$G252),XLOOKUP($E43,'Player Database'!$B$2:$B252,'Player Database'!$AA$2:$AA252))} -> #N/A | O43: =COUNTIFs(Matches!$B:$B,E43,Matches!$A:$A,">"&Q43,Matches!$A:$A,"<"&R43) -> 0 | P43: =COUNTIFs(Matches!$C:$C,E43,Matches!$A:$A,">"&Q43,Matches!$A:$A,"<"&R43) -> 0 | Q43: =VLOOKUP($C$2,Quotas!$A$7:$E$14,2,FALSE) -> 46171.708 | R43: =VLOOKUP($C$2,Quotas!$A$7:$E$14,3,FALSE) -> 46178.708
A44: {=XLOOKUP($E44,'Player Database'!$B$2:$B252,'Player Database'!$C$2:$C252)} -> #N/A | B44: {=XLOOKUP($E44,'Player Database'!$B$2:$B252,'Player Database'!$E$2:$E252)} -> #N/A | C44: {=XLOOKUP($E44,'Player Database'!$B$2:$B252,'Player Database'!$F$2:$F252)} -> #N/A | D44: =IFERROR(__xludf.DUMMYFUNCTION("""COMPUTED_VALUE"""),1.0) -> 1 | F44: {=XLOOKUP($E44,'Player Database'!$B$2:$B252,'Player Database'!$K$2:$K252)} -> #N/A | G44: {=XLOOKUP($E44,'Player Database'!$B$2:$B252,'Player Database'!$AE$2:$AE252)} -> #N/A | H44: {=XLOOKUP($E44,'Player Database'!$B$2:$B252,'Player Database'!$H$2:$H252)} -> #N/A | I44: {=XLOOKUP($E44,'Player Database'!$B$2:$B252,'Player Database'!$O$2:$O252)} -> #N/A | J44: {=XLOOKUP($E44,'Player Database'!$B$2:$B252,'Player Database'!$P$2:$P252)} -> #N/A | K44: {=XLOOKUP($E44,'Player Database'!$B$2:$B252,'Player Database'!$U$2:$U252)} -> #N/A | L44: {=XLOOKUP($E44,'Player Database'!$B$2:$B252,'Player Database'!$W$2:$W252)} -> #N/A | M44: =CONCATENATE(O44," - ",P44) -> 0 - 0 | N44: {=IF(XLOOKUP($E44,'Player Database'!$B$2:$B252,'Player Database'!$AA$2:$AA252)="",XLOOKUP($E44,'Player Database'!$B$2:$B252,'Player Database'!$G$2:$G252),XLOOKUP($E44,'Player Database'!$B$2:$B252,'Player Database'!$AA$2:$AA252))} -> #N/A | O44: =COUNTIFs(Matches!$B:$B,E44,Matches!$A:$A,">"&Q44,Matches!$A:$A,"<"&R44) -> 0 | P44: =COUNTIFs(Matches!$C:$C,E44,Matches!$A:$A,">"&Q44,Matches!$A:$A,"<"&R44) -> 0 | Q44: =VLOOKUP($C$2,Quotas!$A$7:$E$14,2,FALSE) -> 46171.708 | R44: =VLOOKUP($C$2,Quotas!$A$7:$E$14,3,FALSE) -> 46178.708
A45: {=XLOOKUP($E45,'Player Database'!$B$2:$B252,'Player Database'!$C$2:$C252)} -> #N/A | B45: {=XLOOKUP($E45,'Player Database'!$B$2:$B252,'Player Database'!$E$2:$E252)} -> #N/A | C45: {=XLOOKUP($E45,'Player Database'!$B$2:$B252,'Player Database'!$F$2:$F252)} -> #N/A | D45: =IFERROR(__xludf.DUMMYFUNCTION("""COMPUTED_VALUE"""),1.0) -> 1 | F45: {=XLOOKUP($E45,'Player Database'!$B$2:$B252,'Player Database'!$K$2:$K252)} -> #N/A | G45: {=XLOOKUP($E45,'Player Database'!$B$2:$B252,'Player Database'!$AE$2:$AE252)} -> #N/A | H45: {=XLOOKUP($E45,'Player Database'!$B$2:$B252,'Player Database'!$H$2:$H252)} -> #N/A | I45: {=XLOOKUP($E45,'Player Database'!$B$2:$B252,'Player Database'!$O$2:$O252)} -> #N/A | J45: {=XLOOKUP($E45,'Player Database'!$B$2:$B252,'Player Database'!$P$2:$P252)} -> #N/A | K45: {=XLOOKUP($E45,'Player Database'!$B$2:$B252,'Player Database'!$U$2:$U252)} -> #N/A | L45: {=XLOOKUP($E45,'Player Database'!$B$2:$B252,'Player Database'!$W$2:$W252)} -> #N/A | M45: =CONCATENATE(O45," - ",P45) -> 0 - 0 | N45: {=IF(XLOOKUP($E45,'Player Database'!$B$2:$B252,'Player Database'!$AA$2:$AA252)="",XLOOKUP($E45,'Player Database'!$B$2:$B252,'Player Database'!$G$2:$G252),XLOOKUP($E45,'Player Database'!$B$2:$B252,'Player Database'!$AA$2:$AA252))} -> #N/A | O45: =COUNTIFs(Matches!$B:$B,E45,Matches!$A:$A,">"&Q45,Matches!$A:$A,"<"&R45) -> 0 | P45: =COUNTIFs(Matches!$C:$C,E45,Matches!$A:$A,">"&Q45,Matches!$A:$A,"<"&R45) -> 0 | Q45: =VLOOKUP($C$2,Quotas!$A$7:$E$14,2,FALSE) -> 46171.708 | R45: =VLOOKUP($C$2,Quotas!$A$7:$E$14,3,FALSE) -> 46178.708
A46: {=XLOOKUP($E46,'Player Database'!$B$2:$B252,'Player Database'!$C$2:$C252)} -> #N/A | B46: {=XLOOKUP($E46,'Player Database'!$B$2:$B252,'Player Database'!$E$2:$E252)} -> #N/A | C46: {=XLOOKUP($E46,'Player Database'!$B$2:$B252,'Player Database'!$F$2:$F252)} -> #N/A | D46: =IFERROR(__xludf.DUMMYFUNCTION("""COMPUTED_VALUE"""),1.0) -> 1 | F46: {=XLOOKUP($E46,'Player Database'!$B$2:$B252,'Player Database'!$K$2:$K252)} -> #N/A | G46: {=XLOOKUP($E46,'Player Database'!$B$2:$B252,'Player Database'!$AE$2:$AE252)} -> #N/A | H46: {=XLOOKUP($E46,'Player Database'!$B$2:$B252,'Player Database'!$H$2:$H252)} -> #N/A | I46: {=XLOOKUP($E46,'Player Database'!$B$2:$B252,'Player Database'!$O$2:$O252)} -> #N/A | J46: {=XLOOKUP($E46,'Player Database'!$B$2:$B252,'Player Database'!$P$2:$P252)} -> #N/A | K46: {=XLOOKUP($E46,'Player Database'!$B$2:$B252,'Player Database'!$U$2:$U252)} -> #N/A | L46: {=XLOOKUP($E46,'Player Database'!$B$2:$B252,'Player Database'!$W$2:$W252)} -> #N/A | M46: =CONCATENATE(O46," - ",P46) -> 0 - 0 | N46: {=IF(XLOOKUP($E46,'Player Database'!$B$2:$B252,'Player Database'!$AA$2:$AA252)="",XLOOKUP($E46,'Player Database'!$B$2:$B252,'Player Database'!$G$2:$G252),XLOOKUP($E46,'Player Database'!$B$2:$B252,'Player Database'!$AA$2:$AA252))} -> #N/A | O46: =COUNTIFs(Matches!$B:$B,E46,Matches!$A:$A,">"&Q46,Matches!$A:$A,"<"&R46) -> 0 | P46: =COUNTIFs(Matches!$C:$C,E46,Matches!$A:$A,">"&Q46,Matches!$A:$A,"<"&R46) -> 0 | Q46: =VLOOKUP($C$2,Quotas!$A$7:$E$14,2,FALSE) -> 46171.708 | R46: =VLOOKUP($C$2,Quotas!$A$7:$E$14,3,FALSE) -> 46178.708
A47: {=XLOOKUP($E47,'Player Database'!$B$2:$B252,'Player Database'!$C$2:$C252)} -> #N/A | B47: {=XLOOKUP($E47,'Player Database'!$B$2:$B252,'Player Database'!$E$2:$E252)} -> #N/A | C47: {=XLOOKUP($E47,'Player Database'!$B$2:$B252,'Player Database'!$F$2:$F252)} -> #N/A | D47: =IFERROR(__xludf.DUMMYFUNCTION("""COMPUTED_VALUE"""),1.0) -> 1 | F47: {=XLOOKUP($E47,'Player Database'!$B$2:$B252,'Player Database'!$K$2:$K252)} -> #N/A | G47: {=XLOOKUP($E47,'Player Database'!$B$2:$B252,'Player Database'!$AE$2:$AE252)} -> #N/A | H47: {=XLOOKUP($E47,'Player Database'!$B$2:$B252,'Player Database'!$H$2:$H252)} -> #N/A | I47: {=XLOOKUP($E47,'Player Database'!$B$2:$B252,'Player Database'!$O$2:$O252)} -> #N/A | J47: {=XLOOKUP($E47,'Player Database'!$B$2:$B252,'Player Database'!$P$2:$P252)} -> #N/A | K47: {=XLOOKUP($E47,'Player Database'!$B$2:$B252,'Player Database'!$U$2:$U252)} -> #N/A | L47: {=XLOOKUP($E47,'Player Database'!$B$2:$B252,'Player Database'!$W$2:$W252)} -> #N/A | M47: =CONCATENATE(O47," - ",P47) -> 0 - 0 | N47: {=IF(XLOOKUP($E47,'Player Database'!$B$2:$B252,'Player Database'!$AA$2:$AA252)="",XLOOKUP($E47,'Player Database'!$B$2:$B252,'Player Database'!$G$2:$G252),XLOOKUP($E47,'Player Database'!$B$2:$B252,'Player Database'!$AA$2:$AA252))} -> #N/A | O47: =COUNTIFs(Matches!$B:$B,E47,Matches!$A:$A,">"&Q47,Matches!$A:$A,"<"&R47) -> 0 | P47: =COUNTIFs(Matches!$C:$C,E47,Matches!$A:$A,">"&Q47,Matches!$A:$A,"<"&R47) -> 0 | Q47: =VLOOKUP($C$2,Quotas!$A$7:$E$14,2,FALSE) -> 46171.708 | R47: =VLOOKUP($C$2,Quotas!$A$7:$E$14,3,FALSE) -> 46178.708
A48: {=XLOOKUP($E48,'Player Database'!$B$2:$B252,'Player Database'!$C$2:$C252)} -> #N/A | B48: {=XLOOKUP($E48,'Player Database'!$B$2:$B252,'Player Database'!$E$2:$E252)} -> #N/A | C48: {=XLOOKUP($E48,'Player Database'!$B$2:$B252,'Player Database'!$F$2:$F252)} -> #N/A | D48: =IFERROR(__xludf.DUMMYFUNCTION("""COMPUTED_VALUE"""),1.0) -> 1 | F48: {=XLOOKUP($E48,'Player Database'!$B$2:$B252,'Player Database'!$K$2:$K252)} -> #N/A | G48: {=XLOOKUP($E48,'Player Database'!$B$2:$B252,'Player Database'!$AE$2:$AE252)} -> #N/A | H48: {=XLOOKUP($E48,'Player Database'!$B$2:$B252,'Player Database'!$H$2:$H252)} -> #N/A | I48: {=XLOOKUP($E48,'Player Database'!$B$2:$B252,'Player Database'!$O$2:$O252)} -> #N/A | J48: {=XLOOKUP($E48,'Player Database'!$B$2:$B252,'Player Database'!$P$2:$P252)} -> #N/A | K48: {=XLOOKUP($E48,'Player Database'!$B$2:$B252,'Player Database'!$U$2:$U252)} -> #N/A | L48: {=XLOOKUP($E48,'Player Database'!$B$2:$B252,'Player Database'!$W$2:$W252)} -> #N/A | M48: =CONCATENATE(O48," - ",P48) -> 0 - 0 | N48: {=IF(XLOOKUP($E48,'Player Database'!$B$2:$B252,'Player Database'!$AA$2:$AA252)="",XLOOKUP($E48,'Player Database'!$B$2:$B252,'Player Database'!$G$2:$G252),XLOOKUP($E48,'Player Database'!$B$2:$B252,'Player Database'!$AA$2:$AA252))} -> #N/A | O48: =COUNTIFs(Matches!$B:$B,E48,Matches!$A:$A,">"&Q48,Matches!$A:$A,"<"&R48) -> 0 | P48: =COUNTIFs(Matches!$C:$C,E48,Matches!$A:$A,">"&Q48,Matches!$A:$A,"<"&R48) -> 0 | Q48: =VLOOKUP($C$2,Quotas!$A$7:$E$14,2,FALSE) -> 46171.708 | R48: =VLOOKUP($C$2,Quotas!$A$7:$E$14,3,FALSE) -> 46178.708
A49: {=XLOOKUP($E49,'Player Database'!$B$2:$B252,'Player Database'!$C$2:$C252)} -> #N/A | B49: {=XLOOKUP($E49,'Player Database'!$B$2:$B252,'Player Database'!$E$2:$E252)} -> #N/A | C49: {=XLOOKUP($E49,'Player Database'!$B$2:$B252,'Player Database'!$F$2:$F252)} -> #N/A | D49: =IFERROR(__xludf.DUMMYFUNCTION("""COMPUTED_VALUE"""),1.0) -> 1 | F49: {=XLOOKUP($E49,'Player Database'!$B$2:$B252,'Player Database'!$K$2:$K252)} -> #N/A | G49: {=XLOOKUP($E49,'Player Database'!$B$2:$B252,'Player Database'!$AE$2:$AE252)} -> #N/A | H49: {=XLOOKUP($E49,'Player Database'!$B$2:$B252,'Player Database'!$H$2:$H252)} -> #N/A | I49: {=XLOOKUP($E49,'Player Database'!$B$2:$B252,'Player Database'!$O$2:$O252)} -> #N/A | J49: {=XLOOKUP($E49,'Player Database'!$B$2:$B252,'Player Database'!$P$2:$P252)} -> #N/A | K49: {=XLOOKUP($E49,'Player Database'!$B$2:$B252,'Player Database'!$U$2:$U252)} -> #N/A | L49: {=XLOOKUP($E49,'Player Database'!$B$2:$B252,'Player Database'!$W$2:$W252)} -> #N/A | M49: =CONCATENATE(O49," - ",P49) -> 0 - 0 | N49: {=IF(XLOOKUP($E49,'Player Database'!$B$2:$B252,'Player Database'!$AA$2:$AA252)="",XLOOKUP($E49,'Player Database'!$B$2:$B252,'Player Database'!$G$2:$G252),XLOOKUP($E49,'Player Database'!$B$2:$B252,'Player Database'!$AA$2:$AA252))} -> #N/A | O49: =COUNTIFs(Matches!$B:$B,E49,Matches!$A:$A,">"&Q49,Matches!$A:$A,"<"&R49) -> 0 | P49: =COUNTIFs(Matches!$C:$C,E49,Matches!$A:$A,">"&Q49,Matches!$A:$A,"<"&R49) -> 0 | Q49: =VLOOKUP($C$2,Quotas!$A$7:$E$14,2,FALSE) -> 46171.708 | R49: =VLOOKUP($C$2,Quotas!$A$7:$E$14,3,FALSE) -> 46178.708
A50: {=XLOOKUP($E50,'Player Database'!$B$2:$B252,'Player Database'!$C$2:$C252)} -> #N/A | B50: {=XLOOKUP($E50,'Player Database'!$B$2:$B252,'Player Database'!$E$2:$E252)} -> #N/A | C50: {=XLOOKUP($E50,'Player Database'!$B$2:$B252,'Player Database'!$F$2:$F252)} -> #N/A | D50: =IFERROR(__xludf.DUMMYFUNCTION("""COMPUTED_VALUE"""),1.0) -> 1 | F50: {=XLOOKUP($E50,'Player Database'!$B$2:$B252,'Player Database'!$K$2:$K252)} -> #N/A | G50: {=XLOOKUP($E50,'Player Database'!$B$2:$B252,'Player Database'!$AE$2:$AE252)} -> #N/A | H50: {=XLOOKUP($E50,'Player Database'!$B$2:$B252,'Player Database'!$H$2:$H252)} -> #N/A | I50: {=XLOOKUP($E50,'Player Database'!$B$2:$B252,'Player Database'!$O$2:$O252)} -> #N/A | J50: {=XLOOKUP($E50,'Player Database'!$B$2:$B252,'Player Database'!$P$2:$P252)} -> #N/A | K50: {=XLOOKUP($E50,'Player Database'!$B$2:$B252,'Player Database'!$U$2:$U252)} -> #N/A | L50: {=XLOOKUP($E50,'Player Database'!$B$2:$B252,'Player Database'!$W$2:$W252)} -> #N/A | M50: =CONCATENATE(O50," - ",P50) -> 0 - 0 | N50: {=IF(XLOOKUP($E50,'Player Database'!$B$2:$B252,'Player Database'!$AA$2:$AA252)="",XLOOKUP($E50,'Player Database'!$B$2:$B252,'Player Database'!$G$2:$G252),XLOOKUP($E50,'Player Database'!$B$2:$B252,'Player Database'!$AA$2:$AA252))} -> #N/A | O50: =COUNTIFs(Matches!$B:$B,E50,Matches!$A:$A,">"&Q50,Matches!$A:$A,"<"&R50) -> 0 | P50: =COUNTIFs(Matches!$C:$C,E50,Matches!$A:$A,">"&Q50,Matches!$A:$A,"<"&R50) -> 0 | Q50: =VLOOKUP($C$2,Quotas!$A$7:$E$14,2,FALSE) -> 46171.708 | R50: =VLOOKUP($C$2,Quotas!$A$7:$E$14,3,FALSE) -> 46178.708
A51: {=XLOOKUP($E51,'Player Database'!$B$2:$B252,'Player Database'!$C$2:$C252)} -> #N/A | B51: {=XLOOKUP($E51,'Player Database'!$B$2:$B252,'Player Database'!$E$2:$E252)} -> #N/A | C51: {=XLOOKUP($E51,'Player Database'!$B$2:$B252,'Player Database'!$F$2:$F252)} -> #N/A | D51: =IFERROR(__xludf.DUMMYFUNCTION("""COMPUTED_VALUE"""),1.0) -> 1 | F51: {=XLOOKUP($E51,'Player Database'!$B$2:$B252,'Player Database'!$K$2:$K252)} -> #N/A | G51: {=XLOOKUP($E51,'Player Database'!$B$2:$B252,'Player Database'!$AE$2:$AE252)} -> #N/A | H51: {=XLOOKUP($E51,'Player Database'!$B$2:$B252,'Player Database'!$H$2:$H252)} -> #N/A | I51: {=XLOOKUP($E51,'Player Database'!$B$2:$B252,'Player Database'!$O$2:$O252)} -> #N/A | J51: {=XLOOKUP($E51,'Player Database'!$B$2:$B252,'Player Database'!$P$2:$P252)} -> #N/A | K51: {=XLOOKUP($E51,'Player Database'!$B$2:$B252,'Player Database'!$U$2:$U252)} -> #N/A | L51: {=XLOOKUP($E51,'Player Database'!$B$2:$B252,'Player Database'!$W$2:$W252)} -> #N/A | M51: =CONCATENATE(O51," - ",P51) -> 0 - 0 | N51: {=IF(XLOOKUP($E51,'Player Database'!$B$2:$B252,'Player Database'!$AA$2:$AA252)="",XLOOKUP($E51,'Player Database'!$B$2:$B252,'Player Database'!$G$2:$G252),XLOOKUP($E51,'Player Database'!$B$2:$B252,'Player Database'!$AA$2:$AA252))} -> #N/A | O51: =COUNTIFs(Matches!$B:$B,E51,Matches!$A:$A,">"&Q51,Matches!$A:$A,"<"&R51) -> 0 | P51: =COUNTIFs(Matches!$C:$C,E51,Matches!$A:$A,">"&Q51,Matches!$A:$A,"<"&R51) -> 0 | Q51: =VLOOKUP($C$2,Quotas!$A$7:$E$14,2,FALSE) -> 46171.708 | R51: =VLOOKUP($C$2,Quotas!$A$7:$E$14,3,FALSE) -> 46178.708
A52: {=XLOOKUP($E52,'Player Database'!$B$2:$B252,'Player Database'!$C$2:$C252)} -> #N/A | B52: {=XLOOKUP($E52,'Player Database'!$B$2:$B252,'Player Database'!$E$2:$E252)} -> #N/A | C52: {=XLOOKUP($E52,'Player Database'!$B$2:$B252,'Player Database'!$F$2:$F252)} -> #N/A | D52: =IFERROR(__xludf.DUMMYFUNCTION("""COMPUTED_VALUE"""),1.0) -> 1 | F52: {=XLOOKUP($E52,'Player Database'!$B$2:$B252,'Player Database'!$K$2:$K252)} -> #N/A | G52: {=XLOOKUP($E52,'Player Database'!$B$2:$B252,'Player Database'!$AE$2:$AE252)} -> #N/A | H52: {=XLOOKUP($E52,'Player Database'!$B$2:$B252,'Player Database'!$H$2:$H252)} -> #N/A | I52: {=XLOOKUP($E52,'Player Database'!$B$2:$B252,'Player Database'!$O$2:$O252)} -> #N/A | J52: {=XLOOKUP($E52,'Player Database'!$B$2:$B252,'Player Database'!$P$2:$P252)} -> #N/A | K52: {=XLOOKUP($E52,'Player Database'!$B$2:$B252,'Player Database'!$U$2:$U252)} -> #N/A | L52: {=XLOOKUP($E52,'Player Database'!$B$2:$B252,'Player Database'!$W$2:$W252)} -> #N/A | M52: =CONCATENATE(O52," - ",P52) -> 0 - 0 | N52: {=IF(XLOOKUP($E52,'Player Database'!$B$2:$B252,'Player Database'!$AA$2:$AA252)="",XLOOKUP($E52,'Player Database'!$B$2:$B252,'Player Database'!$G$2:$G252),XLOOKUP($E52,'Player Database'!$B$2:$B252,'Player Database'!$AA$2:$AA252))} -> #N/A | O52: =COUNTIFs(Matches!$B:$B,E52,Matches!$A:$A,">"&Q52,Matches!$A:$A,"<"&R52) -> 0 | P52: =COUNTIFs(Matches!$C:$C,E52,Matches!$A:$A,">"&Q52,Matches!$A:$A,"<"&R52) -> 0 | Q52: =VLOOKUP($C$2,Quotas!$A$7:$E$14,2,FALSE) -> 46171.708 | R52: =VLOOKUP($C$2,Quotas!$A$7:$E$14,3,FALSE) -> 46178.708
A53: {=XLOOKUP($E53,'Player Database'!$B$2:$B252,'Player Database'!$C$2:$C252)} -> #N/A | B53: {=XLOOKUP($E53,'Player Database'!$B$2:$B252,'Player Database'!$E$2:$E252)} -> #N/A | C53: {=XLOOKUP($E53,'Player Database'!$B$2:$B252,'Player Database'!$F$2:$F252)} -> #N/A | D53: =IFERROR(__xludf.DUMMYFUNCTION("""COMPUTED_VALUE"""),1.0) -> 1 | F53: {=XLOOKUP($E53,'Player Database'!$B$2:$B252,'Player Database'!$K$2:$K252)} -> #N/A | G53: {=XLOOKUP($E53,'Player Database'!$B$2:$B252,'Player Database'!$AE$2:$AE252)} -> #N/A | H53: {=XLOOKUP($E53,'Player Database'!$B$2:$B252,'Player Database'!$H$2:$H252)} -> #N/A | I53: {=XLOOKUP($E53,'Player Database'!$B$2:$B252,'Player Database'!$O$2:$O252)} -> #N/A | J53: {=XLOOKUP($E53,'Player Database'!$B$2:$B252,'Player Database'!$P$2:$P252)} -> #N/A | K53: {=XLOOKUP($E53,'Player Database'!$B$2:$B252,'Player Database'!$U$2:$U252)} -> #N/A | L53: {=XLOOKUP($E53,'Player Database'!$B$2:$B252,'Player Database'!$W$2:$W252)} -> #N/A | M53: =CONCATENATE(O53," - ",P53) -> 0 - 0 | N53: {=IF(XLOOKUP($E53,'Player Database'!$B$2:$B252,'Player Database'!$AA$2:$AA252)="",XLOOKUP($E53,'Player Database'!$B$2:$B252,'Player Database'!$G$2:$G252),XLOOKUP($E53,'Player Database'!$B$2:$B252,'Player Database'!$AA$2:$AA252))} -> #N/A | O53: =COUNTIFs(Matches!$B:$B,E53,Matches!$A:$A,">"&Q53,Matches!$A:$A,"<"&R53) -> 0 | P53: =COUNTIFs(Matches!$C:$C,E53,Matches!$A:$A,">"&Q53,Matches!$A:$A,"<"&R53) -> 0 | Q53: =VLOOKUP($C$2,Quotas!$A$7:$E$14,2,FALSE) -> 46171.708 | R53: =VLOOKUP($C$2,Quotas!$A$7:$E$14,3,FALSE) -> 46178.708
A54: {=XLOOKUP($E54,'Player Database'!$B$2:$B252,'Player Database'!$C$2:$C252)} -> #N/A | B54: {=XLOOKUP($E54,'Player Database'!$B$2:$B252,'Player Database'!$E$2:$E252)} -> #N/A | C54: {=XLOOKUP($E54,'Player Database'!$B$2:$B252,'Player Database'!$F$2:$F252)} -> #N/A | D54: =IFERROR(__xludf.DUMMYFUNCTION("""COMPUTED_VALUE"""),1.0) -> 1 | F54: {=XLOOKUP($E54,'Player Database'!$B$2:$B252,'Player Database'!$K$2:$K252)} -> #N/A | G54: {=XLOOKUP($E54,'Player Database'!$B$2:$B252,'Player Database'!$AE$2:$AE252)} -> #N/A | H54: {=XLOOKUP($E54,'Player Database'!$B$2:$B252,'Player Database'!$H$2:$H252)} -> #N/A | I54: {=XLOOKUP($E54,'Player Database'!$B$2:$B252,'Player Database'!$O$2:$O252)} -> #N/A | J54: {=XLOOKUP($E54,'Player Database'!$B$2:$B252,'Player Database'!$P$2:$P252)} -> #N/A | K54: {=XLOOKUP($E54,'Player Database'!$B$2:$B252,'Player Database'!$U$2:$U252)} -> #N/A | L54: {=XLOOKUP($E54,'Player Database'!$B$2:$B252,'Player Database'!$W$2:$W252)} -> #N/A | M54: =CONCATENATE(O54," - ",P54) -> 0 - 0 | N54: {=IF(XLOOKUP($E54,'Player Database'!$B$2:$B252,'Player Database'!$AA$2:$AA252)="",XLOOKUP($E54,'Player Database'!$B$2:$B252,'Player Database'!$G$2:$G252),XLOOKUP($E54,'Player Database'!$B$2:$B252,'Player Database'!$AA$2:$AA252))} -> #N/A | O54: =COUNTIFs(Matches!$B:$B,E54,Matches!$A:$A,">"&Q54,Matches!$A:$A,"<"&R54) -> 0 | P54: =COUNTIFs(Matches!$C:$C,E54,Matches!$A:$A,">"&Q54,Matches!$A:$A,"<"&R54) -> 0 | Q54: =VLOOKUP($C$2,Quotas!$A$7:$E$14,2,FALSE) -> 46171.708 | R54: =VLOOKUP($C$2,Quotas!$A$7:$E$14,3,FALSE) -> 46178.708
A55: {=XLOOKUP($E55,'Player Database'!$B$2:$B252,'Player Database'!$C$2:$C252)} -> #N/A | B55: {=XLOOKUP($E55,'Player Database'!$B$2:$B252,'Player Database'!$E$2:$E252)} -> #N/A | C55: {=XLOOKUP($E55,'Player Database'!$B$2:$B252,'Player Database'!$F$2:$F252)} -> #N/A | D55: =IFERROR(__xludf.DUMMYFUNCTION("""COMPUTED_VALUE"""),1.0) -> 1 | F55: {=XLOOKUP($E55,'Player Database'!$B$2:$B252,'Player Database'!$K$2:$K252)} -> #N/A | G55: {=XLOOKUP($E55,'Player Database'!$B$2:$B252,'Player Database'!$AE$2:$AE252)} -> #N/A | H55: {=XLOOKUP($E55,'Player Database'!$B$2:$B252,'Player Database'!$H$2:$H252)} -> #N/A | I55: {=XLOOKUP($E55,'Player Database'!$B$2:$B252,'Player Database'!$O$2:$O252)} -> #N/A | J55: {=XLOOKUP($E55,'Player Database'!$B$2:$B252,'Player Database'!$P$2:$P252)} -> #N/A | K55: {=XLOOKUP($E55,'Player Database'!$B$2:$B252,'Player Database'!$U$2:$U252)} -> #N/A | L55: {=XLOOKUP($E55,'Player Database'!$B$2:$B252,'Player Database'!$W$2:$W252)} -> #N/A | M55: =CONCATENATE(O55," - ",P55) -> 0 - 0 | N55: {=IF(XLOOKUP($E55,'Player Database'!$B$2:$B252,'Player Database'!$AA$2:$AA252)="",XLOOKUP($E55,'Player Database'!$B$2:$B252,'Player Database'!$G$2:$G252),XLOOKUP($E55,'Player Database'!$B$2:$B252,'Player Database'!$AA$2:$AA252))} -> #N/A | O55: =COUNTIFs(Matches!$B:$B,E55,Matches!$A:$A,">"&Q55,Matches!$A:$A,"<"&R55) -> 0 | P55: =COUNTIFs(Matches!$C:$C,E55,Matches!$A:$A,">"&Q55,Matches!$A:$A,"<"&R55) -> 0 | Q55: =VLOOKUP($C$2,Quotas!$A$7:$E$14,2,FALSE) -> 46171.708 | R55: =VLOOKUP($C$2,Quotas!$A$7:$E$14,3,FALSE) -> 46178.708
A56: {=XLOOKUP($E56,'Player Database'!$B$2:$B252,'Player Database'!$C$2:$C252)} -> #N/A | B56: {=XLOOKUP($E56,'Player Database'!$B$2:$B252,'Player Database'!$E$2:$E252)} -> #N/A | C56: {=XLOOKUP($E56,'Player Database'!$B$2:$B252,'Player Database'!$F$2:$F252)} -> #N/A | D56: =IFERROR(__xludf.DUMMYFUNCTION("""COMPUTED_VALUE"""),1.0) -> 1 | F56: {=XLOOKUP($E56,'Player Database'!$B$2:$B252,'Player Database'!$K$2:$K252)} -> #N/A | G56: {=XLOOKUP($E56,'Player Database'!$B$2:$B252,'Player Database'!$AE$2:$AE252)} -> #N/A | H56: {=XLOOKUP($E56,'Player Database'!$B$2:$B252,'Player Database'!$H$2:$H252)} -> #N/A | I56: {=XLOOKUP($E56,'Player Database'!$B$2:$B252,'Player Database'!$O$2:$O252)} -> #N/A | J56: {=XLOOKUP($E56,'Player Database'!$B$2:$B252,'Player Database'!$P$2:$P252)} -> #N/A | K56: {=XLOOKUP($E56,'Player Database'!$B$2:$B252,'Player Database'!$U$2:$U252)} -> #N/A | L56: {=XLOOKUP($E56,'Player Database'!$B$2:$B252,'Player Database'!$W$2:$W252)} -> #N/A | M56: =CONCATENATE(O56," - ",P56) -> 0 - 0 | N56: {=IF(XLOOKUP($E56,'Player Database'!$B$2:$B252,'Player Database'!$AA$2:$AA252)="",XLOOKUP($E56,'Player Database'!$B$2:$B252,'Player Database'!$G$2:$G252),XLOOKUP($E56,'Player Database'!$B$2:$B252,'Player Database'!$AA$2:$AA252))} -> #N/A | O56: =COUNTIFs(Matches!$B:$B,E56,Matches!$A:$A,">"&Q56,Matches!$A:$A,"<"&R56) -> 0 | P56: =COUNTIFs(Matches!$C:$C,E56,Matches!$A:$A,">"&Q56,Matches!$A:$A,"<"&R56) -> 0 | Q56: =VLOOKUP($C$2,Quotas!$A$7:$E$14,2,FALSE) -> 46171.708 | R56: =VLOOKUP($C$2,Quotas!$A$7:$E$14,3,FALSE) -> 46178.708
A57: {=XLOOKUP($E57,'Player Database'!$B$2:$B252,'Player Database'!$C$2:$C252)} -> #N/A | B57: {=XLOOKUP($E57,'Player Database'!$B$2:$B252,'Player Database'!$E$2:$E252)} -> #N/A | C57: {=XLOOKUP($E57,'Player Database'!$B$2:$B252,'Player Database'!$F$2:$F252)} -> #N/A | D57: =IFERROR(__xludf.DUMMYFUNCTION("""COMPUTED_VALUE"""),1.0) -> 1 | F57: {=XLOOKUP($E57,'Player Database'!$B$2:$B252,'Player Database'!$K$2:$K252)} -> #N/A | G57: {=XLOOKUP($E57,'Player Database'!$B$2:$B252,'Player Database'!$AE$2:$AE252)} -> #N/A | H57: {=XLOOKUP($E57,'Player Database'!$B$2:$B252,'Player Database'!$H$2:$H252)} -> #N/A | I57: {=XLOOKUP($E57,'Player Database'!$B$2:$B252,'Player Database'!$O$2:$O252)} -> #N/A | J57: {=XLOOKUP($E57,'Player Database'!$B$2:$B252,'Player Database'!$P$2:$P252)} -> #N/A | K57: {=XLOOKUP($E57,'Player Database'!$B$2:$B252,'Player Database'!$U$2:$U252)} -> #N/A | L57: {=XLOOKUP($E57,'Player Database'!$B$2:$B252,'Player Database'!$W$2:$W252)} -> #N/A | M57: =CONCATENATE(O57," - ",P57) -> 0 - 0 | N57: {=IF(XLOOKUP($E57,'Player Database'!$B$2:$B252,'Player Database'!$AA$2:$AA252)="",XLOOKUP($E57,'Player Database'!$B$2:$B252,'Player Database'!$G$2:$G252),XLOOKUP($E57,'Player Database'!$B$2:$B252,'Player Database'!$AA$2:$AA252))} -> #N/A | O57: =COUNTIFs(Matches!$B:$B,E57,Matches!$A:$A,">"&Q57,Matches!$A:$A,"<"&R57) -> 0 | P57: =COUNTIFs(Matches!$C:$C,E57,Matches!$A:$A,">"&Q57,Matches!$A:$A,"<"&R57) -> 0 | Q57: =VLOOKUP($C$2,Quotas!$A$7:$E$14,2,FALSE) -> 46171.708 | R57: =VLOOKUP($C$2,Quotas!$A$7:$E$14,3,FALSE) -> 46178.708
A58: {=XLOOKUP($E58,'Player Database'!$B$2:$B252,'Player Database'!$C$2:$C252)} -> #N/A | B58: {=XLOOKUP($E58,'Player Database'!$B$2:$B252,'Player Database'!$E$2:$E252)} -> #N/A | C58: {=XLOOKUP($E58,'Player Database'!$B$2:$B252,'Player Database'!$F$2:$F252)} -> #N/A | D58: =IFERROR(__xludf.DUMMYFUNCTION("""COMPUTED_VALUE"""),1.0) -> 1 | F58: {=XLOOKUP($E58,'Player Database'!$B$2:$B252,'Player Database'!$K$2:$K252)} -> #N/A | G58: {=XLOOKUP($E58,'Player Database'!$B$2:$B252,'Player Database'!$AE$2:$AE252)} -> #N/A | H58: {=XLOOKUP($E58,'Player Database'!$B$2:$B252,'Player Database'!$H$2:$H252)} -> #N/A | I58: {=XLOOKUP($E58,'Player Database'!$B$2:$B252,'Player Database'!$O$2:$O252)} -> #N/A | J58: {=XLOOKUP($E58,'Player Database'!$B$2:$B252,'Player Database'!$P$2:$P252)} -> #N/A | K58: {=XLOOKUP($E58,'Player Database'!$B$2:$B252,'Player Database'!$U$2:$U252)} -> #N/A | L58: {=XLOOKUP($E58,'Player Database'!$B$2:$B252,'Player Database'!$W$2:$W252)} -> #N/A | M58: =CONCATENATE(O58," - ",P58) -> 0 - 0 | N58: {=IF(XLOOKUP($E58,'Player Database'!$B$2:$B252,'Player Database'!$AA$2:$AA252)="",XLOOKUP($E58,'Player Database'!$B$2:$B252,'Player Database'!$G$2:$G252),XLOOKUP($E58,'Player Database'!$B$2:$B252,'Player Database'!$AA$2:$AA252))} -> #N/A | O58: =COUNTIFs(Matches!$B:$B,E58,Matches!$A:$A,">"&Q58,Matches!$A:$A,"<"&R58) -> 0 | P58: =COUNTIFs(Matches!$C:$C,E58,Matches!$A:$A,">"&Q58,Matches!$A:$A,"<"&R58) -> 0 | Q58: =VLOOKUP($C$2,Quotas!$A$7:$E$14,2,FALSE) -> 46171.708 | R58: =VLOOKUP($C$2,Quotas!$A$7:$E$14,3,FALSE) -> 46178.708
A59: {=XLOOKUP($E59,'Player Database'!$B$2:$B252,'Player Database'!$C$2:$C252)} -> #N/A | B59: {=XLOOKUP($E59,'Player Database'!$B$2:$B252,'Player Database'!$E$2:$E252)} -> #N/A | C59: {=XLOOKUP($E59,'Player Database'!$B$2:$B252,'Player Database'!$F$2:$F252)} -> #N/A | D59: =IFERROR(__xludf.DUMMYFUNCTION("""COMPUTED_VALUE"""),1.0) -> 1 | F59: {=XLOOKUP($E59,'Player Database'!$B$2:$B252,'Player Database'!$K$2:$K252)} -> #N/A | G59: {=XLOOKUP($E59,'Player Database'!$B$2:$B252,'Player Database'!$AE$2:$AE252)} -> #N/A | H59: {=XLOOKUP($E59,'Player Database'!$B$2:$B252,'Player Database'!$H$2:$H252)} -> #N/A | I59: {=XLOOKUP($E59,'Player Database'!$B$2:$B252,'Player Database'!$O$2:$O252)} -> #N/A | J59: {=XLOOKUP($E59,'Player Database'!$B$2:$B252,'Player Database'!$P$2:$P252)} -> #N/A | K59: {=XLOOKUP($E59,'Player Database'!$B$2:$B252,'Player Database'!$U$2:$U252)} -> #N/A | L59: {=XLOOKUP($E59,'Player Database'!$B$2:$B252,'Player Database'!$W$2:$W252)} -> #N/A | M59: =CONCATENATE(O59," - ",P59) -> 0 - 0 | N59: {=IF(XLOOKUP($E59,'Player Database'!$B$2:$B252,'Player Database'!$AA$2:$AA252)="",XLOOKUP($E59,'Player Database'!$B$2:$B252,'Player Database'!$G$2:$G252),XLOOKUP($E59,'Player Database'!$B$2:$B252,'Player Database'!$AA$2:$AA252))} -> #N/A | O59: =COUNTIFs(Matches!$B:$B,E59,Matches!$A:$A,">"&Q59,Matches!$A:$A,"<"&R59) -> 0 | P59: =COUNTIFs(Matches!$C:$C,E59,Matches!$A:$A,">"&Q59,Matches!$A:$A,"<"&R59) -> 0 | Q59: =VLOOKUP($C$2,Quotas!$A$7:$E$14,2,FALSE) -> 46171.708 | R59: =VLOOKUP($C$2,Quotas!$A$7:$E$14,3,FALSE) -> 46178.708
A60: {=XLOOKUP($E60,'Player Database'!$B$2:$B252,'Player Database'!$C$2:$C252)} -> #N/A | B60: {=XLOOKUP($E60,'Player Database'!$B$2:$B252,'Player Database'!$E$2:$E252)} -> #N/A | C60: {=XLOOKUP($E60,'Player Database'!$B$2:$B252,'Player Database'!$F$2:$F252)} -> #N/A | D60: =IFERROR(__xludf.DUMMYFUNCTION("""COMPUTED_VALUE"""),1.0) -> 1 | F60: {=XLOOKUP($E60,'Player Database'!$B$2:$B252,'Player Database'!$K$2:$K252)} -> #N/A | G60: {=XLOOKUP($E60,'Player Database'!$B$2:$B252,'Player Database'!$AE$2:$AE252)} -> #N/A | H60: {=XLOOKUP($E60,'Player Database'!$B$2:$B252,'Player Database'!$H$2:$H252)} -> #N/A | I60: {=XLOOKUP($E60,'Player Database'!$B$2:$B252,'Player Database'!$O$2:$O252)} -> #N/A | J60: {=XLOOKUP($E60,'Player Database'!$B$2:$B252,'Player Database'!$P$2:$P252)} -> #N/A | K60: {=XLOOKUP($E60,'Player Database'!$B$2:$B252,'Player Database'!$U$2:$U252)} -> #N/A | L60: {=XLOOKUP($E60,'Player Database'!$B$2:$B252,'Player Database'!$W$2:$W252)} -> #N/A | M60: =CONCATENATE(O60," - ",P60) -> 0 - 0 | N60: {=IF(XLOOKUP($E60,'Player Database'!$B$2:$B252,'Player Database'!$AA$2:$AA252)="",XLOOKUP($E60,'Player Database'!$B$2:$B252,'Player Database'!$G$2:$G252),XLOOKUP($E60,'Player Database'!$B$2:$B252,'Player Database'!$AA$2:$AA252))} -> #N/A | O60: =COUNTIFs(Matches!$B:$B,E60,Matches!$A:$A,">"&Q60,Matches!$A:$A,"<"&R60) -> 0 | P60: =COUNTIFs(Matches!$C:$C,E60,Matches!$A:$A,">"&Q60,Matches!$A:$A,"<"&R60) -> 0 | Q60: =VLOOKUP($C$2,Quotas!$A$7:$E$14,2,FALSE) -> 46171.708 | R60: =VLOOKUP($C$2,Quotas!$A$7:$E$14,3,FALSE) -> 46178.708
A61: {=XLOOKUP($E61,'Player Database'!$B$2:$B252,'Player Database'!$C$2:$C252)} -> #N/A | B61: {=XLOOKUP($E61,'Player Database'!$B$2:$B252,'Player Database'!$E$2:$E252)} -> #N/A | C61: {=XLOOKUP($E61,'Player Database'!$B$2:$B252,'Player Database'!$F$2:$F252)} -> #N/A | D61: =IFERROR(__xludf.DUMMYFUNCTION("""COMPUTED_VALUE"""),1.0) -> 1 | F61: {=XLOOKUP($E61,'Player Database'!$B$2:$B252,'Player Database'!$K$2:$K252)} -> #N/A | G61: {=XLOOKUP($E61,'Player Database'!$B$2:$B252,'Player Database'!$AE$2:$AE252)} -> #N/A | H61: {=XLOOKUP($E61,'Player Database'!$B$2:$B252,'Player Database'!$H$2:$H252)} -> #N/A | I61: {=XLOOKUP($E61,'Player Database'!$B$2:$B252,'Player Database'!$O$2:$O252)} -> #N/A | J61: {=XLOOKUP($E61,'Player Database'!$B$2:$B252,'Player Database'!$P$2:$P252)} -> #N/A | K61: {=XLOOKUP($E61,'Player Database'!$B$2:$B252,'Player Database'!$U$2:$U252)} -> #N/A | L61: {=XLOOKUP($E61,'Player Database'!$B$2:$B252,'Player Database'!$W$2:$W252)} -> #N/A | M61: =CONCATENATE(O61," - ",P61) -> 0 - 0 | N61: {=IF(XLOOKUP($E61,'Player Database'!$B$2:$B252,'Player Database'!$AA$2:$AA252)="",XLOOKUP($E61,'Player Database'!$B$2:$B252,'Player Database'!$G$2:$G252),XLOOKUP($E61,'Player Database'!$B$2:$B252,'Player Database'!$AA$2:$AA252))} -> #N/A | O61: =COUNTIFs(Matches!$B:$B,E61,Matches!$A:$A,">"&Q61,Matches!$A:$A,"<"&R61) -> 0 | P61: =COUNTIFs(Matches!$C:$C,E61,Matches!$A:$A,">"&Q61,Matches!$A:$A,"<"&R61) -> 0 | Q61: =VLOOKUP($C$2,Quotas!$A$7:$E$14,2,FALSE) -> 46171.708 | R61: =VLOOKUP($C$2,Quotas!$A$7:$E$14,3,FALSE) -> 46178.708
A62: {=XLOOKUP($E62,'Player Database'!$B$2:$B252,'Player Database'!$C$2:$C252)} -> #N/A | B62: {=XLOOKUP($E62,'Player Database'!$B$2:$B252,'Player Database'!$E$2:$E252)} -> #N/A | C62: {=XLOOKUP($E62,'Player Database'!$B$2:$B252,'Player Database'!$F$2:$F252)} -> #N/A | D62: =IFERROR(__xludf.DUMMYFUNCTION("""COMPUTED_VALUE"""),1.0) -> 1 | F62: {=XLOOKUP($E62,'Player Database'!$B$2:$B252,'Player Database'!$K$2:$K252)} -> #N/A | G62: {=XLOOKUP($E62,'Player Database'!$B$2:$B252,'Player Database'!$AE$2:$AE252)} -> #N/A | H62: {=XLOOKUP($E62,'Player Database'!$B$2:$B252,'Player Database'!$H$2:$H252)} -> #N/A | I62: {=XLOOKUP($E62,'Player Database'!$B$2:$B252,'Player Database'!$O$2:$O252)} -> #N/A | J62: {=XLOOKUP($E62,'Player Database'!$B$2:$B252,'Player Database'!$P$2:$P252)} -> #N/A | K62: {=XLOOKUP($E62,'Player Database'!$B$2:$B252,'Player Database'!$U$2:$U252)} -> #N/A | L62: {=XLOOKUP($E62,'Player Database'!$B$2:$B252,'Player Database'!$W$2:$W252)} -> #N/A | M62: =CONCATENATE(O62," - ",P62) -> 0 - 0 | N62: {=IF(XLOOKUP($E62,'Player Database'!$B$2:$B252,'Player Database'!$AA$2:$AA252)="",XLOOKUP($E62,'Player Database'!$B$2:$B252,'Player Database'!$G$2:$G252),XLOOKUP($E62,'Player Database'!$B$2:$B252,'Player Database'!$AA$2:$AA252))} -> #N/A | O62: =COUNTIFs(Matches!$B:$B,E62,Matches!$A:$A,">"&Q62,Matches!$A:$A,"<"&R62) -> 0 | P62: =COUNTIFs(Matches!$C:$C,E62,Matches!$A:$A,">"&Q62,Matches!$A:$A,"<"&R62) -> 0 | Q62: =VLOOKUP($C$2,Quotas!$A$7:$E$14,2,FALSE) -> 46171.708 | R62: =VLOOKUP($C$2,Quotas!$A$7:$E$14,3,FALSE) -> 46178.708
A63: {=XLOOKUP($E63,'Player Database'!$B$2:$B252,'Player Database'!$C$2:$C252)} -> #N/A | B63: {=XLOOKUP($E63,'Player Database'!$B$2:$B252,'Player Database'!$E$2:$E252)} -> #N/A | C63: {=XLOOKUP($E63,'Player Database'!$B$2:$B252,'Player Database'!$F$2:$F252)} -> #N/A | D63: =IFERROR(__xludf.DUMMYFUNCTION("""COMPUTED_VALUE"""),1.0) -> 1 | F63: {=XLOOKUP($E63,'Player Database'!$B$2:$B252,'Player Database'!$K$2:$K252)} -> #N/A | G63: {=XLOOKUP($E63,'Player Database'!$B$2:$B252,'Player Database'!$AE$2:$AE252)} -> #N/A | H63: {=XLOOKUP($E63,'Player Database'!$B$2:$B252,'Player Database'!$H$2:$H252)} -> #N/A | I63: {=XLOOKUP($E63,'Player Database'!$B$2:$B252,'Player Database'!$O$2:$O252)} -> #N/A | J63: {=XLOOKUP($E63,'Player Database'!$B$2:$B252,'Player Database'!$P$2:$P252)} -> #N/A | K63: {=XLOOKUP($E63,'Player Database'!$B$2:$B252,'Player Database'!$U$2:$U252)} -> #N/A | L63: {=XLOOKUP($E63,'Player Database'!$B$2:$B252,'Player Database'!$W$2:$W252)} -> #N/A | M63: =CONCATENATE(O63," - ",P63) -> 0 - 0 | N63: {=IF(XLOOKUP($E63,'Player Database'!$B$2:$B252,'Player Database'!$AA$2:$AA252)="",XLOOKUP($E63,'Player Database'!$B$2:$B252,'Player Database'!$G$2:$G252),XLOOKUP($E63,'Player Database'!$B$2:$B252,'Player Database'!$AA$2:$AA252))} -> #N/A | O63: =COUNTIFs(Matches!$B:$B,E63,Matches!$A:$A,">"&Q63,Matches!$A:$A,"<"&R63) -> 0 | P63: =COUNTIFs(Matches!$C:$C,E63,Matches!$A:$A,">"&Q63,Matches!$A:$A,"<"&R63) -> 0 | Q63: =VLOOKUP($C$2,Quotas!$A$7:$E$14,2,FALSE) -> 46171.708 | R63: =VLOOKUP($C$2,Quotas!$A$7:$E$14,3,FALSE) -> 46178.708
A64: {=XLOOKUP($E64,'Player Database'!$B$2:$B252,'Player Database'!$C$2:$C252)} -> #N/A | B64: {=XLOOKUP($E64,'Player Database'!$B$2:$B252,'Player Database'!$E$2:$E252)} -> #N/A | C64: {=XLOOKUP($E64,'Player Database'!$B$2:$B252,'Player Database'!$F$2:$F252)} -> #N/A | D64: =IFERROR(__xludf.DUMMYFUNCTION("""COMPUTED_VALUE"""),1.0) -> 1 | F64: {=XLOOKUP($E64,'Player Database'!$B$2:$B252,'Player Database'!$K$2:$K252)} -> #N/A | G64: {=XLOOKUP($E64,'Player Database'!$B$2:$B252,'Player Database'!$AE$2:$AE252)} -> #N/A | H64: {=XLOOKUP($E64,'Player Database'!$B$2:$B252,'Player Database'!$H$2:$H252)} -> #N/A | I64: {=XLOOKUP($E64,'Player Database'!$B$2:$B252,'Player Database'!$O$2:$O252)} -> #N/A | J64: {=XLOOKUP($E64,'Player Database'!$B$2:$B252,'Player Database'!$P$2:$P252)} -> #N/A | K64: {=XLOOKUP($E64,'Player Database'!$B$2:$B252,'Player Database'!$U$2:$U252)} -> #N/A | L64: {=XLOOKUP($E64,'Player Database'!$B$2:$B252,'Player Database'!$W$2:$W252)} -> #N/A | M64: =CONCATENATE(O64," - ",P64) -> 0 - 0 | N64: {=IF(XLOOKUP($E64,'Player Database'!$B$2:$B252,'Player Database'!$AA$2:$AA252)="",XLOOKUP($E64,'Player Database'!$B$2:$B252,'Player Database'!$G$2:$G252),XLOOKUP($E64,'Player Database'!$B$2:$B252,'Player Database'!$AA$2:$AA252))} -> #N/A | O64: =COUNTIFs(Matches!$B:$B,E64,Matches!$A:$A,">"&Q64,Matches!$A:$A,"<"&R64) -> 0 | P64: =COUNTIFs(Matches!$C:$C,E64,Matches!$A:$A,">"&Q64,Matches!$A:$A,"<"&R64) -> 0 | Q64: =VLOOKUP($C$2,Quotas!$A$7:$E$14,2,FALSE) -> 46171.708 | R64: =VLOOKUP($C$2,Quotas!$A$7:$E$14,3,FALSE) -> 46178.708
A65: {=XLOOKUP($E65,'Player Database'!$B$2:$B252,'Player Database'!$C$2:$C252)} -> #N/A | B65: {=XLOOKUP($E65,'Player Database'!$B$2:$B252,'Player Database'!$E$2:$E252)} -> #N/A | C65: {=XLOOKUP($E65,'Player Database'!$B$2:$B252,'Player Database'!$F$2:$F252)} -> #N/A | D65: =IFERROR(__xludf.DUMMYFUNCTION("""COMPUTED_VALUE"""),1.0) -> 1 | F65: {=XLOOKUP($E65,'Player Database'!$B$2:$B252,'Player Database'!$K$2:$K252)} -> #N/A | G65: {=XLOOKUP($E65,'Player Database'!$B$2:$B252,'Player Database'!$AE$2:$AE252)} -> #N/A | H65: {=XLOOKUP($E65,'Player Database'!$B$2:$B252,'Player Database'!$H$2:$H252)} -> #N/A | I65: {=XLOOKUP($E65,'Player Database'!$B$2:$B252,'Player Database'!$O$2:$O252)} -> #N/A | J65: {=XLOOKUP($E65,'Player Database'!$B$2:$B252,'Player Database'!$P$2:$P252)} -> #N/A | K65: {=XLOOKUP($E65,'Player Database'!$B$2:$B252,'Player Database'!$U$2:$U252)} -> #N/A | L65: {=XLOOKUP($E65,'Player Database'!$B$2:$B252,'Player Database'!$W$2:$W252)} -> #N/A | M65: =CONCATENATE(O65," - ",P65) -> 0 - 0 | N65: {=IF(XLOOKUP($E65,'Player Database'!$B$2:$B252,'Player Database'!$AA$2:$AA252)="",XLOOKUP($E65,'Player Database'!$B$2:$B252,'Player Database'!$G$2:$G252),XLOOKUP($E65,'Player Database'!$B$2:$B252,'Player Database'!$AA$2:$AA252))} -> #N/A | O65: =COUNTIFs(Matches!$B:$B,E65,Matches!$A:$A,">"&Q65,Matches!$A:$A,"<"&R65) -> 0 | P65: =COUNTIFs(Matches!$C:$C,E65,Matches!$A:$A,">"&Q65,Matches!$A:$A,"<"&R65) -> 0 | Q65: =VLOOKUP($C$2,Quotas!$A$7:$E$14,2,FALSE) -> 46171.708 | R65: =VLOOKUP($C$2,Quotas!$A$7:$E$14,3,FALSE) -> 46178.708
A66: {=XLOOKUP($E66,'Player Database'!$B$2:$B252,'Player Database'!$C$2:$C252)} -> #N/A | B66: {=XLOOKUP($E66,'Player Database'!$B$2:$B252,'Player Database'!$E$2:$E252)} -> #N/A | C66: {=XLOOKUP($E66,'Player Database'!$B$2:$B252,'Player Database'!$F$2:$F252)} -> #N/A | D66: =IFERROR(__xludf.DUMMYFUNCTION("""COMPUTED_VALUE"""),1.0) -> 1 | F66: {=XLOOKUP($E66,'Player Database'!$B$2:$B252,'Player Database'!$K$2:$K252)} -> #N/A | G66: {=XLOOKUP($E66,'Player Database'!$B$2:$B252,'Player Database'!$AE$2:$AE252)} -> #N/A | H66: {=XLOOKUP($E66,'Player Database'!$B$2:$B252,'Player Database'!$H$2:$H252)} -> #N/A | I66: {=XLOOKUP($E66,'Player Database'!$B$2:$B252,'Player Database'!$O$2:$O252)} -> #N/A | J66: {=XLOOKUP($E66,'Player Database'!$B$2:$B252,'Player Database'!$P$2:$P252)} -> #N/A | K66: {=XLOOKUP($E66,'Player Database'!$B$2:$B252,'Player Database'!$U$2:$U252)} -> #N/A | L66: {=XLOOKUP($E66,'Player Database'!$B$2:$B252,'Player Database'!$W$2:$W252)} -> #N/A | M66: =CONCATENATE(O66," - ",P66) -> 0 - 0 | N66: {=IF(XLOOKUP($E66,'Player Database'!$B$2:$B252,'Player Database'!$AA$2:$AA252)="",XLOOKUP($E66,'Player Database'!$B$2:$B252,'Player Database'!$G$2:$G252),XLOOKUP($E66,'Player Database'!$B$2:$B252,'Player Database'!$AA$2:$AA252))} -> #N/A | O66: =COUNTIFs(Matches!$B:$B,E66,Matches!$A:$A,">"&Q66,Matches!$A:$A,"<"&R66) -> 0 | P66: =COUNTIFs(Matches!$C:$C,E66,Matches!$A:$A,">"&Q66,Matches!$A:$A,"<"&R66) -> 0 | Q66: =VLOOKUP($C$2,Quotas!$A$7:$E$14,2,FALSE) -> 46171.708 | R66: =VLOOKUP($C$2,Quotas!$A$7:$E$14,3,FALSE) -> 46178.708
A67: {=XLOOKUP($E67,'Player Database'!$B$2:$B252,'Player Database'!$C$2:$C252)} -> #N/A | B67: {=XLOOKUP($E67,'Player Database'!$B$2:$B252,'Player Database'!$E$2:$E252)} -> #N/A | C67: {=XLOOKUP($E67,'Player Database'!$B$2:$B252,'Player Database'!$F$2:$F252)} -> #N/A | D67: =IFERROR(__xludf.DUMMYFUNCTION("""COMPUTED_VALUE"""),1.0) -> 1 | F67: {=XLOOKUP($E67,'Player Database'!$B$2:$B252,'Player Database'!$K$2:$K252)} -> #N/A | G67: {=XLOOKUP($E67,'Player Database'!$B$2:$B252,'Player Database'!$AE$2:$AE252)} -> #N/A | H67: {=XLOOKUP($E67,'Player Database'!$B$2:$B252,'Player Database'!$H$2:$H252)} -> #N/A | I67: {=XLOOKUP($E67,'Player Database'!$B$2:$B252,'Player Database'!$O$2:$O252)} -> #N/A | J67: {=XLOOKUP($E67,'Player Database'!$B$2:$B252,'Player Database'!$P$2:$P252)} -> #N/A | K67: {=XLOOKUP($E67,'Player Database'!$B$2:$B252,'Player Database'!$U$2:$U252)} -> #N/A | L67: {=XLOOKUP($E67,'Player Database'!$B$2:$B252,'Player Database'!$W$2:$W252)} -> #N/A | M67: =CONCATENATE(O67," - ",P67) -> 0 - 0 | N67: {=IF(XLOOKUP($E67,'Player Database'!$B$2:$B252,'Player Database'!$AA$2:$AA252)="",XLOOKUP($E67,'Player Database'!$B$2:$B252,'Player Database'!$G$2:$G252),XLOOKUP($E67,'Player Database'!$B$2:$B252,'Player Database'!$AA$2:$AA252))} -> #N/A | O67: =COUNTIFs(Matches!$B:$B,E67,Matches!$A:$A,">"&Q67,Matches!$A:$A,"<"&R67) -> 0 | P67: =COUNTIFs(Matches!$C:$C,E67,Matches!$A:$A,">"&Q67,Matches!$A:$A,"<"&R67) -> 0 | Q67: =VLOOKUP($C$2,Quotas!$A$7:$E$14,2,FALSE) -> 46171.708 | R67: =VLOOKUP($C$2,Quotas!$A$7:$E$14,3,FALSE) -> 46178.708
A68: {=XLOOKUP($E68,'Player Database'!$B$2:$B252,'Player Database'!$C$2:$C252)} -> #N/A | B68: {=XLOOKUP($E68,'Player Database'!$B$2:$B252,'Player Database'!$E$2:$E252)} -> #N/A | C68: {=XLOOKUP($E68,'Player Database'!$B$2:$B252,'Player Database'!$F$2:$F252)} -> #N/A | D68: =IFERROR(__xludf.DUMMYFUNCTION("""COMPUTED_VALUE"""),1.0) -> 1 | F68: {=XLOOKUP($E68,'Player Database'!$B$2:$B252,'Player Database'!$K$2:$K252)} -> #N/A | G68: {=XLOOKUP($E68,'Player Database'!$B$2:$B252,'Player Database'!$AE$2:$AE252)} -> #N/A | H68: {=XLOOKUP($E68,'Player Database'!$B$2:$B252,'Player Database'!$H$2:$H252)} -> #N/A | I68: {=XLOOKUP($E68,'Player Database'!$B$2:$B252,'Player Database'!$O$2:$O252)} -> #N/A | J68: {=XLOOKUP($E68,'Player Database'!$B$2:$B252,'Player Database'!$P$2:$P252)} -> #N/A | K68: {=XLOOKUP($E68,'Player Database'!$B$2:$B252,'Player Database'!$U$2:$U252)} -> #N/A | L68: {=XLOOKUP($E68,'Player Database'!$B$2:$B252,'Player Database'!$W$2:$W252)} -> #N/A | M68: =CONCATENATE(O68," - ",P68) -> 0 - 0 | N68: {=IF(XLOOKUP($E68,'Player Database'!$B$2:$B252,'Player Database'!$AA$2:$AA252)="",XLOOKUP($E68,'Player Database'!$B$2:$B252,'Player Database'!$G$2:$G252),XLOOKUP($E68,'Player Database'!$B$2:$B252,'Player Database'!$AA$2:$AA252))} -> #N/A | O68: =COUNTIFs(Matches!$B:$B,E68,Matches!$A:$A,">"&Q68,Matches!$A:$A,"<"&R68) -> 0 | P68: =COUNTIFs(Matches!$C:$C,E68,Matches!$A:$A,">"&Q68,Matches!$A:$A,"<"&R68) -> 0 | Q68: =VLOOKUP($C$2,Quotas!$A$7:$E$14,2,FALSE) -> 46171.708 | R68: =VLOOKUP($C$2,Quotas!$A$7:$E$14,3,FALSE) -> 46178.708
A69: {=XLOOKUP($E69,'Player Database'!$B$2:$B252,'Player Database'!$C$2:$C252)} -> #N/A | B69: {=XLOOKUP($E69,'Player Database'!$B$2:$B252,'Player Database'!$E$2:$E252)} -> #N/A | C69: {=XLOOKUP($E69,'Player Database'!$B$2:$B252,'Player Database'!$F$2:$F252)} -> #N/A | D69: =IFERROR(__xludf.DUMMYFUNCTION("""COMPUTED_VALUE"""),1.0) -> 1 | F69: {=XLOOKUP($E69,'Player Database'!$B$2:$B252,'Player Database'!$K$2:$K252)} -> #N/A | G69: {=XLOOKUP($E69,'Player Database'!$B$2:$B252,'Player Database'!$AE$2:$AE252)} -> #N/A | H69: {=XLOOKUP($E69,'Player Database'!$B$2:$B252,'Player Database'!$H$2:$H252)} -> #N/A | I69: {=XLOOKUP($E69,'Player Database'!$B$2:$B252,'Player Database'!$O$2:$O252)} -> #N/A | J69: {=XLOOKUP($E69,'Player Database'!$B$2:$B252,'Player Database'!$P$2:$P252)} -> #N/A | K69: {=XLOOKUP($E69,'Player Database'!$B$2:$B252,'Player Database'!$U$2:$U252)} -> #N/A | L69: {=XLOOKUP($E69,'Player Database'!$B$2:$B252,'Player Database'!$W$2:$W252)} -> #N/A | M69: =CONCATENATE(O69," - ",P69) -> 0 - 0 | N69: {=IF(XLOOKUP($E69,'Player Database'!$B$2:$B252,'Player Database'!$AA$2:$AA252)="",XLOOKUP($E69,'Player Database'!$B$2:$B252,'Player Database'!$G$2:$G252),XLOOKUP($E69,'Player Database'!$B$2:$B252,'Player Database'!$AA$2:$AA252))} -> #N/A | O69: =COUNTIFs(Matches!$B:$B,E69,Matches!$A:$A,">"&Q69,Matches!$A:$A,"<"&R69) -> 0 | P69: =COUNTIFs(Matches!$C:$C,E69,Matches!$A:$A,">"&Q69,Matches!$A:$A,"<"&R69) -> 0 | Q69: =VLOOKUP($C$2,Quotas!$A$7:$E$14,2,FALSE) -> 46171.708 | R69: =VLOOKUP($C$2,Quotas!$A$7:$E$14,3,FALSE) -> 46178.708
A70: {=XLOOKUP($E70,'Player Database'!$B$2:$B252,'Player Database'!$C$2:$C252)} -> #N/A | B70: {=XLOOKUP($E70,'Player Database'!$B$2:$B252,'Player Database'!$E$2:$E252)} -> #N/A | C70: {=XLOOKUP($E70,'Player Database'!$B$2:$B252,'Player Database'!$F$2:$F252)} -> #N/A | D70: =IFERROR(__xludf.DUMMYFUNCTION("""COMPUTED_VALUE"""),1.0) -> 1 | F70: {=XLOOKUP($E70,'Player Database'!$B$2:$B252,'Player Database'!$K$2:$K252)} -> #N/A | G70: {=XLOOKUP($E70,'Player Database'!$B$2:$B252,'Player Database'!$AE$2:$AE252)} -> #N/A | H70: {=XLOOKUP($E70,'Player Database'!$B$2:$B252,'Player Database'!$H$2:$H252)} -> #N/A | I70: {=XLOOKUP($E70,'Player Database'!$B$2:$B252,'Player Database'!$O$2:$O252)} -> #N/A | J70: {=XLOOKUP($E70,'Player Database'!$B$2:$B252,'Player Database'!$P$2:$P252)} -> #N/A | K70: {=XLOOKUP($E70,'Player Database'!$B$2:$B252,'Player Database'!$U$2:$U252)} -> #N/A | L70: {=XLOOKUP($E70,'Player Database'!$B$2:$B252,'Player Database'!$W$2:$W252)} -> #N/A | M70: =CONCATENATE(O70," - ",P70) -> 0 - 0 | N70: {=IF(XLOOKUP($E70,'Player Database'!$B$2:$B252,'Player Database'!$AA$2:$AA252)="",XLOOKUP($E70,'Player Database'!$B$2:$B252,'Player Database'!$G$2:$G252),XLOOKUP($E70,'Player Database'!$B$2:$B252,'Player Database'!$AA$2:$AA252))} -> #N/A | O70: =COUNTIFs(Matches!$B:$B,E70,Matches!$A:$A,">"&Q70,Matches!$A:$A,"<"&R70) -> 0 | P70: =COUNTIFs(Matches!$C:$C,E70,Matches!$A:$A,">"&Q70,Matches!$A:$A,"<"&R70) -> 0 | Q70: =VLOOKUP($C$2,Quotas!$A$7:$E$14,2,FALSE) -> 46171.708 | R70: =VLOOKUP($C$2,Quotas!$A$7:$E$14,3,FALSE) -> 46178.708
A71: {=XLOOKUP($E71,'Player Database'!$B$2:$B252,'Player Database'!$C$2:$C252)} -> #N/A | B71: {=XLOOKUP($E71,'Player Database'!$B$2:$B252,'Player Database'!$E$2:$E252)} -> #N/A | C71: {=XLOOKUP($E71,'Player Database'!$B$2:$B252,'Player Database'!$F$2:$F252)} -> #N/A | D71: =IFERROR(__xludf.DUMMYFUNCTION("""COMPUTED_VALUE"""),1.0) -> 1 | F71: {=XLOOKUP($E71,'Player Database'!$B$2:$B252,'Player Database'!$K$2:$K252)} -> #N/A | G71: {=XLOOKUP($E71,'Player Database'!$B$2:$B252,'Player Database'!$AE$2:$AE252)} -> #N/A | H71: {=XLOOKUP($E71,'Player Database'!$B$2:$B252,'Player Database'!$H$2:$H252)} -> #N/A | I71: {=XLOOKUP($E71,'Player Database'!$B$2:$B252,'Player Database'!$O$2:$O252)} -> #N/A | J71: {=XLOOKUP($E71,'Player Database'!$B$2:$B252,'Player Database'!$P$2:$P252)} -> #N/A | K71: {=XLOOKUP($E71,'Player Database'!$B$2:$B252,'Player Database'!$U$2:$U252)} -> #N/A | L71: {=XLOOKUP($E71,'Player Database'!$B$2:$B252,'Player Database'!$W$2:$W252)} -> #N/A | M71: =CONCATENATE(O71," - ",P71) -> 0 - 0 | N71: {=IF(XLOOKUP($E71,'Player Database'!$B$2:$B252,'Player Database'!$AA$2:$AA252)="",XLOOKUP($E71,'Player Database'!$B$2:$B252,'Player Database'!$G$2:$G252),XLOOKUP($E71,'Player Database'!$B$2:$B252,'Player Database'!$AA$2:$AA252))} -> #N/A | O71: =COUNTIFs(Matches!$B:$B,E71,Matches!$A:$A,">"&Q71,Matches!$A:$A,"<"&R71) -> 0 | P71: =COUNTIFs(Matches!$C:$C,E71,Matches!$A:$A,">"&Q71,Matches!$A:$A,"<"&R71) -> 0 | Q71: =VLOOKUP($C$2,Quotas!$A$7:$E$14,2,FALSE) -> 46171.708 | R71: =VLOOKUP($C$2,Quotas!$A$7:$E$14,3,FALSE) -> 46178.708
A72: {=XLOOKUP($E72,'Player Database'!$B$2:$B252,'Player Database'!$C$2:$C252)} -> #N/A | B72: {=XLOOKUP($E72,'Player Database'!$B$2:$B252,'Player Database'!$E$2:$E252)} -> #N/A | C72: {=XLOOKUP($E72,'Player Database'!$B$2:$B252,'Player Database'!$F$2:$F252)} -> #N/A | D72: =IFERROR(__xludf.DUMMYFUNCTION("""COMPUTED_VALUE"""),1.0) -> 1 | F72: {=XLOOKUP($E72,'Player Database'!$B$2:$B252,'Player Database'!$K$2:$K252)} -> #N/A | G72: {=XLOOKUP($E72,'Player Database'!$B$2:$B252,'Player Database'!$AE$2:$AE252)} -> #N/A | H72: {=XLOOKUP($E72,'Player Database'!$B$2:$B252,'Player Database'!$H$2:$H252)} -> #N/A | I72: {=XLOOKUP($E72,'Player Database'!$B$2:$B252,'Player Database'!$O$2:$O252)} -> #N/A | J72: {=XLOOKUP($E72,'Player Database'!$B$2:$B252,'Player Database'!$P$2:$P252)} -> #N/A | K72: {=XLOOKUP($E72,'Player Database'!$B$2:$B252,'Player Database'!$U$2:$U252)} -> #N/A | L72: {=XLOOKUP($E72,'Player Database'!$B$2:$B252,'Player Database'!$W$2:$W252)} -> #N/A | M72: =CONCATENATE(O72," - ",P72) -> 0 - 0 | N72: {=IF(XLOOKUP($E72,'Player Database'!$B$2:$B252,'Player Database'!$AA$2:$AA252)="",XLOOKUP($E72,'Player Database'!$B$2:$B252,'Player Database'!$G$2:$G252),XLOOKUP($E72,'Player Database'!$B$2:$B252,'Player Database'!$AA$2:$AA252))} -> #N/A | O72: =COUNTIFs(Matches!$B:$B,E72,Matches!$A:$A,">"&Q72,Matches!$A:$A,"<"&R72) -> 0 | P72: =COUNTIFs(Matches!$C:$C,E72,Matches!$A:$A,">"&Q72,Matches!$A:$A,"<"&R72) -> 0 | Q72: =VLOOKUP($C$2,Quotas!$A$7:$E$14,2,FALSE) -> 46171.708 | R72: =VLOOKUP($C$2,Quotas!$A$7:$E$14,3,FALSE) -> 46178.708
A73: {=XLOOKUP($E73,'Player Database'!$B$2:$B252,'Player Database'!$C$2:$C252)} -> #N/A | B73: {=XLOOKUP($E73,'Player Database'!$B$2:$B252,'Player Database'!$E$2:$E252)} -> #N/A | C73: {=XLOOKUP($E73,'Player Database'!$B$2:$B252,'Player Database'!$F$2:$F252)} -> #N/A | D73: =IFERROR(__xludf.DUMMYFUNCTION("""COMPUTED_VALUE"""),1.0) -> 1 | F73: {=XLOOKUP($E73,'Player Database'!$B$2:$B252,'Player Database'!$K$2:$K252)} -> #N/A | G73: {=XLOOKUP($E73,'Player Database'!$B$2:$B252,'Player Database'!$AE$2:$AE252)} -> #N/A | H73: {=XLOOKUP($E73,'Player Database'!$B$2:$B252,'Player Database'!$H$2:$H252)} -> #N/A | I73: {=XLOOKUP($E73,'Player Database'!$B$2:$B252,'Player Database'!$O$2:$O252)} -> #N/A | J73: {=XLOOKUP($E73,'Player Database'!$B$2:$B252,'Player Database'!$P$2:$P252)} -> #N/A | K73: {=XLOOKUP($E73,'Player Database'!$B$2:$B252,'Player Database'!$U$2:$U252)} -> #N/A | L73: {=XLOOKUP($E73,'Player Database'!$B$2:$B252,'Player Database'!$W$2:$W252)} -> #N/A | M73: =CONCATENATE(O73," - ",P73) -> 0 - 0 | N73: {=IF(XLOOKUP($E73,'Player Database'!$B$2:$B252,'Player Database'!$AA$2:$AA252)="",XLOOKUP($E73,'Player Database'!$B$2:$B252,'Player Database'!$G$2:$G252),XLOOKUP($E73,'Player Database'!$B$2:$B252,'Player Database'!$AA$2:$AA252))} -> #N/A | O73: =COUNTIFs(Matches!$B:$B,E73,Matches!$A:$A,">"&Q73,Matches!$A:$A,"<"&R73) -> 0 | P73: =COUNTIFs(Matches!$C:$C,E73,Matches!$A:$A,">"&Q73,Matches!$A:$A,"<"&R73) -> 0 | Q73: =VLOOKUP($C$2,Quotas!$A$7:$E$14,2,FALSE) -> 46171.708 | R73: =VLOOKUP($C$2,Quotas!$A$7:$E$14,3,FALSE) -> 46178.708
A74: {=XLOOKUP($E74,'Player Database'!$B$2:$B252,'Player Database'!$C$2:$C252)} -> #N/A | B74: {=XLOOKUP($E74,'Player Database'!$B$2:$B252,'Player Database'!$E$2:$E252)} -> #N/A | C74: {=XLOOKUP($E74,'Player Database'!$B$2:$B252,'Player Database'!$F$2:$F252)} -> #N/A | D74: =IFERROR(__xludf.DUMMYFUNCTION("""COMPUTED_VALUE"""),1.0) -> 1 | F74: {=XLOOKUP($E74,'Player Database'!$B$2:$B252,'Player Database'!$K$2:$K252)} -> #N/A | G74: {=XLOOKUP($E74,'Player Database'!$B$2:$B252,'Player Database'!$AE$2:$AE252)} -> #N/A | H74: {=XLOOKUP($E74,'Player Database'!$B$2:$B252,'Player Database'!$H$2:$H252)} -> #N/A | I74: {=XLOOKUP($E74,'Player Database'!$B$2:$B252,'Player Database'!$O$2:$O252)} -> #N/A | J74: {=XLOOKUP($E74,'Player Database'!$B$2:$B252,'Player Database'!$P$2:$P252)} -> #N/A | K74: {=XLOOKUP($E74,'Player Database'!$B$2:$B252,'Player Database'!$U$2:$U252)} -> #N/A | L74: {=XLOOKUP($E74,'Player Database'!$B$2:$B252,'Player Database'!$W$2:$W252)} -> #N/A | M74: =CONCATENATE(O74," - ",P74) -> 0 - 0 | N74: {=IF(XLOOKUP($E74,'Player Database'!$B$2:$B252,'Player Database'!$AA$2:$AA252)="",XLOOKUP($E74,'Player Database'!$B$2:$B252,'Player Database'!$G$2:$G252),XLOOKUP($E74,'Player Database'!$B$2:$B252,'Player Database'!$AA$2:$AA252))} -> #N/A | O74: =COUNTIFs(Matches!$B:$B,E74,Matches!$A:$A,">"&Q74,Matches!$A:$A,"<"&R74) -> 0 | P74: =COUNTIFs(Matches!$C:$C,E74,Matches!$A:$A,">"&Q74,Matches!$A:$A,"<"&R74) -> 0 | Q74: =VLOOKUP($C$2,Quotas!$A$7:$E$14,2,FALSE) -> 46171.708 | R74: =VLOOKUP($C$2,Quotas!$A$7:$E$14,3,FALSE) -> 46178.708
A75: {=XLOOKUP($E75,'Player Database'!$B$2:$B252,'Player Database'!$C$2:$C252)} -> #N/A | B75: {=XLOOKUP($E75,'Player Database'!$B$2:$B252,'Player Database'!$E$2:$E252)} -> #N/A | C75: {=XLOOKUP($E75,'Player Database'!$B$2:$B252,'Player Database'!$F$2:$F252)} -> #N/A | D75: =IFERROR(__xludf.DUMMYFUNCTION("""COMPUTED_VALUE"""),1.0) -> 1 | F75: {=XLOOKUP($E75,'Player Database'!$B$2:$B252,'Player Database'!$K$2:$K252)} -> #N/A | G75: {=XLOOKUP($E75,'Player Database'!$B$2:$B252,'Player Database'!$AE$2:$AE252)} -> #N/A | H75: {=XLOOKUP($E75,'Player Database'!$B$2:$B252,'Player Database'!$H$2:$H252)} -> #N/A | I75: {=XLOOKUP($E75,'Player Database'!$B$2:$B252,'Player Database'!$O$2:$O252)} -> #N/A | J75: {=XLOOKUP($E75,'Player Database'!$B$2:$B252,'Player Database'!$P$2:$P252)} -> #N/A | K75: {=XLOOKUP($E75,'Player Database'!$B$2:$B252,'Player Database'!$U$2:$U252)} -> #N/A | L75: {=XLOOKUP($E75,'Player Database'!$B$2:$B252,'Player Database'!$W$2:$W252)} -> #N/A | M75: =CONCATENATE(O75," - ",P75) -> 0 - 0 | N75: {=IF(XLOOKUP($E75,'Player Database'!$B$2:$B252,'Player Database'!$AA$2:$AA252)="",XLOOKUP($E75,'Player Database'!$B$2:$B252,'Player Database'!$G$2:$G252),XLOOKUP($E75,'Player Database'!$B$2:$B252,'Player Database'!$AA$2:$AA252))} -> #N/A | O75: =COUNTIFs(Matches!$B:$B,E75,Matches!$A:$A,">"&Q75,Matches!$A:$A,"<"&R75) -> 0 | P75: =COUNTIFs(Matches!$C:$C,E75,Matches!$A:$A,">"&Q75,Matches!$A:$A,"<"&R75) -> 0 | Q75: =VLOOKUP($C$2,Quotas!$A$7:$E$14,2,FALSE) -> 46171.708 | R75: =VLOOKUP($C$2,Quotas!$A$7:$E$14,3,FALSE) -> 46178.708
A76: {=XLOOKUP($E76,'Player Database'!$B$2:$B252,'Player Database'!$C$2:$C252)} -> #N/A | B76: {=XLOOKUP($E76,'Player Database'!$B$2:$B252,'Player Database'!$E$2:$E252)} -> #N/A | C76: {=XLOOKUP($E76,'Player Database'!$B$2:$B252,'Player Database'!$F$2:$F252)} -> #N/A | D76: =IFERROR(__xludf.DUMMYFUNCTION("""COMPUTED_VALUE"""),1.0) -> 1 | F76: {=XLOOKUP($E76,'Player Database'!$B$2:$B252,'Player Database'!$K$2:$K252)} -> #N/A | G76: {=XLOOKUP($E76,'Player Database'!$B$2:$B252,'Player Database'!$AE$2:$AE252)} -> #N/A | H76: {=XLOOKUP($E76,'Player Database'!$B$2:$B252,'Player Database'!$H$2:$H252)} -> #N/A | I76: {=XLOOKUP($E76,'Player Database'!$B$2:$B252,'Player Database'!$O$2:$O252)} -> #N/A | J76: {=XLOOKUP($E76,'Player Database'!$B$2:$B252,'Player Database'!$P$2:$P252)} -> #N/A | K76: {=XLOOKUP($E76,'Player Database'!$B$2:$B252,'Player Database'!$U$2:$U252)} -> #N/A | L76: {=XLOOKUP($E76,'Player Database'!$B$2:$B252,'Player Database'!$W$2:$W252)} -> #N/A | M76: =CONCATENATE(O76," - ",P76) -> 0 - 0 | N76: {=IF(XLOOKUP($E76,'Player Database'!$B$2:$B252,'Player Database'!$AA$2:$AA252)="",XLOOKUP($E76,'Player Database'!$B$2:$B252,'Player Database'!$G$2:$G252),XLOOKUP($E76,'Player Database'!$B$2:$B252,'Player Database'!$AA$2:$AA252))} -> #N/A | O76: =COUNTIFs(Matches!$B:$B,E76,Matches!$A:$A,">"&Q76,Matches!$A:$A,"<"&R76) -> 0 | P76: =COUNTIFs(Matches!$C:$C,E76,Matches!$A:$A,">"&Q76,Matches!$A:$A,"<"&R76) -> 0 | Q76: =VLOOKUP($C$2,Quotas!$A$7:$E$14,2,FALSE) -> 46171.708 | R76: =VLOOKUP($C$2,Quotas!$A$7:$E$14,3,FALSE) -> 46178.708
A77: {=XLOOKUP($E77,'Player Database'!$B$2:$B252,'Player Database'!$C$2:$C252)} -> #N/A | B77: {=XLOOKUP($E77,'Player Database'!$B$2:$B252,'Player Database'!$E$2:$E252)} -> #N/A | C77: {=XLOOKUP($E77,'Player Database'!$B$2:$B252,'Player Database'!$F$2:$F252)} -> #N/A | D77: =IFERROR(__xludf.DUMMYFUNCTION("""COMPUTED_VALUE"""),1.0) -> 1 | F77: {=XLOOKUP($E77,'Player Database'!$B$2:$B252,'Player Database'!$K$2:$K252)} -> #N/A | G77: {=XLOOKUP($E77,'Player Database'!$B$2:$B252,'Player Database'!$AE$2:$AE252)} -> #N/A | H77: {=XLOOKUP($E77,'Player Database'!$B$2:$B252,'Player Database'!$H$2:$H252)} -> #N/A | I77: {=XLOOKUP($E77,'Player Database'!$B$2:$B252,'Player Database'!$O$2:$O252)} -> #N/A | J77: {=XLOOKUP($E77,'Player Database'!$B$2:$B252,'Player Database'!$P$2:$P252)} -> #N/A | K77: {=XLOOKUP($E77,'Player Database'!$B$2:$B252,'Player Database'!$U$2:$U252)} -> #N/A | L77: {=XLOOKUP($E77,'Player Database'!$B$2:$B252,'Player Database'!$W$2:$W252)} -> #N/A | M77: =CONCATENATE(O77," - ",P77) -> 0 - 0 | N77: {=IF(XLOOKUP($E77,'Player Database'!$B$2:$B252,'Player Database'!$AA$2:$AA252)="",XLOOKUP($E77,'Player Database'!$B$2:$B252,'Player Database'!$G$2:$G252),XLOOKUP($E77,'Player Database'!$B$2:$B252,'Player Database'!$AA$2:$AA252))} -> #N/A | O77: =COUNTIFs(Matches!$B:$B,E77,Matches!$A:$A,">"&Q77,Matches!$A:$A,"<"&R77) -> 0 | P77: =COUNTIFs(Matches!$C:$C,E77,Matches!$A:$A,">"&Q77,Matches!$A:$A,"<"&R77) -> 0 | Q77: =VLOOKUP($C$2,Quotas!$A$7:$E$14,2,FALSE) -> 46171.708 | R77: =VLOOKUP($C$2,Quotas!$A$7:$E$14,3,FALSE) -> 46178.708
A78: {=XLOOKUP($E78,'Player Database'!$B$2:$B252,'Player Database'!$C$2:$C252)} -> #N/A | B78: {=XLOOKUP($E78,'Player Database'!$B$2:$B252,'Player Database'!$E$2:$E252)} -> #N/A | C78: {=XLOOKUP($E78,'Player Database'!$B$2:$B252,'Player Database'!$F$2:$F252)} -> #N/A | D78: =IFERROR(__xludf.DUMMYFUNCTION("""COMPUTED_VALUE"""),1.0) -> 1 | F78: {=XLOOKUP($E78,'Player Database'!$B$2:$B252,'Player Database'!$K$2:$K252)} -> #N/A | G78: {=XLOOKUP($E78,'Player Database'!$B$2:$B252,'Player Database'!$AE$2:$AE252)} -> #N/A | H78: {=XLOOKUP($E78,'Player Database'!$B$2:$B252,'Player Database'!$H$2:$H252)} -> #N/A | I78: {=XLOOKUP($E78,'Player Database'!$B$2:$B252,'Player Database'!$O$2:$O252)} -> #N/A | J78: {=XLOOKUP($E78,'Player Database'!$B$2:$B252,'Player Database'!$P$2:$P252)} -> #N/A | K78: {=XLOOKUP($E78,'Player Database'!$B$2:$B252,'Player Database'!$U$2:$U252)} -> #N/A | L78: {=XLOOKUP($E78,'Player Database'!$B$2:$B252,'Player Database'!$W$2:$W252)} -> #N/A | M78: =CONCATENATE(O78," - ",P78) -> 0 - 0 | N78: {=IF(XLOOKUP($E78,'Player Database'!$B$2:$B252,'Player Database'!$AA$2:$AA252)="",XLOOKUP($E78,'Player Database'!$B$2:$B252,'Player Database'!$G$2:$G252),XLOOKUP($E78,'Player Database'!$B$2:$B252,'Player Database'!$AA$2:$AA252))} -> #N/A | O78: =COUNTIFs(Matches!$B:$B,E78,Matches!$A:$A,">"&Q78,Matches!$A:$A,"<"&R78) -> 0 | P78: =COUNTIFs(Matches!$C:$C,E78,Matches!$A:$A,">"&Q78,Matches!$A:$A,"<"&R78) -> 0 | Q78: =VLOOKUP($C$2,Quotas!$A$7:$E$14,2,FALSE) -> 46171.708 | R78: =VLOOKUP($C$2,Quotas!$A$7:$E$14,3,FALSE) -> 46178.708
A79: {=XLOOKUP($E79,'Player Database'!$B$2:$B252,'Player Database'!$C$2:$C252)} -> #N/A | B79: {=XLOOKUP($E79,'Player Database'!$B$2:$B252,'Player Database'!$E$2:$E252)} -> #N/A | C79: {=XLOOKUP($E79,'Player Database'!$B$2:$B252,'Player Database'!$F$2:$F252)} -> #N/A | D79: =IFERROR(__xludf.DUMMYFUNCTION("""COMPUTED_VALUE"""),1.0) -> 1 | F79: {=XLOOKUP($E79,'Player Database'!$B$2:$B252,'Player Database'!$K$2:$K252)} -> #N/A | G79: {=XLOOKUP($E79,'Player Database'!$B$2:$B252,'Player Database'!$AE$2:$AE252)} -> #N/A | H79: {=XLOOKUP($E79,'Player Database'!$B$2:$B252,'Player Database'!$H$2:$H252)} -> #N/A | I79: {=XLOOKUP($E79,'Player Database'!$B$2:$B252,'Player Database'!$O$2:$O252)} -> #N/A | J79: {=XLOOKUP($E79,'Player Database'!$B$2:$B252,'Player Database'!$P$2:$P252)} -> #N/A | K79: {=XLOOKUP($E79,'Player Database'!$B$2:$B252,'Player Database'!$U$2:$U252)} -> #N/A | L79: {=XLOOKUP($E79,'Player Database'!$B$2:$B252,'Player Database'!$W$2:$W252)} -> #N/A | M79: =CONCATENATE(O79," - ",P79) -> 0 - 0 | N79: {=IF(XLOOKUP($E79,'Player Database'!$B$2:$B252,'Player Database'!$AA$2:$AA252)="",XLOOKUP($E79,'Player Database'!$B$2:$B252,'Player Database'!$G$2:$G252),XLOOKUP($E79,'Player Database'!$B$2:$B252,'Player Database'!$AA$2:$AA252))} -> #N/A | O79: =COUNTIFs(Matches!$B:$B,E79,Matches!$A:$A,">"&Q79,Matches!$A:$A,"<"&R79) -> 0 | P79: =COUNTIFs(Matches!$C:$C,E79,Matches!$A:$A,">"&Q79,Matches!$A:$A,"<"&R79) -> 0 | Q79: =VLOOKUP($C$2,Quotas!$A$7:$E$14,2,FALSE) -> 46171.708 | R79: =VLOOKUP($C$2,Quotas!$A$7:$E$14,3,FALSE) -> 46178.708
A80: {=XLOOKUP($E80,'Player Database'!$B$2:$B252,'Player Database'!$C$2:$C252)} -> #N/A | B80: {=XLOOKUP($E80,'Player Database'!$B$2:$B252,'Player Database'!$E$2:$E252)} -> #N/A | C80: {=XLOOKUP($E80,'Player Database'!$B$2:$B252,'Player Database'!$F$2:$F252)} -> #N/A | D80: =IFERROR(__xludf.DUMMYFUNCTION("""COMPUTED_VALUE"""),1.0) -> 1 | F80: {=XLOOKUP($E80,'Player Database'!$B$2:$B252,'Player Database'!$K$2:$K252)} -> #N/A | G80: {=XLOOKUP($E80,'Player Database'!$B$2:$B252,'Player Database'!$AE$2:$AE252)} -> #N/A | H80: {=XLOOKUP($E80,'Player Database'!$B$2:$B252,'Player Database'!$H$2:$H252)} -> #N/A | I80: {=XLOOKUP($E80,'Player Database'!$B$2:$B252,'Player Database'!$O$2:$O252)} -> #N/A | J80: {=XLOOKUP($E80,'Player Database'!$B$2:$B252,'Player Database'!$P$2:$P252)} -> #N/A | K80: {=XLOOKUP($E80,'Player Database'!$B$2:$B252,'Player Database'!$U$2:$U252)} -> #N/A | L80: {=XLOOKUP($E80,'Player Database'!$B$2:$B252,'Player Database'!$W$2:$W252)} -> #N/A | M80: =CONCATENATE(O80," - ",P80) -> 0 - 0 | N80: {=IF(XLOOKUP($E80,'Player Database'!$B$2:$B252,'Player Database'!$AA$2:$AA252)="",XLOOKUP($E80,'Player Database'!$B$2:$B252,'Player Database'!$G$2:$G252),XLOOKUP($E80,'Player Database'!$B$2:$B252,'Player Database'!$AA$2:$AA252))} -> #N/A | O80: =COUNTIFs(Matches!$B:$B,E80,Matches!$A:$A,">"&Q80,Matches!$A:$A,"<"&R80) -> 0 | P80: =COUNTIFs(Matches!$C:$C,E80,Matches!$A:$A,">"&Q80,Matches!$A:$A,"<"&R80) -> 0 | Q80: =VLOOKUP($C$2,Quotas!$A$7:$E$14,2,FALSE) -> 46171.708 | R80: =VLOOKUP($C$2,Quotas!$A$7:$E$14,3,FALSE) -> 46178.708
A81: {=XLOOKUP($E81,'Player Database'!$B$2:$B252,'Player Database'!$C$2:$C252)} -> #N/A | B81: {=XLOOKUP($E81,'Player Database'!$B$2:$B252,'Player Database'!$E$2:$E252)} -> #N/A | C81: {=XLOOKUP($E81,'Player Database'!$B$2:$B252,'Player Database'!$F$2:$F252)} -> #N/A | D81: =IFERROR(__xludf.DUMMYFUNCTION("""COMPUTED_VALUE"""),1.0) -> 1 | F81: {=XLOOKUP($E81,'Player Database'!$B$2:$B252,'Player Database'!$K$2:$K252)} -> #N/A | G81: {=XLOOKUP($E81,'Player Database'!$B$2:$B252,'Player Database'!$AE$2:$AE252)} -> #N/A | H81: {=XLOOKUP($E81,'Player Database'!$B$2:$B252,'Player Database'!$H$2:$H252)} -> #N/A | I81: {=XLOOKUP($E81,'Player Database'!$B$2:$B252,'Player Database'!$O$2:$O252)} -> #N/A | J81: {=XLOOKUP($E81,'Player Database'!$B$2:$B252,'Player Database'!$P$2:$P252)} -> #N/A | K81: {=XLOOKUP($E81,'Player Database'!$B$2:$B252,'Player Database'!$U$2:$U252)} -> #N/A | L81: {=XLOOKUP($E81,'Player Database'!$B$2:$B252,'Player Database'!$W$2:$W252)} -> #N/A | M81: =CONCATENATE(O81," - ",P81) -> 0 - 0 | N81: {=IF(XLOOKUP($E81,'Player Database'!$B$2:$B252,'Player Database'!$AA$2:$AA252)="",XLOOKUP($E81,'Player Database'!$B$2:$B252,'Player Database'!$G$2:$G252),XLOOKUP($E81,'Player Database'!$B$2:$B252,'Player Database'!$AA$2:$AA252))} -> #N/A | O81: =COUNTIFs(Matches!$B:$B,E81,Matches!$A:$A,">"&Q81,Matches!$A:$A,"<"&R81) -> 0 | P81: =COUNTIFs(Matches!$C:$C,E81,Matches!$A:$A,">"&Q81,Matches!$A:$A,"<"&R81) -> 0 | Q81: =VLOOKUP($C$2,Quotas!$A$7:$E$14,2,FALSE) -> 46171.708 | R81: =VLOOKUP($C$2,Quotas!$A$7:$E$14,3,FALSE) -> 46178.708
A82: {=XLOOKUP($E82,'Player Database'!$B$2:$B252,'Player Database'!$C$2:$C252)} -> #N/A | B82: {=XLOOKUP($E82,'Player Database'!$B$2:$B252,'Player Database'!$E$2:$E252)} -> #N/A | C82: {=XLOOKUP($E82,'Player Database'!$B$2:$B252,'Player Database'!$F$2:$F252)} -> #N/A | D82: =IFERROR(__xludf.DUMMYFUNCTION("""COMPUTED_VALUE"""),1.0) -> 1 | F82: {=XLOOKUP($E82,'Player Database'!$B$2:$B252,'Player Database'!$K$2:$K252)} -> #N/A | G82: {=XLOOKUP($E82,'Player Database'!$B$2:$B252,'Player Database'!$AE$2:$AE252)} -> #N/A | H82: {=XLOOKUP($E82,'Player Database'!$B$2:$B252,'Player Database'!$H$2:$H252)} -> #N/A | I82: {=XLOOKUP($E82,'Player Database'!$B$2:$B252,'Player Database'!$O$2:$O252)} -> #N/A | J82: {=XLOOKUP($E82,'Player Database'!$B$2:$B252,'Player Database'!$P$2:$P252)} -> #N/A | K82: {=XLOOKUP($E82,'Player Database'!$B$2:$B252,'Player Database'!$U$2:$U252)} -> #N/A | L82: {=XLOOKUP($E82,'Player Database'!$B$2:$B252,'Player Database'!$W$2:$W252)} -> #N/A | M82: =CONCATENATE(O82," - ",P82) -> 0 - 0 | N82: {=IF(XLOOKUP($E82,'Player Database'!$B$2:$B252,'Player Database'!$AA$2:$AA252)="",XLOOKUP($E82,'Player Database'!$B$2:$B252,'Player Database'!$G$2:$G252),XLOOKUP($E82,'Player Database'!$B$2:$B252,'Player Database'!$AA$2:$AA252))} -> #N/A | O82: =COUNTIFs(Matches!$B:$B,E82,Matches!$A:$A,">"&Q82,Matches!$A:$A,"<"&R82) -> 0 | P82: =COUNTIFs(Matches!$C:$C,E82,Matches!$A:$A,">"&Q82,Matches!$A:$A,"<"&R82) -> 0 | Q82: =VLOOKUP($C$2,Quotas!$A$7:$E$14,2,FALSE) -> 46171.708 | R82: =VLOOKUP($C$2,Quotas!$A$7:$E$14,3,FALSE) -> 46178.708
A83: {=XLOOKUP($E83,'Player Database'!$B$2:$B252,'Player Database'!$C$2:$C252)} -> #N/A | B83: {=XLOOKUP($E83,'Player Database'!$B$2:$B252,'Player Database'!$E$2:$E252)} -> #N/A | C83: {=XLOOKUP($E83,'Player Database'!$B$2:$B252,'Player Database'!$F$2:$F252)} -> #N/A | D83: =IFERROR(__xludf.DUMMYFUNCTION("""COMPUTED_VALUE"""),1.0) -> 1 | F83: {=XLOOKUP($E83,'Player Database'!$B$2:$B252,'Player Database'!$K$2:$K252)} -> #N/A | G83: {=XLOOKUP($E83,'Player Database'!$B$2:$B252,'Player Database'!$AE$2:$AE252)} -> #N/A | H83: {=XLOOKUP($E83,'Player Database'!$B$2:$B252,'Player Database'!$H$2:$H252)} -> #N/A | I83: {=XLOOKUP($E83,'Player Database'!$B$2:$B252,'Player Database'!$O$2:$O252)} -> #N/A | J83: {=XLOOKUP($E83,'Player Database'!$B$2:$B252,'Player Database'!$P$2:$P252)} -> #N/A | K83: {=XLOOKUP($E83,'Player Database'!$B$2:$B252,'Player Database'!$U$2:$U252)} -> #N/A | L83: {=XLOOKUP($E83,'Player Database'!$B$2:$B252,'Player Database'!$W$2:$W252)} -> #N/A | M83: =CONCATENATE(O83," - ",P83) -> 0 - 0 | N83: {=IF(XLOOKUP($E83,'Player Database'!$B$2:$B252,'Player Database'!$AA$2:$AA252)="",XLOOKUP($E83,'Player Database'!$B$2:$B252,'Player Database'!$G$2:$G252),XLOOKUP($E83,'Player Database'!$B$2:$B252,'Player Database'!$AA$2:$AA252))} -> #N/A | O83: =COUNTIFs(Matches!$B:$B,E83,Matches!$A:$A,">"&Q83,Matches!$A:$A,"<"&R83) -> 0 | P83: =COUNTIFs(Matches!$C:$C,E83,Matches!$A:$A,">"&Q83,Matches!$A:$A,"<"&R83) -> 0 | Q83: =VLOOKUP($C$2,Quotas!$A$7:$E$14,2,FALSE) -> 46171.708 | R83: =VLOOKUP($C$2,Quotas!$A$7:$E$14,3,FALSE) -> 46178.708
A84: {=XLOOKUP($E84,'Player Database'!$B$2:$B252,'Player Database'!$C$2:$C252)} -> #N/A | B84: {=XLOOKUP($E84,'Player Database'!$B$2:$B252,'Player Database'!$E$2:$E252)} -> #N/A | C84: {=XLOOKUP($E84,'Player Database'!$B$2:$B252,'Player Database'!$F$2:$F252)} -> #N/A | D84: =IFERROR(__xludf.DUMMYFUNCTION("""COMPUTED_VALUE"""),1.0) -> 1 | F84: {=XLOOKUP($E84,'Player Database'!$B$2:$B252,'Player Database'!$K$2:$K252)} -> #N/A | G84: {=XLOOKUP($E84,'Player Database'!$B$2:$B252,'Player Database'!$AE$2:$AE252)} -> #N/A | H84: {=XLOOKUP($E84,'Player Database'!$B$2:$B252,'Player Database'!$H$2:$H252)} -> #N/A | I84: {=XLOOKUP($E84,'Player Database'!$B$2:$B252,'Player Database'!$O$2:$O252)} -> #N/A | J84: {=XLOOKUP($E84,'Player Database'!$B$2:$B252,'Player Database'!$P$2:$P252)} -> #N/A | K84: {=XLOOKUP($E84,'Player Database'!$B$2:$B252,'Player Database'!$U$2:$U252)} -> #N/A | L84: {=XLOOKUP($E84,'Player Database'!$B$2:$B252,'Player Database'!$W$2:$W252)} -> #N/A | M84: =CONCATENATE(O84," - ",P84) -> 0 - 0 | N84: {=IF(XLOOKUP($E84,'Player Database'!$B$2:$B252,'Player Database'!$AA$2:$AA252)="",XLOOKUP($E84,'Player Database'!$B$2:$B252,'Player Database'!$G$2:$G252),XLOOKUP($E84,'Player Database'!$B$2:$B252,'Player Database'!$AA$2:$AA252))} -> #N/A | O84: =COUNTIFs(Matches!$B:$B,E84,Matches!$A:$A,">"&Q84,Matches!$A:$A,"<"&R84) -> 0 | P84: =COUNTIFs(Matches!$C:$C,E84,Matches!$A:$A,">"&Q84,Matches!$A:$A,"<"&R84) -> 0 | Q84: =VLOOKUP($C$2,Quotas!$A$7:$E$14,2,FALSE) -> 46171.708 | R84: =VLOOKUP($C$2,Quotas!$A$7:$E$14,3,FALSE) -> 46178.708
A85: {=XLOOKUP($E85,'Player Database'!$B$2:$B252,'Player Database'!$C$2:$C252)} -> #N/A | B85: {=XLOOKUP($E85,'Player Database'!$B$2:$B252,'Player Database'!$E$2:$E252)} -> #N/A | C85: {=XLOOKUP($E85,'Player Database'!$B$2:$B252,'Player Database'!$F$2:$F252)} -> #N/A | D85: =IFERROR(__xludf.DUMMYFUNCTION("""COMPUTED_VALUE"""),1.0) -> 1 | F85: {=XLOOKUP($E85,'Player Database'!$B$2:$B252,'Player Database'!$K$2:$K252)} -> #N/A | G85: {=XLOOKUP($E85,'Player Database'!$B$2:$B252,'Player Database'!$AE$2:$AE252)} -> #N/A | H85: {=XLOOKUP($E85,'Player Database'!$B$2:$B252,'Player Database'!$H$2:$H252)} -> #N/A | I85: {=XLOOKUP($E85,'Player Database'!$B$2:$B252,'Player Database'!$O$2:$O252)} -> #N/A | J85: {=XLOOKUP($E85,'Player Database'!$B$2:$B252,'Player Database'!$P$2:$P252)} -> #N/A | K85: {=XLOOKUP($E85,'Player Database'!$B$2:$B252,'Player Database'!$U$2:$U252)} -> #N/A | L85: {=XLOOKUP($E85,'Player Database'!$B$2:$B252,'Player Database'!$W$2:$W252)} -> #N/A | M85: =CONCATENATE(O85," - ",P85) -> 0 - 0 | N85: {=IF(XLOOKUP($E85,'Player Database'!$B$2:$B252,'Player Database'!$AA$2:$AA252)="",XLOOKUP($E85,'Player Database'!$B$2:$B252,'Player Database'!$G$2:$G252),XLOOKUP($E85,'Player Database'!$B$2:$B252,'Player Database'!$AA$2:$AA252))} -> #N/A | O85: =COUNTIFs(Matches!$B:$B,E85,Matches!$A:$A,">"&Q85,Matches!$A:$A,"<"&R85) -> 0 | P85: =COUNTIFs(Matches!$C:$C,E85,Matches!$A:$A,">"&Q85,Matches!$A:$A,"<"&R85) -> 0 | Q85: =VLOOKUP($C$2,Quotas!$A$7:$E$14,2,FALSE) -> 46171.708 | R85: =VLOOKUP($C$2,Quotas!$A$7:$E$14,3,FALSE) -> 46178.708
A86: {=XLOOKUP($E86,'Player Database'!$B$2:$B252,'Player Database'!$C$2:$C252)} -> #N/A | B86: {=XLOOKUP($E86,'Player Database'!$B$2:$B252,'Player Database'!$E$2:$E252)} -> #N/A | C86: {=XLOOKUP($E86,'Player Database'!$B$2:$B252,'Player Database'!$F$2:$F252)} -> #N/A | D86: =IFERROR(__xludf.DUMMYFUNCTION("""COMPUTED_VALUE"""),1.0) -> 1 | F86: {=XLOOKUP($E86,'Player Database'!$B$2:$B252,'Player Database'!$K$2:$K252)} -> #N/A | G86: {=XLOOKUP($E86,'Player Database'!$B$2:$B252,'Player Database'!$AE$2:$AE252)} -> #N/A | H86: {=XLOOKUP($E86,'Player Database'!$B$2:$B252,'Player Database'!$H$2:$H252)} -> #N/A | I86: {=XLOOKUP($E86,'Player Database'!$B$2:$B252,'Player Database'!$O$2:$O252)} -> #N/A | J86: {=XLOOKUP($E86,'Player Database'!$B$2:$B252,'Player Database'!$P$2:$P252)} -> #N/A | K86: {=XLOOKUP($E86,'Player Database'!$B$2:$B252,'Player Database'!$U$2:$U252)} -> #N/A | L86: {=XLOOKUP($E86,'Player Database'!$B$2:$B252,'Player Database'!$W$2:$W252)} -> #N/A | M86: =CONCATENATE(O86," - ",P86) -> 0 - 0 | N86: {=IF(XLOOKUP($E86,'Player Database'!$B$2:$B252,'Player Database'!$AA$2:$AA252)="",XLOOKUP($E86,'Player Database'!$B$2:$B252,'Player Database'!$G$2:$G252),XLOOKUP($E86,'Player Database'!$B$2:$B252,'Player Database'!$AA$2:$AA252))} -> #N/A | O86: =COUNTIFs(Matches!$B:$B,E86,Matches!$A:$A,">"&Q86,Matches!$A:$A,"<"&R86) -> 0 | P86: =COUNTIFs(Matches!$C:$C,E86,Matches!$A:$A,">"&Q86,Matches!$A:$A,"<"&R86) -> 0 | Q86: =VLOOKUP($C$2,Quotas!$A$7:$E$14,2,FALSE) -> 46171.708 | R86: =VLOOKUP($C$2,Quotas!$A$7:$E$14,3,FALSE) -> 46178.708
A87: {=XLOOKUP($E87,'Player Database'!$B$2:$B252,'Player Database'!$C$2:$C252)} -> #N/A | B87: {=XLOOKUP($E87,'Player Database'!$B$2:$B252,'Player Database'!$E$2:$E252)} -> #N/A | C87: {=XLOOKUP($E87,'Player Database'!$B$2:$B252,'Player Database'!$F$2:$F252)} -> #N/A | D87: =IFERROR(__xludf.DUMMYFUNCTION("""COMPUTED_VALUE"""),1.0) -> 1 | F87: {=XLOOKUP($E87,'Player Database'!$B$2:$B252,'Player Database'!$K$2:$K252)} -> #N/A | G87: {=XLOOKUP($E87,'Player Database'!$B$2:$B252,'Player Database'!$AE$2:$AE252)} -> #N/A | H87: {=XLOOKUP($E87,'Player Database'!$B$2:$B252,'Player Database'!$H$2:$H252)} -> #N/A | I87: {=XLOOKUP($E87,'Player Database'!$B$2:$B252,'Player Database'!$O$2:$O252)} -> #N/A | J87: {=XLOOKUP($E87,'Player Database'!$B$2:$B252,'Player Database'!$P$2:$P252)} -> #N/A | K87: {=XLOOKUP($E87,'Player Database'!$B$2:$B252,'Player Database'!$U$2:$U252)} -> #N/A | L87: {=XLOOKUP($E87,'Player Database'!$B$2:$B252,'Player Database'!$W$2:$W252)} -> #N/A | M87: =CONCATENATE(O87," - ",P87) -> 0 - 0 | N87: {=IF(XLOOKUP($E87,'Player Database'!$B$2:$B252,'Player Database'!$AA$2:$AA252)="",XLOOKUP($E87,'Player Database'!$B$2:$B252,'Player Database'!$G$2:$G252),XLOOKUP($E87,'Player Database'!$B$2:$B252,'Player Database'!$AA$2:$AA252))} -> #N/A | O87: =COUNTIFs(Matches!$B:$B,E87,Matches!$A:$A,">"&Q87,Matches!$A:$A,"<"&R87) -> 0 | P87: =COUNTIFs(Matches!$C:$C,E87,Matches!$A:$A,">"&Q87,Matches!$A:$A,"<"&R87) -> 0 | Q87: =VLOOKUP($C$2,Quotas!$A$7:$E$14,2,FALSE) -> 46171.708 | R87: =VLOOKUP($C$2,Quotas!$A$7:$E$14,3,FALSE) -> 46178.708
A88: {=XLOOKUP($E88,'Player Database'!$B$2:$B252,'Player Database'!$C$2:$C252)} -> #N/A | B88: {=XLOOKUP($E88,'Player Database'!$B$2:$B252,'Player Database'!$E$2:$E252)} -> #N/A | C88: {=XLOOKUP($E88,'Player Database'!$B$2:$B252,'Player Database'!$F$2:$F252)} -> #N/A | D88: =IFERROR(__xludf.DUMMYFUNCTION("""COMPUTED_VALUE"""),1.0) -> 1 | F88: {=XLOOKUP($E88,'Player Database'!$B$2:$B252,'Player Database'!$K$2:$K252)} -> #N/A | G88: {=XLOOKUP($E88,'Player Database'!$B$2:$B252,'Player Database'!$AE$2:$AE252)} -> #N/A | H88: {=XLOOKUP($E88,'Player Database'!$B$2:$B252,'Player Database'!$H$2:$H252)} -> #N/A | I88: {=XLOOKUP($E88,'Player Database'!$B$2:$B252,'Player Database'!$O$2:$O252)} -> #N/A | J88: {=XLOOKUP($E88,'Player Database'!$B$2:$B252,'Player Database'!$P$2:$P252)} -> #N/A | K88: {=XLOOKUP($E88,'Player Database'!$B$2:$B252,'Player Database'!$U$2:$U252)} -> #N/A | L88: {=XLOOKUP($E88,'Player Database'!$B$2:$B252,'Player Database'!$W$2:$W252)} -> #N/A | M88: =CONCATENATE(O88," - ",P88) -> 0 - 0 | N88: {=IF(XLOOKUP($E88,'Player Database'!$B$2:$B252,'Player Database'!$AA$2:$AA252)="",XLOOKUP($E88,'Player Database'!$B$2:$B252,'Player Database'!$G$2:$G252),XLOOKUP($E88,'Player Database'!$B$2:$B252,'Player Database'!$AA$2:$AA252))} -> #N/A | O88: =COUNTIFs(Matches!$B:$B,E88,Matches!$A:$A,">"&Q88,Matches!$A:$A,"<"&R88) -> 0 | P88: =COUNTIFs(Matches!$C:$C,E88,Matches!$A:$A,">"&Q88,Matches!$A:$A,"<"&R88) -> 0 | Q88: =VLOOKUP($C$2,Quotas!$A$7:$E$14,2,FALSE) -> 46171.708 | R88: =VLOOKUP($C$2,Quotas!$A$7:$E$14,3,FALSE) -> 46178.708
A89: {=XLOOKUP($E89,'Player Database'!$B$2:$B252,'Player Database'!$C$2:$C252)} -> #N/A | B89: {=XLOOKUP($E89,'Player Database'!$B$2:$B252,'Player Database'!$E$2:$E252)} -> #N/A | C89: {=XLOOKUP($E89,'Player Database'!$B$2:$B252,'Player Database'!$F$2:$F252)} -> #N/A | D89: =IFERROR(__xludf.DUMMYFUNCTION("""COMPUTED_VALUE"""),1.0) -> 1 | F89: {=XLOOKUP($E89,'Player Database'!$B$2:$B252,'Player Database'!$K$2:$K252)} -> #N/A | G89: {=XLOOKUP($E89,'Player Database'!$B$2:$B252,'Player Database'!$AE$2:$AE252)} -> #N/A | H89: {=XLOOKUP($E89,'Player Database'!$B$2:$B252,'Player Database'!$H$2:$H252)} -> #N/A | I89: {=XLOOKUP($E89,'Player Database'!$B$2:$B252,'Player Database'!$O$2:$O252)} -> #N/A | J89: {=XLOOKUP($E89,'Player Database'!$B$2:$B252,'Player Database'!$P$2:$P252)} -> #N/A | K89: {=XLOOKUP($E89,'Player Database'!$B$2:$B252,'Player Database'!$U$2:$U252)} -> #N/A | L89: {=XLOOKUP($E89,'Player Database'!$B$2:$B252,'Player Database'!$W$2:$W252)} -> #N/A | M89: =CONCATENATE(O89," - ",P89) -> 0 - 0 | N89: {=IF(XLOOKUP($E89,'Player Database'!$B$2:$B252,'Player Database'!$AA$2:$AA252)="",XLOOKUP($E89,'Player Database'!$B$2:$B252,'Player Database'!$G$2:$G252),XLOOKUP($E89,'Player Database'!$B$2:$B252,'Player Database'!$AA$2:$AA252))} -> #N/A | O89: =COUNTIFs(Matches!$B:$B,E89,Matches!$A:$A,">"&Q89,Matches!$A:$A,"<"&R89) -> 0 | P89: =COUNTIFs(Matches!$C:$C,E89,Matches!$A:$A,">"&Q89,Matches!$A:$A,"<"&R89) -> 0 | Q89: =VLOOKUP($C$2,Quotas!$A$7:$E$14,2,FALSE) -> 46171.708 | R89: =VLOOKUP($C$2,Quotas!$A$7:$E$14,3,FALSE) -> 46178.708
A90: {=XLOOKUP($E90,'Player Database'!$B$2:$B252,'Player Database'!$C$2:$C252)} -> #N/A | B90: {=XLOOKUP($E90,'Player Database'!$B$2:$B252,'Player Database'!$E$2:$E252)} -> #N/A | C90: {=XLOOKUP($E90,'Player Database'!$B$2:$B252,'Player Database'!$F$2:$F252)} -> #N/A | D90: =IFERROR(__xludf.DUMMYFUNCTION("""COMPUTED_VALUE"""),1.0) -> 1 | F90: {=XLOOKUP($E90,'Player Database'!$B$2:$B252,'Player Database'!$K$2:$K252)} -> #N/A | G90: {=XLOOKUP($E90,'Player Database'!$B$2:$B252,'Player Database'!$AE$2:$AE252)} -> #N/A | H90: {=XLOOKUP($E90,'Player Database'!$B$2:$B252,'Player Database'!$H$2:$H252)} -> #N/A | I90: {=XLOOKUP($E90,'Player Database'!$B$2:$B252,'Player Database'!$O$2:$O252)} -> #N/A | J90: {=XLOOKUP($E90,'Player Database'!$B$2:$B252,'Player Database'!$P$2:$P252)} -> #N/A | K90: {=XLOOKUP($E90,'Player Database'!$B$2:$B252,'Player Database'!$U$2:$U252)} -> #N/A | L90: {=XLOOKUP($E90,'Player Database'!$B$2:$B252,'Player Database'!$W$2:$W252)} -> #N/A | M90: =CONCATENATE(O90," - ",P90) -> 0 - 0 | N90: {=IF(XLOOKUP($E90,'Player Database'!$B$2:$B252,'Player Database'!$AA$2:$AA252)="",XLOOKUP($E90,'Player Database'!$B$2:$B252,'Player Database'!$G$2:$G252),XLOOKUP($E90,'Player Database'!$B$2:$B252,'Player Database'!$AA$2:$AA252))} -> #N/A | O90: =COUNTIFs(Matches!$B:$B,E90,Matches!$A:$A,">"&Q90,Matches!$A:$A,"<"&R90) -> 0 | P90: =COUNTIFs(Matches!$C:$C,E90,Matches!$A:$A,">"&Q90,Matches!$A:$A,"<"&R90) -> 0 | Q90: =VLOOKUP($C$2,Quotas!$A$7:$E$14,2,FALSE) -> 46171.708 | R90: =VLOOKUP($C$2,Quotas!$A$7:$E$14,3,FALSE) -> 46178.708
A91: {=XLOOKUP($E91,'Player Database'!$B$2:$B252,'Player Database'!$C$2:$C252)} -> #N/A | B91: {=XLOOKUP($E91,'Player Database'!$B$2:$B252,'Player Database'!$E$2:$E252)} -> #N/A | C91: {=XLOOKUP($E91,'Player Database'!$B$2:$B252,'Player Database'!$F$2:$F252)} -> #N/A | D91: =IFERROR(__xludf.DUMMYFUNCTION("""COMPUTED_VALUE"""),1.0) -> 1 | F91: {=XLOOKUP($E91,'Player Database'!$B$2:$B252,'Player Database'!$K$2:$K252)} -> #N/A | G91: {=XLOOKUP($E91,'Player Database'!$B$2:$B252,'Player Database'!$AE$2:$AE252)} -> #N/A | H91: {=XLOOKUP($E91,'Player Database'!$B$2:$B252,'Player Database'!$H$2:$H252)} -> #N/A | I91: {=XLOOKUP($E91,'Player Database'!$B$2:$B252,'Player Database'!$O$2:$O252)} -> #N/A | J91: {=XLOOKUP($E91,'Player Database'!$B$2:$B252,'Player Database'!$P$2:$P252)} -> #N/A | K91: {=XLOOKUP($E91,'Player Database'!$B$2:$B252,'Player Database'!$U$2:$U252)} -> #N/A | L91: {=XLOOKUP($E91,'Player Database'!$B$2:$B252,'Player Database'!$W$2:$W252)} -> #N/A | M91: =CONCATENATE(O91," - ",P91) -> 0 - 0 | N91: {=IF(XLOOKUP($E91,'Player Database'!$B$2:$B252,'Player Database'!$AA$2:$AA252)="",XLOOKUP($E91,'Player Database'!$B$2:$B252,'Player Database'!$G$2:$G252),XLOOKUP($E91,'Player Database'!$B$2:$B252,'Player Database'!$AA$2:$AA252))} -> #N/A | O91: =COUNTIFs(Matches!$B:$B,E91,Matches!$A:$A,">"&Q91,Matches!$A:$A,"<"&R91) -> 0 | P91: =COUNTIFs(Matches!$C:$C,E91,Matches!$A:$A,">"&Q91,Matches!$A:$A,"<"&R91) -> 0 | Q91: =VLOOKUP($C$2,Quotas!$A$7:$E$14,2,FALSE) -> 46171.708 | R91: =VLOOKUP($C$2,Quotas!$A$7:$E$14,3,FALSE) -> 46178.708
A92: {=XLOOKUP($E92,'Player Database'!$B$2:$B252,'Player Database'!$C$2:$C252)} -> #N/A | B92: {=XLOOKUP($E92,'Player Database'!$B$2:$B252,'Player Database'!$E$2:$E252)} -> #N/A | C92: {=XLOOKUP($E92,'Player Database'!$B$2:$B252,'Player Database'!$F$2:$F252)} -> #N/A | D92: =IFERROR(__xludf.DUMMYFUNCTION("""COMPUTED_VALUE"""),1.0) -> 1 | F92: {=XLOOKUP($E92,'Player Database'!$B$2:$B252,'Player Database'!$K$2:$K252)} -> #N/A | G92: {=XLOOKUP($E92,'Player Database'!$B$2:$B252,'Player Database'!$AE$2:$AE252)} -> #N/A | H92: {=XLOOKUP($E92,'Player Database'!$B$2:$B252,'Player Database'!$H$2:$H252)} -> #N/A | I92: {=XLOOKUP($E92,'Player Database'!$B$2:$B252,'Player Database'!$O$2:$O252)} -> #N/A | J92: {=XLOOKUP($E92,'Player Database'!$B$2:$B252,'Player Database'!$P$2:$P252)} -> #N/A | K92: {=XLOOKUP($E92,'Player Database'!$B$2:$B252,'Player Database'!$U$2:$U252)} -> #N/A | L92: {=XLOOKUP($E92,'Player Database'!$B$2:$B252,'Player Database'!$W$2:$W252)} -> #N/A | M92: =CONCATENATE(O92," - ",P92) -> 0 - 0 | N92: {=IF(XLOOKUP($E92,'Player Database'!$B$2:$B252,'Player Database'!$AA$2:$AA252)="",XLOOKUP($E92,'Player Database'!$B$2:$B252,'Player Database'!$G$2:$G252),XLOOKUP($E92,'Player Database'!$B$2:$B252,'Player Database'!$AA$2:$AA252))} -> #N/A | O92: =COUNTIFs(Matches!$B:$B,E92,Matches!$A:$A,">"&Q92,Matches!$A:$A,"<"&R92) -> 0 | P92: =COUNTIFs(Matches!$C:$C,E92,Matches!$A:$A,">"&Q92,Matches!$A:$A,"<"&R92) -> 0 | Q92: =VLOOKUP($C$2,Quotas!$A$7:$E$14,2,FALSE) -> 46171.708 | R92: =VLOOKUP($C$2,Quotas!$A$7:$E$14,3,FALSE) -> 46178.708
A93: {=XLOOKUP($E93,'Player Database'!$B$2:$B252,'Player Database'!$C$2:$C252)} -> #N/A | B93: {=XLOOKUP($E93,'Player Database'!$B$2:$B252,'Player Database'!$E$2:$E252)} -> #N/A | C93: {=XLOOKUP($E93,'Player Database'!$B$2:$B252,'Player Database'!$F$2:$F252)} -> #N/A | D93: =IFERROR(__xludf.DUMMYFUNCTION("""COMPUTED_VALUE"""),1.0) -> 1 | F93: {=XLOOKUP($E93,'Player Database'!$B$2:$B252,'Player Database'!$K$2:$K252)} -> #N/A | G93: {=XLOOKUP($E93,'Player Database'!$B$2:$B252,'Player Database'!$AE$2:$AE252)} -> #N/A | H93: {=XLOOKUP($E93,'Player Database'!$B$2:$B252,'Player Database'!$H$2:$H252)} -> #N/A | I93: {=XLOOKUP($E93,'Player Database'!$B$2:$B252,'Player Database'!$O$2:$O252)} -> #N/A | J93: {=XLOOKUP($E93,'Player Database'!$B$2:$B252,'Player Database'!$P$2:$P252)} -> #N/A | K93: {=XLOOKUP($E93,'Player Database'!$B$2:$B252,'Player Database'!$U$2:$U252)} -> #N/A | L93: {=XLOOKUP($E93,'Player Database'!$B$2:$B252,'Player Database'!$W$2:$W252)} -> #N/A | M93: =CONCATENATE(O93," - ",P93) -> 0 - 0 | N93: {=IF(XLOOKUP($E93,'Player Database'!$B$2:$B252,'Player Database'!$AA$2:$AA252)="",XLOOKUP($E93,'Player Database'!$B$2:$B252,'Player Database'!$G$2:$G252),XLOOKUP($E93,'Player Database'!$B$2:$B252,'Player Database'!$AA$2:$AA252))} -> #N/A | O93: =COUNTIFs(Matches!$B:$B,E93,Matches!$A:$A,">"&Q93,Matches!$A:$A,"<"&R93) -> 0 | P93: =COUNTIFs(Matches!$C:$C,E93,Matches!$A:$A,">"&Q93,Matches!$A:$A,"<"&R93) -> 0 | Q93: =VLOOKUP($C$2,Quotas!$A$7:$E$14,2,FALSE) -> 46171.708 | R93: =VLOOKUP($C$2,Quotas!$A$7:$E$14,3,FALSE) -> 46178.708
A94: {=XLOOKUP($E94,'Player Database'!$B$2:$B252,'Player Database'!$C$2:$C252)} -> #N/A | B94: {=XLOOKUP($E94,'Player Database'!$B$2:$B252,'Player Database'!$E$2:$E252)} -> #N/A | C94: {=XLOOKUP($E94,'Player Database'!$B$2:$B252,'Player Database'!$F$2:$F252)} -> #N/A | D94: =IFERROR(__xludf.DUMMYFUNCTION("""COMPUTED_VALUE"""),1.0) -> 1 | F94: {=XLOOKUP($E94,'Player Database'!$B$2:$B252,'Player Database'!$K$2:$K252)} -> #N/A | G94: {=XLOOKUP($E94,'Player Database'!$B$2:$B252,'Player Database'!$AE$2:$AE252)} -> #N/A | H94: {=XLOOKUP($E94,'Player Database'!$B$2:$B252,'Player Database'!$H$2:$H252)} -> #N/A | I94: {=XLOOKUP($E94,'Player Database'!$B$2:$B252,'Player Database'!$O$2:$O252)} -> #N/A | J94: {=XLOOKUP($E94,'Player Database'!$B$2:$B252,'Player Database'!$P$2:$P252)} -> #N/A | K94: {=XLOOKUP($E94,'Player Database'!$B$2:$B252,'Player Database'!$U$2:$U252)} -> #N/A | L94: {=XLOOKUP($E94,'Player Database'!$B$2:$B252,'Player Database'!$W$2:$W252)} -> #N/A | M94: =CONCATENATE(O94," - ",P94) -> 0 - 0 | N94: {=IF(XLOOKUP($E94,'Player Database'!$B$2:$B252,'Player Database'!$AA$2:$AA252)="",XLOOKUP($E94,'Player Database'!$B$2:$B252,'Player Database'!$G$2:$G252),XLOOKUP($E94,'Player Database'!$B$2:$B252,'Player Database'!$AA$2:$AA252))} -> #N/A | O94: =COUNTIFs(Matches!$B:$B,E94,Matches!$A:$A,">"&Q94,Matches!$A:$A,"<"&R94) -> 0 | P94: =COUNTIFs(Matches!$C:$C,E94,Matches!$A:$A,">"&Q94,Matches!$A:$A,"<"&R94) -> 0 | Q94: =VLOOKUP($C$2,Quotas!$A$7:$E$14,2,FALSE) -> 46171.708 | R94: =VLOOKUP($C$2,Quotas!$A$7:$E$14,3,FALSE) -> 46178.708
A95: {=XLOOKUP($E95,'Player Database'!$B$2:$B252,'Player Database'!$C$2:$C252)} -> #N/A | B95: {=XLOOKUP($E95,'Player Database'!$B$2:$B252,'Player Database'!$E$2:$E252)} -> #N/A | C95: {=XLOOKUP($E95,'Player Database'!$B$2:$B252,'Player Database'!$F$2:$F252)} -> #N/A | D95: =IFERROR(__xludf.DUMMYFUNCTION("""COMPUTED_VALUE"""),1.0) -> 1 | F95: {=XLOOKUP($E95,'Player Database'!$B$2:$B252,'Player Database'!$K$2:$K252)} -> #N/A | G95: {=XLOOKUP($E95,'Player Database'!$B$2:$B252,'Player Database'!$AE$2:$AE252)} -> #N/A | H95: {=XLOOKUP($E95,'Player Database'!$B$2:$B252,'Player Database'!$H$2:$H252)} -> #N/A | I95: {=XLOOKUP($E95,'Player Database'!$B$2:$B252,'Player Database'!$O$2:$O252)} -> #N/A | J95: {=XLOOKUP($E95,'Player Database'!$B$2:$B252,'Player Database'!$P$2:$P252)} -> #N/A | K95: {=XLOOKUP($E95,'Player Database'!$B$2:$B252,'Player Database'!$U$2:$U252)} -> #N/A | L95: {=XLOOKUP($E95,'Player Database'!$B$2:$B252,'Player Database'!$W$2:$W252)} -> #N/A | M95: =CONCATENATE(O95," - ",P95) -> 0 - 0 | N95: {=IF(XLOOKUP($E95,'Player Database'!$B$2:$B252,'Player Database'!$AA$2:$AA252)="",XLOOKUP($E95,'Player Database'!$B$2:$B252,'Player Database'!$G$2:$G252),XLOOKUP($E95,'Player Database'!$B$2:$B252,'Player Database'!$AA$2:$AA252))} -> #N/A | O95: =COUNTIFs(Matches!$B:$B,E95,Matches!$A:$A,">"&Q95,Matches!$A:$A,"<"&R95) -> 0 | P95: =COUNTIFs(Matches!$C:$C,E95,Matches!$A:$A,">"&Q95,Matches!$A:$A,"<"&R95) -> 0 | Q95: =VLOOKUP($C$2,Quotas!$A$7:$E$14,2,FALSE) -> 46171.708 | R95: =VLOOKUP($C$2,Quotas!$A$7:$E$14,3,FALSE) -> 46178.708
A96: {=XLOOKUP($E96,'Player Database'!$B$2:$B252,'Player Database'!$C$2:$C252)} -> #N/A | B96: {=XLOOKUP($E96,'Player Database'!$B$2:$B252,'Player Database'!$E$2:$E252)} -> #N/A | C96: {=XLOOKUP($E96,'Player Database'!$B$2:$B252,'Player Database'!$F$2:$F252)} -> #N/A | D96: =IFERROR(__xludf.DUMMYFUNCTION("""COMPUTED_VALUE"""),1.0) -> 1 | F96: {=XLOOKUP($E96,'Player Database'!$B$2:$B252,'Player Database'!$K$2:$K252)} -> #N/A | G96: {=XLOOKUP($E96,'Player Database'!$B$2:$B252,'Player Database'!$AE$2:$AE252)} -> #N/A | H96: {=XLOOKUP($E96,'Player Database'!$B$2:$B252,'Player Database'!$H$2:$H252)} -> #N/A | I96: {=XLOOKUP($E96,'Player Database'!$B$2:$B252,'Player Database'!$O$2:$O252)} -> #N/A | J96: {=XLOOKUP($E96,'Player Database'!$B$2:$B252,'Player Database'!$P$2:$P252)} -> #N/A | K96: {=XLOOKUP($E96,'Player Database'!$B$2:$B252,'Player Database'!$U$2:$U252)} -> #N/A | L96: {=XLOOKUP($E96,'Player Database'!$B$2:$B252,'Player Database'!$W$2:$W252)} -> #N/A | M96: =CONCATENATE(O96," - ",P96) -> 0 - 0 | N96: {=IF(XLOOKUP($E96,'Player Database'!$B$2:$B252,'Player Database'!$AA$2:$AA252)="",XLOOKUP($E96,'Player Database'!$B$2:$B252,'Player Database'!$G$2:$G252),XLOOKUP($E96,'Player Database'!$B$2:$B252,'Player Database'!$AA$2:$AA252))} -> #N/A | O96: =COUNTIFs(Matches!$B:$B,E96,Matches!$A:$A,">"&Q96,Matches!$A:$A,"<"&R96) -> 0 | P96: =COUNTIFs(Matches!$C:$C,E96,Matches!$A:$A,">"&Q96,Matches!$A:$A,"<"&R96) -> 0 | Q96: =VLOOKUP($C$2,Quotas!$A$7:$E$14,2,FALSE) -> 46171.708 | R96: =VLOOKUP($C$2,Quotas!$A$7:$E$14,3,FALSE) -> 46178.708
A97: {=XLOOKUP($E97,'Player Database'!$B$2:$B252,'Player Database'!$C$2:$C252)} -> #N/A | B97: {=XLOOKUP($E97,'Player Database'!$B$2:$B252,'Player Database'!$E$2:$E252)} -> #N/A | C97: {=XLOOKUP($E97,'Player Database'!$B$2:$B252,'Player Database'!$F$2:$F252)} -> #N/A | D97: =IFERROR(__xludf.DUMMYFUNCTION("""COMPUTED_VALUE"""),1.0) -> 1 | F97: {=XLOOKUP($E97,'Player Database'!$B$2:$B252,'Player Database'!$K$2:$K252)} -> #N/A | G97: {=XLOOKUP($E97,'Player Database'!$B$2:$B252,'Player Database'!$AE$2:$AE252)} -> #N/A | H97: {=XLOOKUP($E97,'Player Database'!$B$2:$B252,'Player Database'!$H$2:$H252)} -> #N/A | I97: {=XLOOKUP($E97,'Player Database'!$B$2:$B252,'Player Database'!$O$2:$O252)} -> #N/A | J97: {=XLOOKUP($E97,'Player Database'!$B$2:$B252,'Player Database'!$P$2:$P252)} -> #N/A | K97: {=XLOOKUP($E97,'Player Database'!$B$2:$B252,'Player Database'!$U$2:$U252)} -> #N/A | L97: {=XLOOKUP($E97,'Player Database'!$B$2:$B252,'Player Database'!$W$2:$W252)} -> #N/A | M97: =CONCATENATE(O97," - ",P97) -> 0 - 0 | N97: {=IF(XLOOKUP($E97,'Player Database'!$B$2:$B252,'Player Database'!$AA$2:$AA252)="",XLOOKUP($E97,'Player Database'!$B$2:$B252,'Player Database'!$G$2:$G252),XLOOKUP($E97,'Player Database'!$B$2:$B252,'Player Database'!$AA$2:$AA252))} -> #N/A | O97: =COUNTIFs(Matches!$B:$B,E97,Matches!$A:$A,">"&Q97,Matches!$A:$A,"<"&R97) -> 0 | P97: =COUNTIFs(Matches!$C:$C,E97,Matches!$A:$A,">"&Q97,Matches!$A:$A,"<"&R97) -> 0 | Q97: =VLOOKUP($C$2,Quotas!$A$7:$E$14,2,FALSE) -> 46171.708 | R97: =VLOOKUP($C$2,Quotas!$A$7:$E$14,3,FALSE) -> 46178.708
A98: {=XLOOKUP($E98,'Player Database'!$B$2:$B252,'Player Database'!$C$2:$C252)} -> #N/A | B98: {=XLOOKUP($E98,'Player Database'!$B$2:$B252,'Player Database'!$E$2:$E252)} -> #N/A | C98: {=XLOOKUP($E98,'Player Database'!$B$2:$B252,'Player Database'!$F$2:$F252)} -> #N/A | D98: =IFERROR(__xludf.DUMMYFUNCTION("""COMPUTED_VALUE"""),1.0) -> 1 | F98: {=XLOOKUP($E98,'Player Database'!$B$2:$B252,'Player Database'!$K$2:$K252)} -> #N/A | G98: {=XLOOKUP($E98,'Player Database'!$B$2:$B252,'Player Database'!$AE$2:$AE252)} -> #N/A | H98: {=XLOOKUP($E98,'Player Database'!$B$2:$B252,'Player Database'!$H$2:$H252)} -> #N/A | I98: {=XLOOKUP($E98,'Player Database'!$B$2:$B252,'Player Database'!$O$2:$O252)} -> #N/A | J98: {=XLOOKUP($E98,'Player Database'!$B$2:$B252,'Player Database'!$P$2:$P252)} -> #N/A | K98: {=XLOOKUP($E98,'Player Database'!$B$2:$B252,'Player Database'!$U$2:$U252)} -> #N/A | L98: {=XLOOKUP($E98,'Player Database'!$B$2:$B252,'Player Database'!$W$2:$W252)} -> #N/A | M98: =CONCATENATE(O98," - ",P98) -> 0 - 0 | N98: {=IF(XLOOKUP($E98,'Player Database'!$B$2:$B252,'Player Database'!$AA$2:$AA252)="",XLOOKUP($E98,'Player Database'!$B$2:$B252,'Player Database'!$G$2:$G252),XLOOKUP($E98,'Player Database'!$B$2:$B252,'Player Database'!$AA$2:$AA252))} -> #N/A | O98: =COUNTIFs(Matches!$B:$B,E98,Matches!$A:$A,">"&Q98,Matches!$A:$A,"<"&R98) -> 0 | P98: =COUNTIFs(Matches!$C:$C,E98,Matches!$A:$A,">"&Q98,Matches!$A:$A,"<"&R98) -> 0 | Q98: =VLOOKUP($C$2,Quotas!$A$7:$E$14,2,FALSE) -> 46171.708 | R98: =VLOOKUP($C$2,Quotas!$A$7:$E$14,3,FALSE) -> 46178.708
A99: {=XLOOKUP($E99,'Player Database'!$B$2:$B252,'Player Database'!$C$2:$C252)} -> #N/A | B99: {=XLOOKUP($E99,'Player Database'!$B$2:$B252,'Player Database'!$E$2:$E252)} -> #N/A | C99: {=XLOOKUP($E99,'Player Database'!$B$2:$B252,'Player Database'!$F$2:$F252)} -> #N/A | D99: =IFERROR(__xludf.DUMMYFUNCTION("""COMPUTED_VALUE"""),1.0) -> 1 | F99: {=XLOOKUP($E99,'Player Database'!$B$2:$B252,'Player Database'!$K$2:$K252)} -> #N/A | G99: {=XLOOKUP($E99,'Player Database'!$B$2:$B252,'Player Database'!$AE$2:$AE252)} -> #N/A | H99: {=XLOOKUP($E99,'Player Database'!$B$2:$B252,'Player Database'!$H$2:$H252)} -> #N/A | I99: {=XLOOKUP($E99,'Player Database'!$B$2:$B252,'Player Database'!$O$2:$O252)} -> #N/A | J99: {=XLOOKUP($E99,'Player Database'!$B$2:$B252,'Player Database'!$P$2:$P252)} -> #N/A | K99: {=XLOOKUP($E99,'Player Database'!$B$2:$B252,'Player Database'!$U$2:$U252)} -> #N/A | L99: {=XLOOKUP($E99,'Player Database'!$B$2:$B252,'Player Database'!$W$2:$W252)} -> #N/A | M99: =CONCATENATE(O99," - ",P99) -> 0 - 0 | N99: {=IF(XLOOKUP($E99,'Player Database'!$B$2:$B252,'Player Database'!$AA$2:$AA252)="",XLOOKUP($E99,'Player Database'!$B$2:$B252,'Player Database'!$G$2:$G252),XLOOKUP($E99,'Player Database'!$B$2:$B252,'Player Database'!$AA$2:$AA252))} -> #N/A | O99: =COUNTIFs(Matches!$B:$B,E99,Matches!$A:$A,">"&Q99,Matches!$A:$A,"<"&R99) -> 0 | P99: =COUNTIFs(Matches!$C:$C,E99,Matches!$A:$A,">"&Q99,Matches!$A:$A,"<"&R99) -> 0 | Q99: =VLOOKUP($C$2,Quotas!$A$7:$E$14,2,FALSE) -> 46171.708 | R99: =VLOOKUP($C$2,Quotas!$A$7:$E$14,3,FALSE) -> 46178.708
A100: {=XLOOKUP($E100,'Player Database'!$B$2:$B252,'Player Database'!$C$2:$C252)} -> #N/A | B100: {=XLOOKUP($E100,'Player Database'!$B$2:$B252,'Player Database'!$E$2:$E252)} -> #N/A | C100: {=XLOOKUP($E100,'Player Database'!$B$2:$B252,'Player Database'!$F$2:$F252)} -> #N/A | D100: =IFERROR(__xludf.DUMMYFUNCTION("""COMPUTED_VALUE"""),1.0) -> 1 | F100: {=XLOOKUP($E100,'Player Database'!$B$2:$B252,'Player Database'!$K$2:$K252)} -> #N/A | G100: {=XLOOKUP($E100,'Player Database'!$B$2:$B252,'Player Database'!$AE$2:$AE252)} -> #N/A | H100: {=XLOOKUP($E100,'Player Database'!$B$2:$B252,'Player Database'!$H$2:$H252)} -> #N/A | I100: {=XLOOKUP($E100,'Player Database'!$B$2:$B252,'Player Database'!$O$2:$O252)} -> #N/A | J100: {=XLOOKUP($E100,'Player Database'!$B$2:$B252,'Player Database'!$P$2:$P252)} -> #N/A | K100: {=XLOOKUP($E100,'Player Database'!$B$2:$B252,'Player Database'!$U$2:$U252)} -> #N/A | L100: {=XLOOKUP($E100,'Player Database'!$B$2:$B252,'Player Database'!$W$2:$W252)} -> #N/A | M100: =CONCATENATE(O100," - ",P100) -> 0 - 0 | N100: {=IF(XLOOKUP($E100,'Player Database'!$B$2:$B252,'Player Database'!$AA$2:$AA252)="",XLOOKUP($E100,'Player Database'!$B$2:$B252,'Player Database'!$G$2:$G252),XLOOKUP($E100,'Player Database'!$B$2:$B252,'Player Database'!$AA$2:$AA252))} -> #N/A | O100: =COUNTIFs(Matches!$B:$B,E100,Matches!$A:$A,">"&Q100,Matches!$A:$A,"<"&R100) -> 0 | P100: =COUNTIFs(Matches!$C:$C,E100,Matches!$A:$A,">"&Q100,Matches!$A:$A,"<"&R100) -> 0 | Q100: =VLOOKUP($C$2,Quotas!$A$7:$E$14,2,FALSE) -> 46171.708 | R100: =VLOOKUP($C$2,Quotas!$A$7:$E$14,3,FALSE) -> 46178.708
...

Sheet Matches
A1: Timestamp | B1: Your Name | C1: Loser Name | D1: Result | E1: Notes | F1: Script Handled | G1: Bot Messaged | H1: Winning College | I1: Losing College | J1: Announcement Sent
A2: 46136.722 | B2: Nick L - Aliphos#10232 | C2: Justin P - Code Pigeon#84057 | D2: 2-0 | F2: 1 | G2: TRUE | H2: {=IF(B2:B3434<>"",XLOOKUP(B2:B3434, 'Player Database'!$B$2:$B3434, 'Player Database'!$AE$2:$AE3434),"")} -> #N/A | I2: {=IF(C2:C3434<>"",XLOOKUP(C2:C3434, 'Player Database'!$B$2:$B3434, 'Player Database'!$AE$2:$AE3434),"")} -> #N/A | J2: 1
A3: 46136.725 | B3: Paul G - TheDragon#61289 | C3: David M - Murrari#27942 | D3: 2-1 | F3: 1 | G3: TRUE | H3: #N/A | I3: #N/A | J3: 1
A4: 46136.725 | B4: Emmett F - Sepulchure#51526 | C4: Greg B - Piloswine#16597 | D4: 2-0 | F4: 1 | G4: TRUE | H4: #N/A | I4: #N/A | J4: 1
A5: 46136.731 | B5: Alexis M - Alexsfly#67052 | C5: Yaron B - Personification#18218 | D5: 2-0 | F5: 1 | G5: TRUE | H5: #N/A | I5: #N/A | J5: 1
A6: 46136.733 | B6: Andreas V - vwhite#64530 | C6: Cody-R MG - boink#65210 | D6: 2-0 | F6: 1 | G6: 1 | H6: #N/A | I6: #N/A | J6: 1
A7: 46136.733 | B7: Alex H - Merriman#08092 | C7: Jonathan L - jslesser#56805 | D7: 2-0 | F7: 1 | G7: TRUE | H7: #N/A | I7: #N/A | J7: 1
A8: 46136.734 | B8: Parker D - Android5000#23254 | C8: Brian S - <Quinton>#67960 | D8: 2-1 | F8: 1 | G8: TRUE | H8: #N/A | I8: #N/A | J8: 1
A9: 46136.734 | B9: Emilia P - Quiza#32870 | C9: Cory M - 100beep#46371 | D9: 2-1 | F9: 1 | G9: 1 | H9: #N/A | I9: #N/A | J9: 1
A10: 46136.734 | B10: Tim W - zaergaegyr#34014 | C10: Adam D - Adam#54521 | D10: 2-0 | F10: 1 | G10: 1 | H10: #N/A | I10: #N/A | J10: 1
A11: 46136.735 | B11: Lotte P - Lotte #93345 | C11: Dakota C - Coffey#70489 | D11: 2-1 | F11: 1 | G11: 1 | H11: #N/A | I11: #N/A | J11: 1
A12: 46136.739 | B12: Emmett F - Sepulchure#51526 | C12: Dan B - Hmishima#77128 | D12: 2-0 | F12: 1 | G12: 1 | H12: #N/A | I12: #N/A | J12: 1
A13: 46136.744 | B13: Chris P - Joker01#66827 | C13: Duncan R - Donutboy#12626 | D13: 2-0 | F13: 1 | G13: 1 | H13: #N/A | I13: #N/A | J13: 1
A14: 46136.749 | B14: Paul G - TheDragon#61289 | C14: Nick L - Aliphos#10232 | D14: 2-0 | F14: 1 | G14: 1 | H14: #N/A | I14: #N/A | J14: 1
A15: 46136.749 | B15: Nolan F - Mordor#75624 | C15: Emilia P - Quiza#32870 | D15: 2-0 | F15: 1 | G15: 1 | H15: #N/A | I15: #N/A | J15: 1
A16: 46136.749 | B16: Chris K - kaiserroll802#17525 | C16: Brian S - <Quinton>#67960 | D16: 2-0 | F16: 1 | G16: 1 | H16: #N/A | I16: #N/A | J16: 1
A17: 46136.756 | B17: Andreas V - vwhite#64530 | C17: Parker D - Android5000#23254 | D17: 2-0 | F17: 1 | G17: 1 | H17: #N/A | I17: #N/A | J17: 1
A18: 46136.758 | B18: Tim W - zaergaegyr#34014 | C18: Alexis M - Alexsfly#67052 | D18: 2-0 | F18: 1 | G18: 1 | H18: #N/A | I18: #N/A | J18: 1
A19: 46136.764 | B19: Emmett F - Sepulchure#51526 | C19: Dakota C - Coffey#70489 | D19: 2-1 | F19: 1 | G19: 1 | H19: #N/A | I19: #N/A | J19: 1
A20: 46136.77 | B20: Nick A - Nistar#14127 | C20: Keith L - Uruma#71243 | D20: 2-0 | F20: 1 | G20: 1 | H20: #N/A | I20: #N/A | J20: 1
... A26: 46136.781 | B26: David M - Murrari#27942 | C26: Andreas V - vwhite#64530 | D26: 2-0 | F26: 1 | G26: 1 | H26: #N/A | I26: #N/A | J26: 1
A27: 46136.784 | B27: Cody U - Speediurdi#14686 | C27: Jacky L - Luckbox#52583 | D27: 2-0 | E27: gg | F27: 1 | G27: 1 | H27: #N/A | I27: #N/A | J27: 1
A28: 46136.785 | B28: Elias W - Casicu#10613 | C28: Tzvi L - Daardain#96647 | D28: 2-0 | F28: 1 | G28: 1 | H28: #N/A | I28: #N/A | J28: 1
A29: 46136.788 | B29: Nick A - Nistar#14127 | C29: Emmett F - Sepulchure#51526 | D29: 2-1 | F29: 1 | G29: 1 | H29: #N/A | I29: #N/A | J29: 1
A30: 46136.798 | B30: Justin P - Code Pigeon#84057 | C30: Aaron B - Bevelman#18220 | D30: 2-0 | F30: 1 | G30: 1 | H30: #N/A | I30: #N/A | J30: 1
A31: 46136.8 | B31: Keith L - Uruma#71243 | C31: Georgii C - Yasunori#84481 | D31: 2-1 | E31: GG! | F31: 1 | G31: 1 | H31: #N/A | I31: #N/A | J31: 1
A32: 46136.803 | B32: Adam D - Adam#54521 | C32: Dakota C - Coffey#70489 | D32: 2-0 | F32: 1 | G32: 1 | H32: #N/A | I32: #N/A | J32: 1
A33: 46136.809 | B33: John L - Tiger Burning#89444 | C33: Michael B - Monkeymage#12141 | D33: 2-1 | F33: 1 | G33: 1 | H33: #N/A | I33: #N/A | J33: 1
A34: 46136.811 | B34: Yaron B - Personification#18218 | C34: Nick A - Nistar#14127 | D34: 2-1 | E34: GGs | F34: 1 | G34: 1 | H34: #N/A | I34: #N/A | J34: 1
A35: 46136.812 | B35: Elias W - Casicu#10613 | C35: David M - Murrari#27942 | D35: 2-1 | F35: 1 | G35: 1 | H35: #N/A | I35: #N/A | J35: 1
A36: 46136.813 | B36: Evan L - Evan#97713 | C36: Tim W - zaergaegyr#34014 | D36: 2-0 | F36: 1 | G36: 1 | H36: #N/A | I36: #N/A | J36: 1
A37: 46136.821 | B37: Cory M - 100beep#46371 | C37: Tzvi L - Daardain#96647 | D37: 2-1 | F37: 1 | G37: 1 | H37: #N/A | I37: #N/A | J37: 1
A38: 46136.823 | B38: Jacob B - nonstopjacob#90440 | C38: Alexis M - Alexsfly#67052 | D38: 2-1 | E38: ggs, good luck in packs! | F38: 1 | G38: 1 | H38: #N/A | I38: #N/A | J38: 1
A39: 46136.824 | B39: Geoff E - Snorlaxguy#38043 | C39: Jacob P - Pie_Demon#80712 | D39: 2-0 | F39: 1 | G39: 1 | H39: #N/A | I39: #N/A | J39: 1
A40: 46136.826 | B40: Chris K - kaiserroll802#17525 | C40: Dakota C - Coffey#70489 | D40: 2-0 | E40: ggs | F40: 1 | G40: 1 | H40: #N/A | I40: #N/A | J40: 1
A41: 46136.827 | B41: Elias W - Casicu#10613 | C41: Evan L - Evan#97713 | D41: 2-1 | F41: 1 | G41: 1 | H41: #N/A | I41: #N/A | J41: 1
A42: 46136.832 | B42: Nick A - Nistar#14127 | C42: Denys H - wepen33#27443 | D42: 2-1 | F42: 1 | G42: 1 | H42: #N/A | I42: #N/A | J42: 1
A43: 46136.832 | B43: Rockford M - Haeso5#61422 | C43: Jonathan L - jslesser#56805 | D43: 2-1 | F43: 1 | G43: 1 | H43: #N/A | I43: #N/A | J43: 1
A44: 46136.837 | B44: Justin P - Code Pigeon#84057 | C44: Tim W - zaergaegyr#34014 | D44: 2-0 | F44: 1 | G44: 1 | H44: #N/A | I44: #N/A | J44: 1
A45: 46136.838 | B45: Elias W - Casicu#10613 | C45: Dakota C - Coffey#70489 | D45: 2-0 | F45: 1 | G45: 1 | H45: #N/A | I45: #N/A | J45: 1
A46: 46136.842 | B46: Cody-R MG - boink#65210 | C46: Cody U - Speediurdi#14686 | D46: 2-0 | E46: ggss buddy, till us giants of CODYs meet again! | F46: 1 | G46: 1 | H46: #N/A | I46: #N/A | J46: 1
A47: 46136.842 | B47: Michael M - Atombomb11991#07305 | C47: Cory M - 100beep#46371 | D47: 2-1 | F47: 1 | G47: 1 | H47: #N/A | I47: #N/A | J47: 1
A48: 46136.844 | B48: Geoff E - Snorlaxguy#38043 | C48: Jacob B - nonstopjacob#90440 | D48: 2-0 | F48: 1 | G48: 1 | H48: #N/A | I48: #N/A | J48: 1
A49: 46136.849 | B49: Elias W - Casicu#10613 | C49: Seaver M - Seaver99#18725 | D49: 2-1 | F49: 1 | G49: 1 | H49: #N/A | I49: #N/A | J49: 1
A50: 46136.85 | B50: Rhydian B - Ridwantgnd#31699 | C50: George G - 2GG#75037 | D50: 2-0 | F50: 1 | G50: 1 | H50: #N/A | I50: #N/A | J50: 1
A51: 46136.854 | B51: Kevin I - kni1993#29285 | C51: Justin P - Code Pigeon#84057 | D51: 2-1 | F51: 1 | G51: 1 | H51: #N/A | I51: #N/A | J51: 1
A52: 46136.857 | B52: Evan L - Evan#97713 | C52: David M - Murrari#27942 | D52: 2-1 | F52: 1 | G52: 1 | H52: #N/A | I52: #N/A | J52: 1
A53: 46136.859 | B53: Denys H - wepen33#27443 | C53: Phillip M - Fat_kitty#63794 | D53: 2-0 | F53: 1 | G53: 1 | H53: #N/A | I53: #N/A | J53: 1
A54: 46136.86 | B54: Zeke W - smarmyplatapus#30066 | C54: Michael M - Atombomb11991#07305 | D54: 2-1 | E54: ggs! | F54: 1 | G54: 1 | H54: #N/A | I54: #N/A | J54: 1
A55: 46136.865 | B55: Elspeth S - Prymalfire#97938 | C55: Jack S - AjaniGoldmane#67634 | D55: 2-0 | F55: 1 | G55: 1 | H55: #N/A | I55: #N/A | J55: 1
A56: 46136.876 | B56: Georgii C - Yasunori#84481 | C56: Denys H - wepen33#27443 | D56: 2-1 | F56: 1 | G56: 1 | H56: #N/A | I56: #N/A | J56: 1
A57: 46136.877 | B57: Kevin I - kni1993#29285 | C57: Cory M - 100beep#46371 | D57: 2-1 | F57: 1 | G57: 1 | H57: #N/A | I57: #N/A | J57: 1
A58: 46136.885 | B58: George G - 2GG#75037 | C58: Michael M - Atombomb11991#07305 | D58: 2-1 | F58: 1 | G58: 1 | H58: #N/A | I58: #N/A | J58: 1
A59: 46136.886 | B59: Tim W - zaergaegyr#34014 | C59: Matt G - iluvatar777#20638 | D59: 2-1 | F59: 1 | G59: 1 | H59: #N/A | I59: #N/A | J59: 1
A60: 46136.893 | B60: Nick L - Aliphos#10232 | C60: Alex H - Merriman#08092 | D60: 2-0 | F60: 1 | G60: 1 | H60: #N/A | I60: #N/A | J60: 1
A61: 46136.894 | B61: Geoff E - Snorlaxguy#38043 | C61: Seaver M - Seaver99#18725 | D61: 2-0 | F61: 1 | G61: 1 | H61: #N/A | I61: #N/A | J61: 1
A62: 46136.894 | B62: Phillip M - Fat_kitty#63794 | C62: Cody-R MG - boink#65210 | D62: 2-1 | E62: Top decking battles was super fun! | F62: 1 | G62: 1 | H62: #N/A | I62: #N/A | J62: 1
A63: 46136.895 | B63: Zeke W - smarmyplatapus#30066 | C63: Douglas S - Ivan#83721 | D63: 2-0 | E63: ggs! | F63: 1 | G63: 1 | H63: #N/A | I63: #N/A | J63: 1
A64: 46136.909 | B64: Jake K - drizzy_jake#02350 | C64: George G - 2GG#75037 | D64: 2-1 | F64: 1 | G64: 1 | H64: #N/A | I64: #N/A | J64: 1
A65: 46136.914 | B65: Tim A - Flavatog#03743 | C65: Brian S - <Quinton>#67960 | D65: 2-1 | F65: 1 | G65: 1 | H65: #N/A | I65: #N/A | J65: 1
A66: 46136.917 | B66: Nick L - Aliphos#10232 | C66: Cody U - Speediurdi#14686 | D66: 2-0 | F66: 1 | G66: 1 | H66: #N/A | I66: #N/A | J66: 1
A67: 46136.935 | B67: Zeke W - smarmyplatapus#30066 | C67: David N - Volt65#59442 | D67: 2-1 | E67: ggs! | F67: 1 | G67: 1 | H67: #N/A | I67: #N/A | J67: 1
A68: 46136.937 | B68: Jake K - drizzy_jake#02350 | C68: Melissa M - Tritium#81581 | D68: 2-1 | F68: 1 | G68: 1 | H68: #N/A | I68: #N/A | J68: 1
A69: 46136.945 | B69: Rafael F - Prudent#24319 | C69: Jacob F - cerbyte#37555 | D69: 2-0 | E69: Straight hands ma boi! | F69: 1 | G69: 1 | H69: #N/A | I69: #N/A | J69: 1
A70: 46136.953 | B70: Charles B - CandyDaniel#16348 | C70: Daniel K - wkufan89#09556 | D70: 2-1 | F70: 1 | G70: 1 | H70: #N/A | I70: #N/A | J70: 1
A71: 46136.954 | B71: Luke M - Gravecrawler#03567 | C71: Zeke W - smarmyplatapus#30066 | D71: 2-0 | F71: 1 | G71: 1 | H71: #N/A | I71: #N/A | J71: 1
A72: 46136.956 | B72: Matt P - MattPow#53130 | C72: David N - Volt65#59442 | D72: 2-0 | F72: 1 | G72: 1 | H72: #N/A | I72: #N/A | J72: 1
A73: 46136.956 | B73: Patrick R - zinay#49510 | C73: Bob P - HIT#08120 | D73: 2-1 | F73: 1 | G73: 1 | H73: #N/A | I73: #N/A | J73: 1
A74: 46136.956 | B74: Greg B - Piloswine#16597 | C74: Sean O - PawnOfHumalog#82404 | D74: 2-0 | F74: 1 | G74: 1 | H74: #N/A | I74: #N/A | J74: 1
A75: 46136.957 | B75: Miguel B - Ethereus#60108 | C75: Sam M - Starfire#38589 | D75: 2-1 | E75: gg | F75: 1 | G75: 1 | H75: #N/A | I75: #N/A | J75: 1
A76: 46136.962 | B76: Emmett F - Sepulchure#51526 | C76: Trevor H - zheader#50741 | D76: 2-0 | F76: 1 | G76: 1 | H76: #N/A | I76: #N/A | J76: 1
A77: 46136.964 | B77: Jonathan M - JonNeverRage#46830 | C77: Tommy L - NiviCompleo#33268 | D77: 2-1 | F77: 1 | G77: 1 | H77: #N/A | I77: #N/A | J77: 1
A78: 46136.965 | B78: Charles B - CandyDaniel#16348 | C78: Will M - Argonplatypus#63382 | D78: 2-1 | F78: 1 | G78: 1 | H78: #N/A | I78: #N/A | J78: 1
A79: 46136.968 | B79: Douglas S - Ivan#83721 | C79: George G - 2GG#75037 | D79: 2-1 | E79: GGs! | F79: 1 | G79: 1 | H79: #N/A | I79: #N/A | J79: 1
A80: 46136.972 | B80: Matt P - MattPow#53130 | C80: Greg B - Piloswine#16597 | D80: 2-1 | F80: 1 | G80: 1 | H80: #N/A | I80: #N/A | J80: 1
A81: 46136.974 | B81: Luke M - Gravecrawler#03567 | C81: Cory M - 100beep#46371 | D81: 2-0 | F81: 1 | G81: 1 | H81: #N/A | I81: #N/A | J81: 1
A82: 46136.978 | B82: Miguel B - Ethereus#60108 | C82: Patrick R - zinay#49510 | D82: 2-1 | E82: gg | F82: 1 | G82: 1 | H82: #N/A | I82: #N/A | J82: 1
A83: 46136.985 | B83: Geoff E - Snorlaxguy#38043 | C83: Trevor H - zheader#50741 | D83: 2-1 | E83: kissy boy | F83: 1 | G83: 1 | H83: #N/A | I83: #N/A | J83: 1
A84: 46136.989 | B84: Seaver M - Seaver99#18725 | C84: Greg B - Piloswine#16597 | D84: 2-0 | F84: 1 | G84: 1 | H84: #N/A | I84: #N/A | J84: 1
A85: 46136.995 | B85: Luke M - Gravecrawler#03567 | C85: Jeb B - Gray_Bob19#67329 | D85: 2-0 | F85: 1 | G85: 1 | H85: #N/A | I85: #N/A | J85: 1
A86: 46136.995 | B86: Chris D - Stereolab#37691 | C86: Sean O - PawnOfHumalog#82404 | D86: 2-1 | F86: 1 | G86: 1 | H86: #N/A | I86: #N/A | J86: 1
A87: 46137.003 | B87: Howard T - Kaozu#62298 | C87: Seaver M - Seaver99#18725 | D87: 2-0 | F87: 1 | G87: 1 | H87: #N/A | I87: #N/A | J87: 1
A88: 46137.012 | B88: Parker D - Android5000#23254 | C88: Greg B - Piloswine#16597 | D88: 2-1 | F88: 1 | G88: 1 | H88: #N/A | I88: #N/A | J88: 1
A89: 46137.017 | B89: Luke M - Gravecrawler#03567 | C89: Ethan L - Ethanndow#02818 | D89: 2-1 | F89: 1 | G89: 1 | H89: #N/A | I89: #N/A | J89: 1
A90: 46137.019 | B90: David N - Volt65#59442 | C90: Elspeth S - Prymalfire#97938 | D90: 2-0 | F90: 1 | G90: 1 | H90: #N/A | I90: #N/A | J90: 1
A91: 46137.02 | B91: Parker D - Android5000#23254 | C91: Theia E - Catarang#49877 | D91: 2-0 | F91: 1 | G91: 1 | H91: #N/A | I91: #N/A | J91: 1
A92: 46137.025 | B92: Nick L - Aliphos#10232 | C92: Jeb B - Gray_Bob19#67329 | D92: 2-1 | F92: 1 | G92: 1 | H92: #N/A | I92: #N/A | J92: 1
A93: 46137.029 | B93: Chris D - Stereolab#37691 | C93: Johnny M - Johnny#69519 | D93: 2-1 | F93: 1 | G93: 1 | H93: #N/A | I93: #N/A | J93: 1
A94: 46137.031 | B94: Jamie W - Jamie#45846 | C94: Colton M - Mang#55794 | D94: 2-1 | F94: 1 | G94: 1 | H94: #N/A | I94: #N/A | J94: 1
A95: 46137.036 | B95: Luke M - Gravecrawler#03567 | C95: Nolan F - Mordor#75624 | D95: 2-0 | F95: 1 | G95: 1 | H95: #N/A | I95: #N/A | J95: 1
A96: 46137.04 | B96: Curtis W - iCwalzy#05483 | C96: Ethan L - Ethanndow#02818 | D96: 2-1 | E96: GGs, gl in next | F96: 1 | G96: 1 | H96: #N/A | I96: #N/A | J96: 1
A97: 46137.042 | B97: Alex E - MoxMango#59586 | C97: Chris Pr - Darkdragonzt#58801 | D97: 2-1 | E97: ggs | F97: 1 | G97: 1 | H97: #N/A | I97: #N/A | J97: 1
A98: 46137.048 | B98: Parker D - Android5000#23254 | C98: Elspeth S - Prymalfire#97938 | D98: 2-1 | F98: 1 | G98: 1 | H98: #N/A | I98: #N/A | J98: 1
A99: 46137.049 | B99: Brenden N - Eggplantsonfire#75821 | C99: Rockford M - Haeso5#61422 | D99: 2-0 | F99: 1 | G99: 1 | H99: #N/A | I99: #N/A | J99: 1
A100: 46137.053 | B100: Jack H - Rakic#98298 | C100: Nolan F - Mordor#75624 | D100: 2-1 | F100: 1 | G100: 1 | H100: #N/A | I100: #N/A | J100: 1
A101: 46137.054 | B101: Aaron B - Bevelman#18220 | C101: Johnny M - Johnny#69519 | D101: 2-1 | F101: 1 | G101: 1 | H101: #N/A | I101: #N/A | J101: 1
A102: 46137.056 | B102: Alex E - MoxMango#59586 | C102: Brenden N - Eggplantsonfire#75821 | D102: 2-0 | E102: ggs | F102: 1 | G102: 1 | H102: #N/A | I102: #N/A | J102: 1
A103: 46137.057 | B103: Colton M - Mang#55794 | C103: Alex H - Merriman#08092 | D103: 2-0 | F103: 1 | G103: 1 | H103: #N/A | I103: #N/A | J103: 1
A104: 46137.063 | B104: Walter C - tibalt4life#46559 | C104: Ethan L - Ethanndow#02818 | D104: 2-0 | F104: 1 | G104: 1 | H104: #N/A | I104: #N/A | J104: 1
A105: 46137.064 | B105: Aaron B - Bevelman#18220 | C105: Jack H - Rakic#98298 | D105: 2-0 | F105: 1 | G105: 1 | H105: #N/A | I105: #N/A | J105: 1
...

Sheet Quotas
A1: =Standings!A1 -> ARENA GAUNTLET LEAGUE: Secrets of Strixhaven
A2: WEEK # | B2: =IFS(now()>Quotas!B14,6, now()>Quotas!B13,5,now()>Quotas!B12,4, now()>Quotas!B11,3, now()>Quotas!B10,2, now()>Quotas!B9,1,now()<Quotas!B9,0) -> 6 | C2: Entropy Week | D2: 7 | E2: (should be at 0 before the league starts)
A4: QUOTA: | B4: =ifs(B2=A8,"0",B2=A9,CONCATENATE(D9,"-",E9),B2=A10,CONCATENATE(D10,"-",E10),B2=A11,CONCATENATE(D11,"-",E11),B2=A12,CONCATENATE(D12,"-",E12),B2=A13,CONCATENATE(D13,"-",E13),B2=A14,CONCATENATE(D14,"-",E14)) -> 30-30
B6: DATES | D6: MATCHES RANGE | G6: PLANE CODES
A7: WEEK | B7: FROM | C7: TO | D7: MIN | E7: MAX | G7: DOM
A8: 0 | B8: Registration | C8: =B9 -> 46136.708 | D8: 0 | E8: 0 | G8: M21
A9: 1 | B9: 46136.708 | C9: =B9+7 -> 46143.708 | D9: 3 | E9: 5 | G9: AFR
A10: 2 | B10: =C9 -> 46143.708 | C10: =B10+7 -> 46150.708 | D10: =D9+5 -> 8 | E10: =E9+5 -> 10 | G10: KLR
A11: 3 | B11: =C10 -> 46150.708 | C11: =B11+7 -> 46157.708 | D11: =D10+5 -> 13 | E11: =E10+5 -> 15 | G11: M19
A12: 4 | B12: =C11 -> 46157.708 | C12: =B12+7 -> 46164.708 | D12: =D11+5 -> 18 | E12: =E11+5 -> 20
A13: 5 | B13: =C12 -> 46164.708 | C13: =B13+7 -> 46171.708 | D13: =D12+5 -> 23 | E13: =E12+5 -> 25
A14: 6 | B14: =C13 -> 46171.708 | C14: =B14+7 -> 46178.708 | D14: 30 | E14: =E13+5 -> 30
B15: **You must end each week within the specified Min-Max range of matches played. Times in EST. | G15: M20
G16: SNC
G17: BRO
G18: XLN
G19: STX
G20: AKR
G21: KHM
G22: DMU
G23: ELD
G24: IKO
G25: NEO
G26: THB
G27: ISD

Sheet Entropy
A1: =Standings!A1 -> ARENA GAUNTLET LEAGUE: Secrets of Strixhaven
A2: WEEK # | B2: =Standings!C2 -> 6
A4: MATCH # | B4: WEEK | C4: PLAYER 1 | D4: PLAYER 2 | E4: PLAYER 1 SCORE | F4: PLAYER 2 SCORE | G4: RESULT | H4: Comeback Pack | I4: Timestamp | J4: Bot Messaged | K4: Announcement Sent
B5: 1 | C5: ENTROPY | D5: Jared M - doc_martin#46452 | E5: 2 | F5: 0 | I5: 46143.71 | K5: 1
B6: 1 | C6: ENTROPY | D6: Jared M - doc_martin#46452 | E6: 2 | F6: 0 | I6: 46143.71 | K6: 1
B7: 1 | C7: ENTROPY | D7: Jared M - doc_martin#46452 | E7: 2 | F7: 0 | I7: 46143.71 | K7: 1
B8: 1 | C8: ENTROPY | D8: Oceane C - Oce#92102 | E8: 2 | F8: 0 | I8: 46143.71 | J8: 1 | K8: 1
B9: 1 | C9: ENTROPY | D9: Oceane C - Oce#92102 | E9: 2 | F9: 0 | I9: 46143.71 | J9: 1 | K9: 1
B10: 1 | C10: ENTROPY | D10: Oceane C - Oce#92102 | E10: 2 | F10: 0 | I10: 46143.71 | K10: 1
B11: 1 | C11: ENTROPY | D11: Quill M - Nocnoc#13791 | E11: 2 | F11: 0 | I11: 46143.71 | J11: 1 | K11: 1
B12: 1 | C12: ENTROPY | D12: Richard S - jessuscrice#89183 | E12: 2 | F12: 0 | I12: 46143.712 | K12: 1
B13: 1 | C13: ENTROPY | D13: Richard S - jessuscrice#89183 | E13: 2 | F13: 0 | I13: 46143.712 | K13: 1
B14: 1 | C14: ENTROPY | D14: Richard S - jessuscrice#89183 | E14: 2 | F14: 0 | I14: 46143.712 | K14: 1
B15: 1 | C15: ENTROPY | D15: Salvatore P - Unborne#42237 | E15: 2 | F15: 0 | I15: 46143.713 | J15: 1 | K15: 1
B16: 1 | C16: ENTROPY | D16: Salvatore P - Unborne#42237 | E16: 2 | F16: 0 | I16: 46143.714 | J16: 1 | K16: 1
B17: 1 | C17: ENTROPY | D17: Salvatore P - Unborne#42237 | E17: 2 | F17: 0 | I17: 46143.714 | J17: 1 | K17: 1
B18: 1 | C18: ENTROPY | D18: Theo T - lycurgus13#15780 | E18: 2 | F18: 0 | I18: 46143.714 | K18: 1
B19: 1 | C19: ENTROPY | D19: Theo T - lycurgus13#15780 | E19: 2 | F19: 0 | I19: 46143.714 | K19: 1
B20: 1 | C20: ENTROPY | D20: Theo T - lycurgus13#15780 | E20: 2 | F20: 0 | I20: 46143.714 | K20: 1
B21: 1 | C21: ENTROPY | D21: Travis L - AhriPotter#95337 | E21: 2 | F21: 0 | I21: 46143.714 | J21: 1 | K21: 1
B22: 1 | C22: ENTROPY | D22: Travis L - AhriPotter#95337 | E22: 2 | F22: 0 | I22: 46143.714 | J22: 1 | K22: 1
B23: 1 | C23: ENTROPY | D23: Travis L - AhriPotter#95337 | E23: 2 | F23: 0 | I23: 46143.714 | J23: 1 | K23: 1
B24: 2 | C24: ENTROPY | D24: Aaron A - Eclipse2470#03650 | E24: 2 | F24: 0 | I24: 46150.88 | J24: 1
B25: 2 | C25: ENTROPY | D25: Aaron A - Eclipse2470#03650 | E25: 2 | F25: 0 | I25: 46150.88
B26: 2 | C26: ENTROPY | D26: Aaron A - Eclipse2470#03650 | E26: 2 | F26: 0 | I26: 46150.88
B27: 2 | C27: ENTROPY | D27: Atari H - Planeswalker#95389 | E27: 2 | F27: 0 | I27: 46150.891 | J27: 1
B28: 2 | C28: ENTROPY | D28: Atari H - Planeswalker#95389 | E28: 2 | F28: 0 | I28: 46150.891 | J28: 1
B29: 2 | C29: ENTROPY | D29: Ben P - ChuckNoBlocks#32638 | E29: 2 | F29: 0 | I29: 46150.898 | J29: 1
B30: 2 | C30: ENTROPY | D30: Ben P - ChuckNoBlocks#32638 | E30: 2 | F30: 0 | I30: 46150.898 | J30: 1
B31: 2 | C31: ENTROPY | D31: Ben P - ChuckNoBlocks#32638 | E31: 2 | F31: 0 | I31: 46150.898 | J31: 1
B32: 2 | C32: ENTROPY | D32: Bill D - Cato Phoenix#70805 | E32: 2 | F32: 0 | I32: 46150.898 | J32: 1
B33: 2 | C33: ENTROPY | D33: Bill D - Cato Phoenix#70805 | E33: 2 | F33: 0 | I33: 46150.898 | J33: 1
B34: 2 | C34: ENTROPY | D34: Bill D - Cato Phoenix#70805 | E34: 2 | F34: 0 | I34: 46150.898 | J34: 1
B35: 2 | C35: ENTROPY | D35: Jared M - doc_martin#46452 | E35: 2 | F35: 0 | I35: 46150.898
B36: 2 | C36: ENTROPY | D36: Jared M - doc_martin#46452 | E36: 2 | F36: 0 | I36: 46150.898
B37: 2 | C37: ENTROPY | D37: Jared M - doc_martin#46452 | E37: 2 | F37: 0 | I37: 46150.898
B38: 2 | C38: ENTROPY | D38: Jared M - doc_martin#46452 | E38: 2 | F38: 0 | I38: 46150.898
B39: 2 | C39: ENTROPY | D39: Jared M - doc_martin#46452 | E39: 2 | F39: 0 | I39: 46150.898
B40: 2 | C40: ENTROPY | D40: Kavi G - metavirus#40912 | E40: 2 | F40: 0 | I40: 46150.898
B41: 2 | C41: ENTROPY | D41: Kavi G - metavirus#40912 | E41: 2 | F41: 0 | I41: 46150.898
B42: 2 | C42: ENTROPY | D42: Maranda F - BlackCanary#59791 | E42: 2 | F42: 0 | I42: 46150.898
B43: 2 | C43: ENTROPY | D43: Maranda F - BlackCanary#59791 | E43: 2 | F43: 0 | I43: 46150.898
B44: 2 | C44: ENTROPY | D44: Maranda F - BlackCanary#59791 | E44: 2 | F44: 0 | I44: 46150.898
B45: 2 | C45: ENTROPY | D45: Melissa M - Tritium#81581 | E45: 2 | F45: 0 | I45: 46150.898 | J45: 1
B46: 2 | C46: ENTROPY | D46: Melissa M - Tritium#81581 | E46: 2 | F46: 0 | I46: 46150.898
B47: 2 | C47: ENTROPY | D47: Melissa M - Tritium#81581 | E47: 2 | F47: 0 | I47: 46150.898
B48: 2 | C48: ENTROPY | D48: Oceane C - Oce#92102 | E48: 2 | F48: 0 | I48: 46150.898
B49: 2 | C49: ENTROPY | D49: Oceane C - Oce#92102 | E49: 2 | F49: 0 | I49: 46150.898
B50: 2 | C50: ENTROPY | D50: Oceane C - Oce#92102 | E50: 2 | F50: 0 | I50: 46150.898
B51: 2 | C51: ENTROPY | D51: Oceane C - Oce#92102 | E51: 2 | F51: 0 | I51: 46150.898
B52: 2 | C52: ENTROPY | D52: Oceane C - Oce#92102 | E52: 2 | F52: 0 | I52: 46150.898
B53: 2 | C53: ENTROPY | D53: Oskar T - ossytubbi#87966 | E53: 2 | F53: 0 | I53: 46150.898
B54: 2 | C54: ENTROPY | D54: Oskar T - ossytubbi#87966 | E54: 2 | F54: 0 | I54: 46150.898
B55: 2 | C55: ENTROPY | D55: Oskar T - ossytubbi#87966 | E55: 2 | F55: 0 | I55: 46150.898
B56: 2 | C56: ENTROPY | D56: Oskar T - ossytubbi#87966 | E56: 2 | F56: 0 | I56: 46150.898
B57: 2 | C57: ENTROPY | D57: Richard S - jessuscrice#89183 | E57: 2 | F57: 0 | I57: 46150.899
... B63: 2 | C63: ENTROPY | D63: Ron C - cors#52740 | E63: 2 | F63: 0 | I63: 46150.899
B64: 2 | C64: ENTROPY | D64: Ron B - bombski#01630 | E64: 2 | F64: 0 | I64: 46150.899 | J64: 1
B65: 2 | C65: ENTROPY | D65: Salvatore P - Unborne#42237 | E65: 2 | F65: 0 | I65: 46150.899 | J65: 1
B66: 2 | C66: ENTROPY | D66: Salvatore P - Unborne#42237 | E66: 2 | F66: 0 | I66: 46150.899
B67: 2 | C67: ENTROPY | D67: Salvatore P - Unborne#42237 | E67: 2 | F67: 0 | I67: 46150.899
B68: 2 | C68: ENTROPY | D68: Salvatore P - Unborne#42237 | E68: 2 | F68: 0 | I68: 46150.899
B69: 2 | C69: ENTROPY | D69: Salvatore P - Unborne#42237 | E69: 2 | F69: 0 | I69: 46150.899
B70: 2 | C70: ENTROPY | D70: Sam E - samrich23#66539 | E70: 2 | F70: 0 | I70: 46150.899 | J70: 1
B71: 2 | C71: ENTROPY | D71: Sam E - samrich23#66539 | E71: 2 | F71: 0 | I71: 46150.899
B72: 2 | C72: ENTROPY | D72: Sam E - samrich23#66539 | E72: 2 | F72: 0 | I72: 46150.899
B73: 2 | C73: ENTROPY | D73: Theo T - lycurgus13#15780 | E73: 2 | F73: 0 | I73: 46150.899
B74: 2 | C74: ENTROPY | D74: Theo T - lycurgus13#15780 | E74: 2 | F74: 0 | I74: 46150.899
B75: 2 | C75: ENTROPY | D75: Theo T - lycurgus13#15780 | E75: 2 | F75: 0 | I75: 46150.899
B76: 2 | C76: ENTROPY | D76: Theo T - lycurgus13#15780 | E76: 2 | F76: 0 | I76: 46150.899
B77: 2 | C77: ENTROPY | D77: Theo T - lycurgus13#15780 | E77: 2 | F77: 0 | I77: 46150.899
B78: 2 | C78: ENTROPY | D78: Jonathan P - wheat4days#18347 | E78: 2 | F78: 0 | I78: 46152.086 | J78: 1
B79: 2 | C79: ENTROPY | D79: Jonathan P - wheat4days#18347 | E79: 2 | F79: 0 | I79: 46152.086 | J79: 1
B80: 2 | C80: ENTROPY | D80: Jonathan P - wheat4days#18347 | E80: 2 | F80: 0 | I80: 46152.086 | J80: 1
B81: 2 | C81: ENTROPY | D81: Jonathan P - wheat4days#18347 | E81: 2 | F81: 0 | I81: 46152.086 | J81: 1
B82: 2 | C82: ENTROPY | D82: Jonathan P - wheat4days#18347 | E82: 2 | F82: 0 | I82: 46152.086 | J82: 1
B83: 2 | C83: ENTROPY | D83: Jonathan P - wheat4days#18347 | E83: 2 | F83: 0 | I83: 46152.086 | J83: 1
B84: 2 | C84: ENTROPY | D84: Jonathan P - wheat4days#18347 | E84: 2 | F84: 0 | I84: 46152.086 | J84: 1
B85: 2 | C85: ENTROPY | D85: Jonathan P - wheat4days#18347 | E85: 2 | F85: 0 | I85: 46152.086 | J85: 1
B86: 3 | C86: ENTROPY | D86: Wyatt C - hotdolphin#30769 | E86: 2 | F86: 0 | I86: 46155.522 | J86: 1
B87: 3 | C87: ENTROPY | D87: Wyatt C - hotdolphin#30769 | E87: 2 | F87: 0 | I87: 46155.522 | J87: 1
B88: 3 | C88: ENTROPY | D88: Jacob H - Jahbna#39577 | E88: 2 | F88: 0 | I88: 46156.358 | J88: 1
B89: 3 | C89: ENTROPY | D89: Tommy L - NiviCompleo#33268 | E89: 2 | F89: 0 | I89: 46157.623 | J89: 1
B90: 3 | C90: ENTROPY | D90: Aaron A - Eclipse2470#03650 | E90: 2 | F90: 0 | I90: 46157.71
B91: 3 | C91: ENTROPY | D91: Aaron A - Eclipse2470#03650 | E91: 2 | F91: 0 | I91: 46157.71
B92: 3 | C92: ENTROPY | D92: Aaron A - Eclipse2470#03650 | E92: 2 | F92: 0 | I92: 46157.71
B93: 3 | C93: ENTROPY | D93: Adam D - Adam#54521 | E93: 2 | F93: 0 | I93: 46157.71 | J93: 1
B94: 3 | C94: ENTROPY | D94: Adam D - Adam#54521 | E94: 2 | F94: 0 | I94: 46157.71
B95: 3 | C95: ENTROPY | D95: Adrian C - CarrRadio#73846 | E95: 2 | F95: 0 | I95: 46157.71 | J95: 1
B96: 3 | C96: ENTROPY | D96: Archie B - archiebaker#44712 | E96: 2 | F96: 0 | I96: 46157.71 | J96: 1
B97: 3 | C97: ENTROPY | D97: Archie B - archiebaker#44712 | E97: 2 | F97: 0 | I97: 46157.71
B98: 3 | C98: ENTROPY | D98: Archie B - archiebaker#44712 | E98: 2 | F98: 0 | I98: 46157.71
B99: 3 | C99: ENTROPY | D99: Archie B - archiebaker#44712 | E99: 2 | F99: 0 | I99: 46157.711
B100: 3 | C100: ENTROPY | D100: Atari H - Planeswalker#95389 | E100: 2 | F100: 0 | I100: 46157.711
B101: 3 | C101: ENTROPY | D101: Brian S - <Quinton>#67960 | E101: 2 | F101: 0 | I101: 46157.711
B102: 3 | C102: ENTROPY | D102: Brian S - <Quinton>#67960 | E102: 2 | F102: 0 | I102: 46157.711
B103: 3 | C103: ENTROPY | D103: Brian S - <Quinton>#67960 | E103: 2 | F103: 0 | I103: 46157.711
B104: 3 | C104: ENTROPY | D104: Brian S - <Quinton>#67960 | E104: 2 | F104: 0 | I104: 46157.711
B105: 3 | C105: ENTROPY | D105: Chris D - Stereolab#37691 | E105: 2 | F105: 0 | I105: 46157.711 | J105: 1
B106: 3 | C106: ENTROPY | D106: Chris D - Stereolab#37691 | E106: 2 | F106: 0 | I106: 46157.711
...

Sheet Pools
A1: =Standings!A1 -> ARENA GAUNTLET LEAGUE: Secrets of Strixhaven | K1: Week | L1: =Quotas!B2 -> 6
A2: Player Pools
A6: NAME | B6: ARENA ID | C6: Discord ID | D6: Identification | E6: WINS | F6: LOSSES | G6: CURRENT POOL | H6: STARTING POOL | I6: PACK 1 | J6: PACK 2 | K6: PACK 3 | L6: PACK 4 | M6: PACK 5 | N6: PACK 6 | O6: PACK 7 | P6: PACK 8 | Q6: PACK 9 | R6: PACK 10
A7: =IFERROR(__xludf.DUMMYFUNCTION("QUERY('Player Database'!B2:E1009,""SELECT C,E WHERE E!=' ' AND E!='' ORDER BY C"")"),"#REF!") -> #REF! | B7: =IFERROR(__xludf.DUMMYFUNCTION("""COMPUTED_VALUE"""),"#REF!") -> #REF! | C7: {=INDEX('Player Database'!$D:$D,MATCH($D7,'Player Database'!$B:$B,0))} -> #N/A | D7: =A7 & " - " & B7 -> #REF! - #REF! | E7: {=XLOOKUP($D7,'Player Database'!$B$2:$B1009,'Player Database'!$I$2:$I1009)} -> #N/A | F7: {=XLOOKUP($D7,'Player Database'!$B$2:$B1009,'Player Database'!$J$2:$J1009)} -> #N/A | G7: {=IF(H7="","",IFERROR( "https://sealeddeck.tech/" & INDEX('Pool Changes'!F:F, MAX( ROW('Pool Changes'!A:A) * ('Pool Changes'!B:B=D7) * ('Pool Changes'!F:F<>"") ) ), "" ))} | H7: =IFERROR(__xludf.DUMMYFUNCTION("LET(changes,FILTER('Pool Changes'!$B:$D, 'Pool Changes'!$B:$B = $D7),added,FILTER(INDEX(changes,0,3),INDEX(changes,0,2)=""starting pool""),TRANSPOSE(IFERROR(ARRAYFORMULA(IF(added<>"""",""https://sealeddeck.tech/""&added,"""")),"""")))"),"") | I7: =IFERROR(__xludf.DUMMYFUNCTION("LET(changes,FILTER('Pool Changes'!$B:$D, 'Pool Changes'!$B:$B = $D7),added,FILTER(INDEX(changes,0,3),INDEX(changes,0,2)=""add pack""),IFERROR(TRANSPOSE(ARRAYFORMULA(IF(added<>"""",HYPERLINK(""https://sealeddeck.tech/""&added,""Link""),""""))),""""))"),"")
C8: {=INDEX('Player Database'!$D:$D,MATCH($D8,'Player Database'!$B:$B,0))} -> #N/A | D8: =A8 & " - " & B8 -> - | E8: {=XLOOKUP($D8,'Player Database'!$B$2:$B1009,'Player Database'!$I$2:$I1009)} -> #N/A | F8: {=XLOOKUP($D8,'Player Database'!$B$2:$B1009,'Player Database'!$J$2:$J1009)} -> #N/A | G8: {=IF(H8="","",IFERROR( "https://sealeddeck.tech/" & INDEX('Pool Changes'!F:F, MAX( ROW('Pool Changes'!A:A) * ('Pool Changes'!B:B=D8) * ('Pool Changes'!F:F<>"") ) ), "" ))} | H8: =IFERROR(__xludf.DUMMYFUNCTION("LET(changes,FILTER('Pool Changes'!$B:$D, 'Pool Changes'!$B:$B = $D8),added,FILTER(INDEX(changes,0,3),INDEX(changes,0,2)=""starting pool""),TRANSPOSE(IFERROR(ARRAYFORMULA(IF(added<>"""",""https://sealeddeck.tech/""&added,"""")),"""")))"),"") | I8: =IFERROR(__xludf.DUMMYFUNCTION("LET(changes,FILTER('Pool Changes'!$B:$D, 'Pool Changes'!$B:$B = $D8),added,FILTER(INDEX(changes,0,3),INDEX(changes,0,2)=""add pack""),IFERROR(TRANSPOSE(ARRAYFORMULA(IF(added<>"""",HYPERLINK(""https://sealeddeck.tech/""&added,""Link""),""""))),""""))"),"")
C9: {=INDEX('Player Database'!$D:$D,MATCH($D9,'Player Database'!$B:$B,0))} -> #N/A | D9: =A9 & " - " & B9 -> - | E9: {=XLOOKUP($D9,'Player Database'!$B$2:$B1009,'Player Database'!$I$2:$I1009)} -> #N/A | F9: {=XLOOKUP($D9,'Player Database'!$B$2:$B1009,'Player Database'!$J$2:$J1009)} -> #N/A | G9: {=IF(H9="","",IFERROR( "https://sealeddeck.tech/" & INDEX('Pool Changes'!F:F, MAX( ROW('Pool Changes'!A:A) * ('Pool Changes'!B:B=D9) * ('Pool Changes'!F:F<>"") ) ), "" ))} | H9: =IFERROR(__xludf.DUMMYFUNCTION("LET(changes,FILTER('Pool Changes'!$B:$D, 'Pool Changes'!$B:$B = $D9),added,FILTER(INDEX(changes,0,3),INDEX(changes,0,2)=""starting pool""),TRANSPOSE(IFERROR(ARRAYFORMULA(IF(added<>"""",""https://sealeddeck.tech/""&added,"""")),"""")))"),"") | I9: =IFERROR(__xludf.DUMMYFUNCTION("LET(changes,FILTER('Pool Changes'!$B:$D, 'Pool Changes'!$B:$B = $D9),added,FILTER(INDEX(changes,0,3),INDEX(changes,0,2)=""add pack""),IFERROR(TRANSPOSE(ARRAYFORMULA(IF(added<>"""",HYPERLINK(""https://sealeddeck.tech/""&added,""Link""),""""))),""""))"),"")
C10: {=INDEX('Player Database'!$D:$D,MATCH($D10,'Player Database'!$B:$B,0))} -> #N/A | D10: =A10 & " - " & B10 -> - | E10: {=XLOOKUP($D10,'Player Database'!$B$2:$B1009,'Player Database'!$I$2:$I1009)} -> #N/A | F10: {=XLOOKUP($D10,'Player Database'!$B$2:$B1009,'Player Database'!$J$2:$J1009)} -> #N/A | G10: {=IF(H10="","",IFERROR( "https://sealeddeck.tech/" & INDEX('Pool Changes'!F:F, MAX( ROW('Pool Changes'!A:A) * ('Pool Changes'!B:B=D10) * ('Pool Changes'!F:F<>"") ) ), "" ))} | H10: =IFERROR(__xludf.DUMMYFUNCTION("LET(changes,FILTER('Pool Changes'!$B:$D, 'Pool Changes'!$B:$B = $D10),added,FILTER(INDEX(changes,0,3),INDEX(changes,0,2)=""starting pool""),TRANSPOSE(IFERROR(ARRAYFORMULA(IF(added<>"""",""https://sealeddeck.tech/""&added,"""")),"""")))"),"") | I10: =IFERROR(__xludf.DUMMYFUNCTION("LET(changes,FILTER('Pool Changes'!$B:$D, 'Pool Changes'!$B:$B = $D10),added,FILTER(INDEX(changes,0,3),INDEX(changes,0,2)=""add pack""),IFERROR(TRANSPOSE(ARRAYFORMULA(IF(added<>"""",HYPERLINK(""https://sealeddeck.tech/""&added,""Link""),""""))),""""))"),"")
C11: {=INDEX('Player Database'!$D:$D,MATCH($D11,'Player Database'!$B:$B,0))} -> #N/A | D11: =A11 & " - " & B11 -> - | E11: {=XLOOKUP($D11,'Player Database'!$B$2:$B1009,'Player Database'!$I$2:$I1009)} -> #N/A | F11: {=XLOOKUP($D11,'Player Database'!$B$2:$B1009,'Player Database'!$J$2:$J1009)} -> #N/A | G11: {=IF(H11="","",IFERROR( "https://sealeddeck.tech/" & INDEX('Pool Changes'!F:F, MAX( ROW('Pool Changes'!A:A) * ('Pool Changes'!B:B=D11) * ('Pool Changes'!F:F<>"") ) ), "" ))} | H11: =IFERROR(__xludf.DUMMYFUNCTION("LET(changes,FILTER('Pool Changes'!$B:$D, 'Pool Changes'!$B:$B = $D11),added,FILTER(INDEX(changes,0,3),INDEX(changes,0,2)=""starting pool""),TRANSPOSE(IFERROR(ARRAYFORMULA(IF(added<>"""",""https://sealeddeck.tech/""&added,"""")),"""")))"),"") | I11: =IFERROR(__xludf.DUMMYFUNCTION("LET(changes,FILTER('Pool Changes'!$B:$D, 'Pool Changes'!$B:$B = $D11),added,FILTER(INDEX(changes,0,3),INDEX(changes,0,2)=""add pack""),IFERROR(TRANSPOSE(ARRAYFORMULA(IF(added<>"""",HYPERLINK(""https://sealeddeck.tech/""&added,""Link""),""""))),""""))"),"")
C12: {=INDEX('Player Database'!$D:$D,MATCH($D12,'Player Database'!$B:$B,0))} -> #N/A | D12: =A12 & " - " & B12 -> - | E12: {=XLOOKUP($D12,'Player Database'!$B$2:$B1009,'Player Database'!$I$2:$I1009)} -> #N/A | F12: {=XLOOKUP($D12,'Player Database'!$B$2:$B1009,'Player Database'!$J$2:$J1009)} -> #N/A | G12: {=IF(H12="","",IFERROR( "https://sealeddeck.tech/" & INDEX('Pool Changes'!F:F, MAX( ROW('Pool Changes'!A:A) * ('Pool Changes'!B:B=D12) * ('Pool Changes'!F:F<>"") ) ), "" ))} | H12: =IFERROR(__xludf.DUMMYFUNCTION("LET(changes,FILTER('Pool Changes'!$B:$D, 'Pool Changes'!$B:$B = $D12),added,FILTER(INDEX(changes,0,3),INDEX(changes,0,2)=""starting pool""),TRANSPOSE(IFERROR(ARRAYFORMULA(IF(added<>"""",""https://sealeddeck.tech/""&added,"""")),"""")))"),"") | I12: =IFERROR(__xludf.DUMMYFUNCTION("LET(changes,FILTER('Pool Changes'!$B:$D, 'Pool Changes'!$B:$B = $D12),added,FILTER(INDEX(changes,0,3),INDEX(changes,0,2)=""add pack""),IFERROR(TRANSPOSE(ARRAYFORMULA(IF(added<>"""",HYPERLINK(""https://sealeddeck.tech/""&added,""Link""),""""))),""""))"),"")
C13: {=INDEX('Player Database'!$D:$D,MATCH($D13,'Player Database'!$B:$B,0))} -> #N/A | D13: =A13 & " - " & B13 -> - | E13: {=XLOOKUP($D13,'Player Database'!$B$2:$B1009,'Player Database'!$I$2:$I1009)} -> #N/A | F13: {=XLOOKUP($D13,'Player Database'!$B$2:$B1009,'Player Database'!$J$2:$J1009)} -> #N/A | G13: {=IF(H13="","",IFERROR( "https://sealeddeck.tech/" & INDEX('Pool Changes'!F:F, MAX( ROW('Pool Changes'!A:A) * ('Pool Changes'!B:B=D13) * ('Pool Changes'!F:F<>"") ) ), "" ))} | H13: =IFERROR(__xludf.DUMMYFUNCTION("LET(changes,FILTER('Pool Changes'!$B:$D, 'Pool Changes'!$B:$B = $D13),added,FILTER(INDEX(changes,0,3),INDEX(changes,0,2)=""starting pool""),TRANSPOSE(IFERROR(ARRAYFORMULA(IF(added<>"""",""https://sealeddeck.tech/""&added,"""")),"""")))"),"") | I13: =IFERROR(__xludf.DUMMYFUNCTION("LET(changes,FILTER('Pool Changes'!$B:$D, 'Pool Changes'!$B:$B = $D13),added,FILTER(INDEX(changes,0,3),INDEX(changes,0,2)=""add pack""),IFERROR(TRANSPOSE(ARRAYFORMULA(IF(added<>"""",HYPERLINK(""https://sealeddeck.tech/""&added,""Link""),""""))),""""))"),"")
C14: {=INDEX('Player Database'!$D:$D,MATCH($D14,'Player Database'!$B:$B,0))} -> #N/A | D14: =A14 & " - " & B14 -> - | E14: {=XLOOKUP($D14,'Player Database'!$B$2:$B1009,'Player Database'!$I$2:$I1009)} -> #N/A | F14: {=XLOOKUP($D14,'Player Database'!$B$2:$B1009,'Player Database'!$J$2:$J1009)} -> #N/A | G14: {=IF(H14="","",IFERROR( "https://sealeddeck.tech/" & INDEX('Pool Changes'!F:F, MAX( ROW('Pool Changes'!A:A) * ('Pool Changes'!B:B=D14) * ('Pool Changes'!F:F<>"") ) ), "" ))} | H14: =IFERROR(__xludf.DUMMYFUNCTION("LET(changes,FILTER('Pool Changes'!$B:$D, 'Pool Changes'!$B:$B = $D14),added,FILTER(INDEX(changes,0,3),INDEX(changes,0,2)=""starting pool""),TRANSPOSE(IFERROR(ARRAYFORMULA(IF(added<>"""",""https://sealeddeck.tech/""&added,"""")),"""")))"),"") | I14: =IFERROR(__xludf.DUMMYFUNCTION("LET(changes,FILTER('Pool Changes'!$B:$D, 'Pool Changes'!$B:$B = $D14),added,FILTER(INDEX(changes,0,3),INDEX(changes,0,2)=""add pack""),IFERROR(TRANSPOSE(ARRAYFORMULA(IF(added<>"""",HYPERLINK(""https://sealeddeck.tech/""&added,""Link""),""""))),""""))"),"")
C15: {=INDEX('Player Database'!$D:$D,MATCH($D15,'Player Database'!$B:$B,0))} -> #N/A | D15: =A15 & " - " & B15 -> - | E15: {=XLOOKUP($D15,'Player Database'!$B$2:$B1009,'Player Database'!$I$2:$I1009)} -> #N/A | F15: {=XLOOKUP($D15,'Player Database'!$B$2:$B1009,'Player Database'!$J$2:$J1009)} -> #N/A | G15: {=IF(H15="","",IFERROR( "https://sealeddeck.tech/" & INDEX('Pool Changes'!F:F, MAX( ROW('Pool Changes'!A:A) * ('Pool Changes'!B:B=D15) * ('Pool Changes'!F:F<>"") ) ), "" ))} | H15: =IFERROR(__xludf.DUMMYFUNCTION("LET(changes,FILTER('Pool Changes'!$B:$D, 'Pool Changes'!$B:$B = $D15),added,FILTER(INDEX(changes,0,3),INDEX(changes,0,2)=""starting pool""),TRANSPOSE(IFERROR(ARRAYFORMULA(IF(added<>"""",""https://sealeddeck.tech/""&added,"""")),"""")))"),"") | I15: =IFERROR(__xludf.DUMMYFUNCTION("LET(changes,FILTER('Pool Changes'!$B:$D, 'Pool Changes'!$B:$B = $D15),added,FILTER(INDEX(changes,0,3),INDEX(changes,0,2)=""add pack""),IFERROR(TRANSPOSE(ARRAYFORMULA(IF(added<>"""",HYPERLINK(""https://sealeddeck.tech/""&added,""Link""),""""))),""""))"),"")
C16: {=INDEX('Player Database'!$D:$D,MATCH($D16,'Player Database'!$B:$B,0))} -> #N/A | D16: =A16 & " - " & B16 -> - | E16: {=XLOOKUP($D16,'Player Database'!$B$2:$B1009,'Player Database'!$I$2:$I1009)} -> #N/A | F16: {=XLOOKUP($D16,'Player Database'!$B$2:$B1009,'Player Database'!$J$2:$J1009)} -> #N/A | G16: {=IF(H16="","",IFERROR( "https://sealeddeck.tech/" & INDEX('Pool Changes'!F:F, MAX( ROW('Pool Changes'!A:A) * ('Pool Changes'!B:B=D16) * ('Pool Changes'!F:F<>"") ) ), "" ))} | H16: =IFERROR(__xludf.DUMMYFUNCTION("LET(changes,FILTER('Pool Changes'!$B:$D, 'Pool Changes'!$B:$B = $D16),added,FILTER(INDEX(changes,0,3),INDEX(changes,0,2)=""starting pool""),TRANSPOSE(IFERROR(ARRAYFORMULA(IF(added<>"""",""https://sealeddeck.tech/""&added,"""")),"""")))"),"") | I16: =IFERROR(__xludf.DUMMYFUNCTION("LET(changes,FILTER('Pool Changes'!$B:$D, 'Pool Changes'!$B:$B = $D16),added,FILTER(INDEX(changes,0,3),INDEX(changes,0,2)=""add pack""),IFERROR(TRANSPOSE(ARRAYFORMULA(IF(added<>"""",HYPERLINK(""https://sealeddeck.tech/""&added,""Link""),""""))),""""))"),"")
C17: {=INDEX('Player Database'!$D:$D,MATCH($D17,'Player Database'!$B:$B,0))} -> #N/A | D17: =A17 & " - " & B17 -> - | E17: {=XLOOKUP($D17,'Player Database'!$B$2:$B1009,'Player Database'!$I$2:$I1009)} -> #N/A | F17: {=XLOOKUP($D17,'Player Database'!$B$2:$B1009,'Player Database'!$J$2:$J1009)} -> #N/A | G17: {=IF(H17="","",IFERROR( "https://sealeddeck.tech/" & INDEX('Pool Changes'!F:F, MAX( ROW('Pool Changes'!A:A) * ('Pool Changes'!B:B=D17) * ('Pool Changes'!F:F<>"") ) ), "" ))} | H17: =IFERROR(__xludf.DUMMYFUNCTION("LET(changes,FILTER('Pool Changes'!$B:$D, 'Pool Changes'!$B:$B = $D17),added,FILTER(INDEX(changes,0,3),INDEX(changes,0,2)=""starting pool""),TRANSPOSE(IFERROR(ARRAYFORMULA(IF(added<>"""",""https://sealeddeck.tech/""&added,"""")),"""")))"),"") | I17: =IFERROR(__xludf.DUMMYFUNCTION("LET(changes,FILTER('Pool Changes'!$B:$D, 'Pool Changes'!$B:$B = $D17),added,FILTER(INDEX(changes,0,3),INDEX(changes,0,2)=""add pack""),IFERROR(TRANSPOSE(ARRAYFORMULA(IF(added<>"""",HYPERLINK(""https://sealeddeck.tech/""&added,""Link""),""""))),""""))"),"")
C18: {=INDEX('Player Database'!$D:$D,MATCH($D18,'Player Database'!$B:$B,0))} -> #N/A | D18: =A18 & " - " & B18 -> - | E18: {=XLOOKUP($D18,'Player Database'!$B$2:$B1009,'Player Database'!$I$2:$I1009)} -> #N/A | F18: {=XLOOKUP($D18,'Player Database'!$B$2:$B1009,'Player Database'!$J$2:$J1009)} -> #N/A | G18: {=IF(H18="","",IFERROR( "https://sealeddeck.tech/" & INDEX('Pool Changes'!F:F, MAX( ROW('Pool Changes'!A:A) * ('Pool Changes'!B:B=D18) * ('Pool Changes'!F:F<>"") ) ), "" ))} | H18: =IFERROR(__xludf.DUMMYFUNCTION("LET(changes,FILTER('Pool Changes'!$B:$D, 'Pool Changes'!$B:$B = $D18),added,FILTER(INDEX(changes,0,3),INDEX(changes,0,2)=""starting pool""),TRANSPOSE(IFERROR(ARRAYFORMULA(IF(added<>"""",""https://sealeddeck.tech/""&added,"""")),"""")))"),"") | I18: =IFERROR(__xludf.DUMMYFUNCTION("LET(changes,FILTER('Pool Changes'!$B:$D, 'Pool Changes'!$B:$B = $D18),added,FILTER(INDEX(changes,0,3),INDEX(changes,0,2)=""add pack""),IFERROR(TRANSPOSE(ARRAYFORMULA(IF(added<>"""",HYPERLINK(""https://sealeddeck.tech/""&added,""Link""),""""))),""""))"),"")
C19: {=INDEX('Player Database'!$D:$D,MATCH($D19,'Player Database'!$B:$B,0))} -> #N/A | D19: =A19 & " - " & B19 -> - | E19: {=XLOOKUP($D19,'Player Database'!$B$2:$B1009,'Player Database'!$I$2:$I1009)} -> #N/A | F19: {=XLOOKUP($D19,'Player Database'!$B$2:$B1009,'Player Database'!$J$2:$J1009)} -> #N/A | G19: {=IF(H19="","",IFERROR( "https://sealeddeck.tech/" & INDEX('Pool Changes'!F:F, MAX( ROW('Pool Changes'!A:A) * ('Pool Changes'!B:B=D19) * ('Pool Changes'!F:F<>"") ) ), "" ))} | H19: =IFERROR(__xludf.DUMMYFUNCTION("LET(changes,FILTER('Pool Changes'!$B:$D, 'Pool Changes'!$B:$B = $D19),added,FILTER(INDEX(changes,0,3),INDEX(changes,0,2)=""starting pool""),TRANSPOSE(IFERROR(ARRAYFORMULA(IF(added<>"""",""https://sealeddeck.tech/""&added,"""")),"""")))"),"") | I19: =IFERROR(__xludf.DUMMYFUNCTION("LET(changes,FILTER('Pool Changes'!$B:$D, 'Pool Changes'!$B:$B = $D19),added,FILTER(INDEX(changes,0,3),INDEX(changes,0,2)=""add pack""),IFERROR(TRANSPOSE(ARRAYFORMULA(IF(added<>"""",HYPERLINK(""https://sealeddeck.tech/""&added,""Link""),""""))),""""))"),"")
C20: {=INDEX('Player Database'!$D:$D,MATCH($D20,'Player Database'!$B:$B,0))} -> #N/A | D20: =A20 & " - " & B20 -> - | E20: {=XLOOKUP($D20,'Player Database'!$B$2:$B1009,'Player Database'!$I$2:$I1009)} -> #N/A | F20: {=XLOOKUP($D20,'Player Database'!$B$2:$B1009,'Player Database'!$J$2:$J1009)} -> #N/A | G20: {=IF(H20="","",IFERROR( "https://sealeddeck.tech/" & INDEX('Pool Changes'!F:F, MAX( ROW('Pool Changes'!A:A) * ('Pool Changes'!B:B=D20) * ('Pool Changes'!F:F<>"") ) ), "" ))} | H20: =IFERROR(__xludf.DUMMYFUNCTION("LET(changes,FILTER('Pool Changes'!$B:$D, 'Pool Changes'!$B:$B = $D20),added,FILTER(INDEX(changes,0,3),INDEX(changes,0,2)=""starting pool""),TRANSPOSE(IFERROR(ARRAYFORMULA(IF(added<>"""",""https://sealeddeck.tech/""&added,"""")),"""")))"),"") | I20: =IFERROR(__xludf.DUMMYFUNCTION("LET(changes,FILTER('Pool Changes'!$B:$D, 'Pool Changes'!$B:$B = $D20),added,FILTER(INDEX(changes,0,3),INDEX(changes,0,2)=""add pack""),IFERROR(TRANSPOSE(ARRAYFORMULA(IF(added<>"""",HYPERLINK(""https://sealeddeck.tech/""&added,""Link""),""""))),""""))"),"")
C21: {=INDEX('Player Database'!$D:$D,MATCH($D21,'Player Database'!$B:$B,0))} -> #N/A | D21: =A21 & " - " & B21 -> - | E21: {=XLOOKUP($D21,'Player Database'!$B$2:$B1009,'Player Database'!$I$2:$I1009)} -> #N/A | F21: {=XLOOKUP($D21,'Player Database'!$B$2:$B1009,'Player Database'!$J$2:$J1009)} -> #N/A | G21: {=IF(H21="","",IFERROR( "https://sealeddeck.tech/" & INDEX('Pool Changes'!F:F, MAX( ROW('Pool Changes'!A:A) * ('Pool Changes'!B:B=D21) * ('Pool Changes'!F:F<>"") ) ), "" ))} | H21: =IFERROR(__xludf.DUMMYFUNCTION("LET(changes,FILTER('Pool Changes'!$B:$D, 'Pool Changes'!$B:$B = $D21),added,FILTER(INDEX(changes,0,3),INDEX(changes,0,2)=""starting pool""),TRANSPOSE(IFERROR(ARRAYFORMULA(IF(added<>"""",""https://sealeddeck.tech/""&added,"""")),"""")))"),"") | I21: =IFERROR(__xludf.DUMMYFUNCTION("LET(changes,FILTER('Pool Changes'!$B:$D, 'Pool Changes'!$B:$B = $D21),added,FILTER(INDEX(changes,0,3),INDEX(changes,0,2)=""add pack""),IFERROR(TRANSPOSE(ARRAYFORMULA(IF(added<>"""",HYPERLINK(""https://sealeddeck.tech/""&added,""Link""),""""))),""""))"),"")
C22: {=INDEX('Player Database'!$D:$D,MATCH($D22,'Player Database'!$B:$B,0))} -> #N/A | D22: =A22 & " - " & B22 -> - | E22: {=XLOOKUP($D22,'Player Database'!$B$2:$B1009,'Player Database'!$I$2:$I1009)} -> #N/A | F22: {=XLOOKUP($D22,'Player Database'!$B$2:$B1009,'Player Database'!$J$2:$J1009)} -> #N/A | G22: {=IF(H22="","",IFERROR( "https://sealeddeck.tech/" & INDEX('Pool Changes'!F:F, MAX( ROW('Pool Changes'!A:A) * ('Pool Changes'!B:B=D22) * ('Pool Changes'!F:F<>"") ) ), "" ))} | H22: =IFERROR(__xludf.DUMMYFUNCTION("LET(changes,FILTER('Pool Changes'!$B:$D, 'Pool Changes'!$B:$B = $D22),added,FILTER(INDEX(changes,0,3),INDEX(changes,0,2)=""starting pool""),TRANSPOSE(IFERROR(ARRAYFORMULA(IF(added<>"""",""https://sealeddeck.tech/""&added,"""")),"""")))"),"") | I22: =IFERROR(__xludf.DUMMYFUNCTION("LET(changes,FILTER('Pool Changes'!$B:$D, 'Pool Changes'!$B:$B = $D22),added,FILTER(INDEX(changes,0,3),INDEX(changes,0,2)=""add pack""),IFERROR(TRANSPOSE(ARRAYFORMULA(IF(added<>"""",HYPERLINK(""https://sealeddeck.tech/""&added,""Link""),""""))),""""))"),"")
C23: {=INDEX('Player Database'!$D:$D,MATCH($D23,'Player Database'!$B:$B,0))} -> #N/A | D23: =A23 & " - " & B23 -> - | E23: {=XLOOKUP($D23,'Player Database'!$B$2:$B1009,'Player Database'!$I$2:$I1009)} -> #N/A | F23: {=XLOOKUP($D23,'Player Database'!$B$2:$B1009,'Player Database'!$J$2:$J1009)} -> #N/A | G23: {=IF(H23="","",IFERROR( "https://sealeddeck.tech/" & INDEX('Pool Changes'!F:F, MAX( ROW('Pool Changes'!A:A) * ('Pool Changes'!B:B=D23) * ('Pool Changes'!F:F<>"") ) ), "" ))} | H23: =IFERROR(__xludf.DUMMYFUNCTION("LET(changes,FILTER('Pool Changes'!$B:$D, 'Pool Changes'!$B:$B = $D23),added,FILTER(INDEX(changes,0,3),INDEX(changes,0,2)=""starting pool""),TRANSPOSE(IFERROR(ARRAYFORMULA(IF(added<>"""",""https://sealeddeck.tech/""&added,"""")),"""")))"),"") | I23: =IFERROR(__xludf.DUMMYFUNCTION("LET(changes,FILTER('Pool Changes'!$B:$D, 'Pool Changes'!$B:$B = $D23),added,FILTER(INDEX(changes,0,3),INDEX(changes,0,2)=""add pack""),IFERROR(TRANSPOSE(ARRAYFORMULA(IF(added<>"""",HYPERLINK(""https://sealeddeck.tech/""&added,""Link""),""""))),""""))"),"")
C24: {=INDEX('Player Database'!$D:$D,MATCH($D24,'Player Database'!$B:$B,0))} -> #N/A | D24: =A24 & " - " & B24 -> - | E24: {=XLOOKUP($D24,'Player Database'!$B$2:$B1009,'Player Database'!$I$2:$I1009)} -> #N/A | F24: {=XLOOKUP($D24,'Player Database'!$B$2:$B1009,'Player Database'!$J$2:$J1009)} -> #N/A | G24: {=IF(H24="","",IFERROR( "https://sealeddeck.tech/" & INDEX('Pool Changes'!F:F, MAX( ROW('Pool Changes'!A:A) * ('Pool Changes'!B:B=D24) * ('Pool Changes'!F:F<>"") ) ), "" ))} | H24: =IFERROR(__xludf.DUMMYFUNCTION("LET(changes,FILTER('Pool Changes'!$B:$D, 'Pool Changes'!$B:$B = $D24),added,FILTER(INDEX(changes,0,3),INDEX(changes,0,2)=""starting pool""),TRANSPOSE(IFERROR(ARRAYFORMULA(IF(added<>"""",""https://sealeddeck.tech/""&added,"""")),"""")))"),"") | I24: =IFERROR(__xludf.DUMMYFUNCTION("LET(changes,FILTER('Pool Changes'!$B:$D, 'Pool Changes'!$B:$B = $D24),added,FILTER(INDEX(changes,0,3),INDEX(changes,0,2)=""add pack""),IFERROR(TRANSPOSE(ARRAYFORMULA(IF(added<>"""",HYPERLINK(""https://sealeddeck.tech/""&added,""Link""),""""))),""""))"),"")
