Workbook

Sheet BotStuff
A1: Choice State: | B1: {} | Z1: Survey Sent?

Sheet Combined Standings
A1: ARENA GAUNTLET LEAGUE: Marvel Super Heroes
A2: Week: | C2: =Quotas!B2 -> 3
A3: PLAYER NAME | B3: ARENA ID | C3: COUNTRY | D3: RANK | E3: Player Name & ID | F3: RECORD | G3: MATCHES PLAYED | H3: MATCHES <Min | I3: MATCHES <Max | J3: OMW% | K3: HERO SCORE | L3: MATCHES TO PLAY STATUS | M3: THIS WEEK | N3: OTHER INFO | O3: wins this week | P3: losses this week | Q3: Time min | R3: Time max
A4: {=XLOOKUP($E4,'Player Database'!$B$2:$B758,'Player Database'!$C$2:$C758)} -> #N/A | B4: {=XLOOKUP($E4,'Player Database'!$B$2:$B758,'Player Database'!$E$2:$E758)} -> #N/A | C4: {=XLOOKUP($E4,'Player Database'!$B$2:$B758,'Player Database'!$F$2:$F758)} -> #N/A | D4: =IFERROR(__xludf.DUMMYFUNCTION("QUERY('Player Database'!A2:B173,""SELECT A,B WHERE B != ' - ' ORDER BY A"")"),1.0) -> 1 | E4: =IFERROR(__xludf.DUMMYFUNCTION("""COMPUTED_VALUE"""),"#REF!") -> #REF! | F4: {=XLOOKUP($E4,'Player Database'!$B$2:$B758,'Player Database'!$K$2:$K758)} -> #N/A | G4: {=XLOOKUP($E4,'Player Database'!$B$2:$B758,'Player Database'!$H$2:$H758)} -> #N/A | H4: {=XLOOKUP($E4,'Player Database'!$B$2:$B758,'Player Database'!$O$2:$O758)} -> #N/A | I4: {=XLOOKUP($E4,'Player Database'!$B$2:$B758,'Player Database'!$P$2:$P758)} -> #N/A | J4: {=XLOOKUP($E4,'Player Database'!$B$2:$B758,'Player Database'!$U$2:$U758)} -> #N/A | K4: =VLOOKUP(E4, 'Player Database'!B:AE, 30, FALSE) -> #N/A | L4: {=XLOOKUP($E4,'Player Database'!$B$2:$B758,'Player Database'!$W$2:$W758)} -> #N/A | M4: =CONCATENATE(O4," - ",P4) -> 0 - 0 | N4: {=IF(XLOOKUP($E4,'Player Database'!$B$2:$B758,'Player Database'!$AA$2:$AA758)="",XLOOKUP($E4,'Player Database'!$B$2:$B758,'Player Database'!$G$2:$G758),XLOOKUP($E4,'Player Database'!$B$2:$B758,'Player Database'!$AA$2:$AA758))} -> #N/A | O4: =COUNTIFs(Matches!$B:$B,E4,Matches!$A:$A,">"&Q4,Matches!$A:$A,"<"&R4) -> 0 | P4: =COUNTIFs(Matches!$C:$C,E4,Matches!$A:$A,">"&Q4,Matches!$A:$A,"<"&R4) -> 0 | Q4: =VLOOKUP($C$2,Quotas!$A$7:$E$14,2,FALSE) -> 46213.708 | R4: =VLOOKUP($C$2,Quotas!$A$7:$E$14,3,FALSE) -> 46220.708
A5: {=XLOOKUP($E5,'Player Database'!$B$2:$B758,'Player Database'!$C$2:$C758)} -> #N/A | B5: {=XLOOKUP($E5,'Player Database'!$B$2:$B758,'Player Database'!$E$2:$E758)} -> #N/A | C5: {=XLOOKUP($E5,'Player Database'!$B$2:$B758,'Player Database'!$F$2:$F758)} -> #N/A | D5: =IFERROR(__xludf.DUMMYFUNCTION("""COMPUTED_VALUE"""),1.0) -> 1 | F5: {=XLOOKUP($E5,'Player Database'!$B$2:$B758,'Player Database'!$K$2:$K758)} -> #N/A | G5: {=XLOOKUP($E5,'Player Database'!$B$2:$B758,'Player Database'!$H$2:$H758)} -> #N/A | H5: {=XLOOKUP($E5,'Player Database'!$B$2:$B758,'Player Database'!$O$2:$O758)} -> #N/A | I5: {=XLOOKUP($E5,'Player Database'!$B$2:$B758,'Player Database'!$P$2:$P758)} -> #N/A | J5: {=XLOOKUP($E5,'Player Database'!$B$2:$B758,'Player Database'!$U$2:$U758)} -> #N/A | K5: =VLOOKUP(E5, 'Player Database'!B:AE, 30, FALSE) -> #N/A | L5: {=XLOOKUP($E5,'Player Database'!$B$2:$B758,'Player Database'!$W$2:$W758)} -> #N/A | M5: =CONCATENATE(O5," - ",P5) -> 0 - 0 | N5: {=IF(XLOOKUP($E5,'Player Database'!$B$2:$B758,'Player Database'!$AA$2:$AA758)="",XLOOKUP($E5,'Player Database'!$B$2:$B758,'Player Database'!$G$2:$G758),XLOOKUP($E5,'Player Database'!$B$2:$B758,'Player Database'!$AA$2:$AA758))} -> #N/A | O5: =COUNTIFs(Matches!$B:$B,E5,Matches!$A:$A,">"&Q5,Matches!$A:$A,"<"&R5) -> 0 | P5: =COUNTIFs(Matches!$C:$C,E5,Matches!$A:$A,">"&Q5,Matches!$A:$A,"<"&R5) -> 0 | Q5: =VLOOKUP($C$2,Quotas!$A$7:$E$14,2,FALSE) -> 46213.708 | R5: =VLOOKUP($C$2,Quotas!$A$7:$E$14,3,FALSE) -> 46220.708
A6: {=XLOOKUP($E6,'Player Database'!$B$2:$B758,'Player Database'!$C$2:$C758)} -> #N/A | B6: {=XLOOKUP($E6,'Player Database'!$B$2:$B758,'Player Database'!$E$2:$E758)} -> #N/A | C6: {=XLOOKUP($E6,'Player Database'!$B$2:$B758,'Player Database'!$F$2:$F758)} -> #N/A | D6: =IFERROR(__xludf.DUMMYFUNCTION("""COMPUTED_VALUE"""),1.0) -> 1 | F6: {=XLOOKUP($E6,'Player Database'!$B$2:$B758,'Player Database'!$K$2:$K758)} -> #N/A | G6: {=XLOOKUP($E6,'Player Database'!$B$2:$B758,'Player Database'!$H$2:$H758)} -> #N/A | H6: {=XLOOKUP($E6,'Player Database'!$B$2:$B758,'Player Database'!$O$2:$O758)} -> #N/A | I6: {=XLOOKUP($E6,'Player Database'!$B$2:$B758,'Player Database'!$P$2:$P758)} -> #N/A | J6: {=XLOOKUP($E6,'Player Database'!$B$2:$B758,'Player Database'!$U$2:$U758)} -> #N/A | K6: =VLOOKUP(E6, 'Player Database'!B:AE, 30, FALSE) -> #N/A | L6: {=XLOOKUP($E6,'Player Database'!$B$2:$B758,'Player Database'!$W$2:$W758)} -> #N/A | M6: =CONCATENATE(O6," - ",P6) -> 0 - 0 | N6: {=IF(XLOOKUP($E6,'Player Database'!$B$2:$B758,'Player Database'!$AA$2:$AA758)="",XLOOKUP($E6,'Player Database'!$B$2:$B758,'Player Database'!$G$2:$G758),XLOOKUP($E6,'Player Database'!$B$2:$B758,'Player Database'!$AA$2:$AA758))} -> #N/A | O6: =COUNTIFs(Matches!$B:$B,E6,Matches!$A:$A,">"&Q6,Matches!$A:$A,"<"&R6) -> 0 | P6: =COUNTIFs(Matches!$C:$C,E6,Matches!$A:$A,">"&Q6,Matches!$A:$A,"<"&R6) -> 0 | Q6: =VLOOKUP($C$2,Quotas!$A$7:$E$14,2,FALSE) -> 46213.708 | R6: =VLOOKUP($C$2,Quotas!$A$7:$E$14,3,FALSE) -> 46220.708
A7: {=XLOOKUP($E7,'Player Database'!$B$2:$B758,'Player Database'!$C$2:$C758)} -> #N/A | B7: {=XLOOKUP($E7,'Player Database'!$B$2:$B758,'Player Database'!$E$2:$E758)} -> #N/A | C7: {=XLOOKUP($E7,'Player Database'!$B$2:$B758,'Player Database'!$F$2:$F758)} -> #N/A | D7: =IFERROR(__xludf.DUMMYFUNCTION("""COMPUTED_VALUE"""),1.0) -> 1 | F7: {=XLOOKUP($E7,'Player Database'!$B$2:$B758,'Player Database'!$K$2:$K758)} -> #N/A | G7: {=XLOOKUP($E7,'Player Database'!$B$2:$B758,'Player Database'!$H$2:$H758)} -> #N/A | H7: {=XLOOKUP($E7,'Player Database'!$B$2:$B758,'Player Database'!$O$2:$O758)} -> #N/A | I7: {=XLOOKUP($E7,'Player Database'!$B$2:$B758,'Player Database'!$P$2:$P758)} -> #N/A | J7: {=XLOOKUP($E7,'Player Database'!$B$2:$B758,'Player Database'!$U$2:$U758)} -> #N/A | K7: =VLOOKUP(E7, 'Player Database'!B:AE, 30, FALSE) -> #N/A | L7: {=XLOOKUP($E7,'Player Database'!$B$2:$B758,'Player Database'!$W$2:$W758)} -> #N/A | M7: =CONCATENATE(O7," - ",P7) -> 0 - 0 | N7: {=IF(XLOOKUP($E7,'Player Database'!$B$2:$B758,'Player Database'!$AA$2:$AA758)="",XLOOKUP($E7,'Player Database'!$B$2:$B758,'Player Database'!$G$2:$G758),XLOOKUP($E7,'Player Database'!$B$2:$B758,'Player Database'!$AA$2:$AA758))} -> #N/A | O7: =COUNTIFs(Matches!$B:$B,E7,Matches!$A:$A,">"&Q7,Matches!$A:$A,"<"&R7) -> 0 | P7: =COUNTIFs(Matches!$C:$C,E7,Matches!$A:$A,">"&Q7,Matches!$A:$A,"<"&R7) -> 0 | Q7: =VLOOKUP($C$2,Quotas!$A$7:$E$14,2,FALSE) -> 46213.708 | R7: =VLOOKUP($C$2,Quotas!$A$7:$E$14,3,FALSE) -> 46220.708
A8: {=XLOOKUP($E8,'Player Database'!$B$2:$B758,'Player Database'!$C$2:$C758)} -> #N/A | B8: {=XLOOKUP($E8,'Player Database'!$B$2:$B758,'Player Database'!$E$2:$E758)} -> #N/A | C8: {=XLOOKUP($E8,'Player Database'!$B$2:$B758,'Player Database'!$F$2:$F758)} -> #N/A | D8: =IFERROR(__xludf.DUMMYFUNCTION("""COMPUTED_VALUE"""),1.0) -> 1 | F8: {=XLOOKUP($E8,'Player Database'!$B$2:$B758,'Player Database'!$K$2:$K758)} -> #N/A | G8: {=XLOOKUP($E8,'Player Database'!$B$2:$B758,'Player Database'!$H$2:$H758)} -> #N/A | H8: {=XLOOKUP($E8,'Player Database'!$B$2:$B758,'Player Database'!$O$2:$O758)} -> #N/A | I8: {=XLOOKUP($E8,'Player Database'!$B$2:$B758,'Player Database'!$P$2:$P758)} -> #N/A | J8: {=XLOOKUP($E8,'Player Database'!$B$2:$B758,'Player Database'!$U$2:$U758)} -> #N/A | K8: =VLOOKUP(E8, 'Player Database'!B:AE, 30, FALSE) -> #N/A | L8: {=XLOOKUP($E8,'Player Database'!$B$2:$B758,'Player Database'!$W$2:$W758)} -> #N/A | M8: =CONCATENATE(O8," - ",P8) -> 0 - 0 | N8: {=IF(XLOOKUP($E8,'Player Database'!$B$2:$B758,'Player Database'!$AA$2:$AA758)="",XLOOKUP($E8,'Player Database'!$B$2:$B758,'Player Database'!$G$2:$G758),XLOOKUP($E8,'Player Database'!$B$2:$B758,'Player Database'!$AA$2:$AA758))} -> #N/A | O8: =COUNTIFs(Matches!$B:$B,E8,Matches!$A:$A,">"&Q8,Matches!$A:$A,"<"&R8) -> 0 | P8: =COUNTIFs(Matches!$C:$C,E8,Matches!$A:$A,">"&Q8,Matches!$A:$A,"<"&R8) -> 0 | Q8: =VLOOKUP($C$2,Quotas!$A$7:$E$14,2,FALSE) -> 46213.708 | R8: =VLOOKUP($C$2,Quotas!$A$7:$E$14,3,FALSE) -> 46220.708
A9: {=XLOOKUP($E9,'Player Database'!$B$2:$B758,'Player Database'!$C$2:$C758)} -> #N/A | B9: {=XLOOKUP($E9,'Player Database'!$B$2:$B758,'Player Database'!$E$2:$E758)} -> #N/A | C9: {=XLOOKUP($E9,'Player Database'!$B$2:$B758,'Player Database'!$F$2:$F758)} -> #N/A | D9: =IFERROR(__xludf.DUMMYFUNCTION("""COMPUTED_VALUE"""),1.0) -> 1 | F9: {=XLOOKUP($E9,'Player Database'!$B$2:$B758,'Player Database'!$K$2:$K758)} -> #N/A | G9: {=XLOOKUP($E9,'Player Database'!$B$2:$B758,'Player Database'!$H$2:$H758)} -> #N/A | H9: {=XLOOKUP($E9,'Player Database'!$B$2:$B758,'Player Database'!$O$2:$O758)} -> #N/A | I9: {=XLOOKUP($E9,'Player Database'!$B$2:$B758,'Player Database'!$P$2:$P758)} -> #N/A | J9: {=XLOOKUP($E9,'Player Database'!$B$2:$B758,'Player Database'!$U$2:$U758)} -> #N/A | K9: =VLOOKUP(E9, 'Player Database'!B:AE, 30, FALSE) -> #N/A | L9: {=XLOOKUP($E9,'Player Database'!$B$2:$B758,'Player Database'!$W$2:$W758)} -> #N/A | M9: =CONCATENATE(O9," - ",P9) -> 0 - 0 | N9: {=IF(XLOOKUP($E9,'Player Database'!$B$2:$B758,'Player Database'!$AA$2:$AA758)="",XLOOKUP($E9,'Player Database'!$B$2:$B758,'Player Database'!$G$2:$G758),XLOOKUP($E9,'Player Database'!$B$2:$B758,'Player Database'!$AA$2:$AA758))} -> #N/A | O9: =COUNTIFs(Matches!$B:$B,E9,Matches!$A:$A,">"&Q9,Matches!$A:$A,"<"&R9) -> 0 | P9: =COUNTIFs(Matches!$C:$C,E9,Matches!$A:$A,">"&Q9,Matches!$A:$A,"<"&R9) -> 0 | Q9: =VLOOKUP($C$2,Quotas!$A$7:$E$14,2,FALSE) -> 46213.708 | R9: =VLOOKUP($C$2,Quotas!$A$7:$E$14,3,FALSE) -> 46220.708
A10: {=XLOOKUP($E10,'Player Database'!$B$2:$B758,'Player Database'!$C$2:$C758)} -> #N/A | B10: {=XLOOKUP($E10,'Player Database'!$B$2:$B758,'Player Database'!$E$2:$E758)} -> #N/A | C10: {=XLOOKUP($E10,'Player Database'!$B$2:$B758,'Player Database'!$F$2:$F758)} -> #N/A | D10: =IFERROR(__xludf.DUMMYFUNCTION("""COMPUTED_VALUE"""),1.0) -> 1 | F10: {=XLOOKUP($E10,'Player Database'!$B$2:$B758,'Player Database'!$K$2:$K758)} -> #N/A | G10: {=XLOOKUP($E10,'Player Database'!$B$2:$B758,'Player Database'!$H$2:$H758)} -> #N/A | H10: {=XLOOKUP($E10,'Player Database'!$B$2:$B758,'Player Database'!$O$2:$O758)} -> #N/A | I10: {=XLOOKUP($E10,'Player Database'!$B$2:$B758,'Player Database'!$P$2:$P758)} -> #N/A | J10: {=XLOOKUP($E10,'Player Database'!$B$2:$B758,'Player Database'!$U$2:$U758)} -> #N/A | K10: =VLOOKUP(E10, 'Player Database'!B:AE, 30, FALSE) -> #N/A | L10: {=XLOOKUP($E10,'Player Database'!$B$2:$B758,'Player Database'!$W$2:$W758)} -> #N/A | M10: =CONCATENATE(O10," - ",P10) -> 0 - 0 | N10: {=IF(XLOOKUP($E10,'Player Database'!$B$2:$B758,'Player Database'!$AA$2:$AA758)="",XLOOKUP($E10,'Player Database'!$B$2:$B758,'Player Database'!$G$2:$G758),XLOOKUP($E10,'Player Database'!$B$2:$B758,'Player Database'!$AA$2:$AA758))} -> #N/A | O10: =COUNTIFs(Matches!$B:$B,E10,Matches!$A:$A,">"&Q10,Matches!$A:$A,"<"&R10) -> 0 | P10: =COUNTIFs(Matches!$C:$C,E10,Matches!$A:$A,">"&Q10,Matches!$A:$A,"<"&R10) -> 0 | Q10: =VLOOKUP($C$2,Quotas!$A$7:$E$14,2,FALSE) -> 46213.708 | R10: =VLOOKUP($C$2,Quotas!$A$7:$E$14,3,FALSE) -> 46220.708
A11: {=XLOOKUP($E11,'Player Database'!$B$2:$B758,'Player Database'!$C$2:$C758)} -> #N/A | B11: {=XLOOKUP($E11,'Player Database'!$B$2:$B758,'Player Database'!$E$2:$E758)} -> #N/A | C11: {=XLOOKUP($E11,'Player Database'!$B$2:$B758,'Player Database'!$F$2:$F758)} -> #N/A | D11: =IFERROR(__xludf.DUMMYFUNCTION("""COMPUTED_VALUE"""),1.0) -> 1 | F11: {=XLOOKUP($E11,'Player Database'!$B$2:$B758,'Player Database'!$K$2:$K758)} -> #N/A | G11: {=XLOOKUP($E11,'Player Database'!$B$2:$B758,'Player Database'!$H$2:$H758)} -> #N/A | H11: {=XLOOKUP($E11,'Player Database'!$B$2:$B758,'Player Database'!$O$2:$O758)} -> #N/A | I11: {=XLOOKUP($E11,'Player Database'!$B$2:$B758,'Player Database'!$P$2:$P758)} -> #N/A | J11: {=XLOOKUP($E11,'Player Database'!$B$2:$B758,'Player Database'!$U$2:$U758)} -> #N/A | K11: =VLOOKUP(E11, 'Player Database'!B:AE, 30, FALSE) -> #N/A | L11: {=XLOOKUP($E11,'Player Database'!$B$2:$B758,'Player Database'!$W$2:$W758)} -> #N/A | M11: =CONCATENATE(O11," - ",P11) -> 0 - 0 | N11: {=IF(XLOOKUP($E11,'Player Database'!$B$2:$B758,'Player Database'!$AA$2:$AA758)="",XLOOKUP($E11,'Player Database'!$B$2:$B758,'Player Database'!$G$2:$G758),XLOOKUP($E11,'Player Database'!$B$2:$B758,'Player Database'!$AA$2:$AA758))} -> #N/A | O11: =COUNTIFs(Matches!$B:$B,E11,Matches!$A:$A,">"&Q11,Matches!$A:$A,"<"&R11) -> 0 | P11: =COUNTIFs(Matches!$C:$C,E11,Matches!$A:$A,">"&Q11,Matches!$A:$A,"<"&R11) -> 0 | Q11: =VLOOKUP($C$2,Quotas!$A$7:$E$14,2,FALSE) -> 46213.708 | R11: =VLOOKUP($C$2,Quotas!$A$7:$E$14,3,FALSE) -> 46220.708
A12: {=XLOOKUP($E12,'Player Database'!$B$2:$B758,'Player Database'!$C$2:$C758)} -> #N/A | B12: {=XLOOKUP($E12,'Player Database'!$B$2:$B758,'Player Database'!$E$2:$E758)} -> #N/A | C12: {=XLOOKUP($E12,'Player Database'!$B$2:$B758,'Player Database'!$F$2:$F758)} -> #N/A | D12: =IFERROR(__xludf.DUMMYFUNCTION("""COMPUTED_VALUE"""),1.0) -> 1 | F12: {=XLOOKUP($E12,'Player Database'!$B$2:$B758,'Player Database'!$K$2:$K758)} -> #N/A | G12: {=XLOOKUP($E12,'Player Database'!$B$2:$B758,'Player Database'!$H$2:$H758)} -> #N/A | H12: {=XLOOKUP($E12,'Player Database'!$B$2:$B758,'Player Database'!$O$2:$O758)} -> #N/A | I12: {=XLOOKUP($E12,'Player Database'!$B$2:$B758,'Player Database'!$P$2:$P758)} -> #N/A | J12: {=XLOOKUP($E12,'Player Database'!$B$2:$B758,'Player Database'!$U$2:$U758)} -> #N/A | K12: =VLOOKUP(E12, 'Player Database'!B:AE, 30, FALSE) -> #N/A | L12: {=XLOOKUP($E12,'Player Database'!$B$2:$B758,'Player Database'!$W$2:$W758)} -> #N/A | M12: =CONCATENATE(O12," - ",P12) -> 0 - 0 | N12: {=IF(XLOOKUP($E12,'Player Database'!$B$2:$B758,'Player Database'!$AA$2:$AA758)="",XLOOKUP($E12,'Player Database'!$B$2:$B758,'Player Database'!$G$2:$G758),XLOOKUP($E12,'Player Database'!$B$2:$B758,'Player Database'!$AA$2:$AA758))} -> #N/A | O12: =COUNTIFs(Matches!$B:$B,E12,Matches!$A:$A,">"&Q12,Matches!$A:$A,"<"&R12) -> 0 | P12: =COUNTIFs(Matches!$C:$C,E12,Matches!$A:$A,">"&Q12,Matches!$A:$A,"<"&R12) -> 0 | Q12: =VLOOKUP($C$2,Quotas!$A$7:$E$14,2,FALSE) -> 46213.708 | R12: =VLOOKUP($C$2,Quotas!$A$7:$E$14,3,FALSE) -> 46220.708
A13: {=XLOOKUP($E13,'Player Database'!$B$2:$B758,'Player Database'!$C$2:$C758)} -> #N/A | B13: {=XLOOKUP($E13,'Player Database'!$B$2:$B758,'Player Database'!$E$2:$E758)} -> #N/A | C13: {=XLOOKUP($E13,'Player Database'!$B$2:$B758,'Player Database'!$F$2:$F758)} -> #N/A | D13: =IFERROR(__xludf.DUMMYFUNCTION("""COMPUTED_VALUE"""),1.0) -> 1 | F13: {=XLOOKUP($E13,'Player Database'!$B$2:$B758,'Player Database'!$K$2:$K758)} -> #N/A | G13: {=XLOOKUP($E13,'Player Database'!$B$2:$B758,'Player Database'!$H$2:$H758)} -> #N/A | H13: {=XLOOKUP($E13,'Player Database'!$B$2:$B758,'Player Database'!$O$2:$O758)} -> #N/A | I13: {=XLOOKUP($E13,'Player Database'!$B$2:$B758,'Player Database'!$P$2:$P758)} -> #N/A | J13: {=XLOOKUP($E13,'Player Database'!$B$2:$B758,'Player Database'!$U$2:$U758)} -> #N/A | K13: =VLOOKUP(E13, 'Player Database'!B:AE, 30, FALSE) -> #N/A | L13: {=XLOOKUP($E13,'Player Database'!$B$2:$B758,'Player Database'!$W$2:$W758)} -> #N/A | M13: =CONCATENATE(O13," - ",P13) -> 0 - 0 | N13: {=IF(XLOOKUP($E13,'Player Database'!$B$2:$B758,'Player Database'!$AA$2:$AA758)="",XLOOKUP($E13,'Player Database'!$B$2:$B758,'Player Database'!$G$2:$G758),XLOOKUP($E13,'Player Database'!$B$2:$B758,'Player Database'!$AA$2:$AA758))} -> #N/A | O13: =COUNTIFs(Matches!$B:$B,E13,Matches!$A:$A,">"&Q13,Matches!$A:$A,"<"&R13) -> 0 | P13: =COUNTIFs(Matches!$C:$C,E13,Matches!$A:$A,">"&Q13,Matches!$A:$A,"<"&R13) -> 0 | Q13: =VLOOKUP($C$2,Quotas!$A$7:$E$14,2,FALSE) -> 46213.708 | R13: =VLOOKUP($C$2,Quotas!$A$7:$E$14,3,FALSE) -> 46220.708
A14: {=XLOOKUP($E14,'Player Database'!$B$2:$B758,'Player Database'!$C$2:$C758)} -> #N/A | B14: {=XLOOKUP($E14,'Player Database'!$B$2:$B758,'Player Database'!$E$2:$E758)} -> #N/A | C14: {=XLOOKUP($E14,'Player Database'!$B$2:$B758,'Player Database'!$F$2:$F758)} -> #N/A | D14: =IFERROR(__xludf.DUMMYFUNCTION("""COMPUTED_VALUE"""),1.0) -> 1 | F14: {=XLOOKUP($E14,'Player Database'!$B$2:$B758,'Player Database'!$K$2:$K758)} -> #N/A | G14: {=XLOOKUP($E14,'Player Database'!$B$2:$B758,'Player Database'!$H$2:$H758)} -> #N/A | H14: {=XLOOKUP($E14,'Player Database'!$B$2:$B758,'Player Database'!$O$2:$O758)} -> #N/A | I14: {=XLOOKUP($E14,'Player Database'!$B$2:$B758,'Player Database'!$P$2:$P758)} -> #N/A | J14: {=XLOOKUP($E14,'Player Database'!$B$2:$B758,'Player Database'!$U$2:$U758)} -> #N/A | K14: =VLOOKUP(E14, 'Player Database'!B:AE, 30, FALSE) -> #N/A | L14: {=XLOOKUP($E14,'Player Database'!$B$2:$B758,'Player Database'!$W$2:$W758)} -> #N/A | M14: =CONCATENATE(O14," - ",P14) -> 0 - 0 | N14: {=IF(XLOOKUP($E14,'Player Database'!$B$2:$B758,'Player Database'!$AA$2:$AA758)="",XLOOKUP($E14,'Player Database'!$B$2:$B758,'Player Database'!$G$2:$G758),XLOOKUP($E14,'Player Database'!$B$2:$B758,'Player Database'!$AA$2:$AA758))} -> #N/A | O14: =COUNTIFs(Matches!$B:$B,E14,Matches!$A:$A,">"&Q14,Matches!$A:$A,"<"&R14) -> 0 | P14: =COUNTIFs(Matches!$C:$C,E14,Matches!$A:$A,">"&Q14,Matches!$A:$A,"<"&R14) -> 0 | Q14: =VLOOKUP($C$2,Quotas!$A$7:$E$14,2,FALSE) -> 46213.708 | R14: =VLOOKUP($C$2,Quotas!$A$7:$E$14,3,FALSE) -> 46220.708
A15: {=XLOOKUP($E15,'Player Database'!$B$2:$B758,'Player Database'!$C$2:$C758)} -> #N/A | B15: {=XLOOKUP($E15,'Player Database'!$B$2:$B758,'Player Database'!$E$2:$E758)} -> #N/A | C15: {=XLOOKUP($E15,'Player Database'!$B$2:$B758,'Player Database'!$F$2:$F758)} -> #N/A | D15: =IFERROR(__xludf.DUMMYFUNCTION("""COMPUTED_VALUE"""),1.0) -> 1 | F15: {=XLOOKUP($E15,'Player Database'!$B$2:$B758,'Player Database'!$K$2:$K758)} -> #N/A | G15: {=XLOOKUP($E15,'Player Database'!$B$2:$B758,'Player Database'!$H$2:$H758)} -> #N/A | H15: {=XLOOKUP($E15,'Player Database'!$B$2:$B758,'Player Database'!$O$2:$O758)} -> #N/A | I15: {=XLOOKUP($E15,'Player Database'!$B$2:$B758,'Player Database'!$P$2:$P758)} -> #N/A | J15: {=XLOOKUP($E15,'Player Database'!$B$2:$B758,'Player Database'!$U$2:$U758)} -> #N/A | K15: =VLOOKUP(E15, 'Player Database'!B:AE, 30, FALSE) -> #N/A | L15: {=XLOOKUP($E15,'Player Database'!$B$2:$B758,'Player Database'!$W$2:$W758)} -> #N/A | M15: =CONCATENATE(O15," - ",P15) -> 0 - 0 | N15: {=IF(XLOOKUP($E15,'Player Database'!$B$2:$B758,'Player Database'!$AA$2:$AA758)="",XLOOKUP($E15,'Player Database'!$B$2:$B758,'Player Database'!$G$2:$G758),XLOOKUP($E15,'Player Database'!$B$2:$B758,'Player Database'!$AA$2:$AA758))} -> #N/A | O15: =COUNTIFs(Matches!$B:$B,E15,Matches!$A:$A,">"&Q15,Matches!$A:$A,"<"&R15) -> 0 | P15: =COUNTIFs(Matches!$C:$C,E15,Matches!$A:$A,">"&Q15,Matches!$A:$A,"<"&R15) -> 0 | Q15: =VLOOKUP($C$2,Quotas!$A$7:$E$14,2,FALSE) -> 46213.708 | R15: =VLOOKUP($C$2,Quotas!$A$7:$E$14,3,FALSE) -> 46220.708
A16: {=XLOOKUP($E16,'Player Database'!$B$2:$B758,'Player Database'!$C$2:$C758)} -> #N/A | B16: {=XLOOKUP($E16,'Player Database'!$B$2:$B758,'Player Database'!$E$2:$E758)} -> #N/A | C16: {=XLOOKUP($E16,'Player Database'!$B$2:$B758,'Player Database'!$F$2:$F758)} -> #N/A | D16: =IFERROR(__xludf.DUMMYFUNCTION("""COMPUTED_VALUE"""),1.0) -> 1 | F16: {=XLOOKUP($E16,'Player Database'!$B$2:$B758,'Player Database'!$K$2:$K758)} -> #N/A | G16: {=XLOOKUP($E16,'Player Database'!$B$2:$B758,'Player Database'!$H$2:$H758)} -> #N/A | H16: {=XLOOKUP($E16,'Player Database'!$B$2:$B758,'Player Database'!$O$2:$O758)} -> #N/A | I16: {=XLOOKUP($E16,'Player Database'!$B$2:$B758,'Player Database'!$P$2:$P758)} -> #N/A | J16: {=XLOOKUP($E16,'Player Database'!$B$2:$B758,'Player Database'!$U$2:$U758)} -> #N/A | K16: =VLOOKUP(E16, 'Player Database'!B:AE, 30, FALSE) -> #N/A | L16: {=XLOOKUP($E16,'Player Database'!$B$2:$B758,'Player Database'!$W$2:$W758)} -> #N/A | M16: =CONCATENATE(O16," - ",P16) -> 0 - 0 | N16: {=IF(XLOOKUP($E16,'Player Database'!$B$2:$B758,'Player Database'!$AA$2:$AA758)="",XLOOKUP($E16,'Player Database'!$B$2:$B758,'Player Database'!$G$2:$G758),XLOOKUP($E16,'Player Database'!$B$2:$B758,'Player Database'!$AA$2:$AA758))} -> #N/A | O16: =COUNTIFs(Matches!$B:$B,E16,Matches!$A:$A,">"&Q16,Matches!$A:$A,"<"&R16) -> 0 | P16: =COUNTIFs(Matches!$C:$C,E16,Matches!$A:$A,">"&Q16,Matches!$A:$A,"<"&R16) -> 0 | Q16: =VLOOKUP($C$2,Quotas!$A$7:$E$14,2,FALSE) -> 46213.708 | R16: =VLOOKUP($C$2,Quotas!$A$7:$E$14,3,FALSE) -> 46220.708
A17: {=XLOOKUP($E17,'Player Database'!$B$2:$B758,'Player Database'!$C$2:$C758)} -> #N/A | B17: {=XLOOKUP($E17,'Player Database'!$B$2:$B758,'Player Database'!$E$2:$E758)} -> #N/A | C17: {=XLOOKUP($E17,'Player Database'!$B$2:$B758,'Player Database'!$F$2:$F758)} -> #N/A | D17: =IFERROR(__xludf.DUMMYFUNCTION("""COMPUTED_VALUE"""),1.0) -> 1 | F17: {=XLOOKUP($E17,'Player Database'!$B$2:$B758,'Player Database'!$K$2:$K758)} -> #N/A | G17: {=XLOOKUP($E17,'Player Database'!$B$2:$B758,'Player Database'!$H$2:$H758)} -> #N/A | H17: {=XLOOKUP($E17,'Player Database'!$B$2:$B758,'Player Database'!$O$2:$O758)} -> #N/A | I17: {=XLOOKUP($E17,'Player Database'!$B$2:$B758,'Player Database'!$P$2:$P758)} -> #N/A | J17: {=XLOOKUP($E17,'Player Database'!$B$2:$B758,'Player Database'!$U$2:$U758)} -> #N/A | K17: =VLOOKUP(E17, 'Player Database'!B:AE, 30, FALSE) -> #N/A | L17: {=XLOOKUP($E17,'Player Database'!$B$2:$B758,'Player Database'!$W$2:$W758)} -> #N/A | M17: =CONCATENATE(O17," - ",P17) -> 0 - 0 | N17: {=IF(XLOOKUP($E17,'Player Database'!$B$2:$B758,'Player Database'!$AA$2:$AA758)="",XLOOKUP($E17,'Player Database'!$B$2:$B758,'Player Database'!$G$2:$G758),XLOOKUP($E17,'Player Database'!$B$2:$B758,'Player Database'!$AA$2:$AA758))} -> #N/A | O17: =COUNTIFs(Matches!$B:$B,E17,Matches!$A:$A,">"&Q17,Matches!$A:$A,"<"&R17) -> 0 | P17: =COUNTIFs(Matches!$C:$C,E17,Matches!$A:$A,">"&Q17,Matches!$A:$A,"<"&R17) -> 0 | Q17: =VLOOKUP($C$2,Quotas!$A$7:$E$14,2,FALSE) -> 46213.708 | R17: =VLOOKUP($C$2,Quotas!$A$7:$E$14,3,FALSE) -> 46220.708
A18: {=XLOOKUP($E18,'Player Database'!$B$2:$B758,'Player Database'!$C$2:$C758)} -> #N/A | B18: {=XLOOKUP($E18,'Player Database'!$B$2:$B758,'Player Database'!$E$2:$E758)} -> #N/A | C18: {=XLOOKUP($E18,'Player Database'!$B$2:$B758,'Player Database'!$F$2:$F758)} -> #N/A | D18: =IFERROR(__xludf.DUMMYFUNCTION("""COMPUTED_VALUE"""),1.0) -> 1 | F18: {=XLOOKUP($E18,'Player Database'!$B$2:$B758,'Player Database'!$K$2:$K758)} -> #N/A | G18: {=XLOOKUP($E18,'Player Database'!$B$2:$B758,'Player Database'!$H$2:$H758)} -> #N/A | H18: {=XLOOKUP($E18,'Player Database'!$B$2:$B758,'Player Database'!$O$2:$O758)} -> #N/A | I18: {=XLOOKUP($E18,'Player Database'!$B$2:$B758,'Player Database'!$P$2:$P758)} -> #N/A | J18: {=XLOOKUP($E18,'Player Database'!$B$2:$B758,'Player Database'!$U$2:$U758)} -> #N/A | K18: =VLOOKUP(E18, 'Player Database'!B:AE, 30, FALSE) -> #N/A | L18: {=XLOOKUP($E18,'Player Database'!$B$2:$B758,'Player Database'!$W$2:$W758)} -> #N/A | M18: =CONCATENATE(O18," - ",P18) -> 0 - 0 | N18: {=IF(XLOOKUP($E18,'Player Database'!$B$2:$B758,'Player Database'!$AA$2:$AA758)="",XLOOKUP($E18,'Player Database'!$B$2:$B758,'Player Database'!$G$2:$G758),XLOOKUP($E18,'Player Database'!$B$2:$B758,'Player Database'!$AA$2:$AA758))} -> #N/A | O18: =COUNTIFs(Matches!$B:$B,E18,Matches!$A:$A,">"&Q18,Matches!$A:$A,"<"&R18) -> 0 | P18: =COUNTIFs(Matches!$C:$C,E18,Matches!$A:$A,">"&Q18,Matches!$A:$A,"<"&R18) -> 0 | Q18: =VLOOKUP($C$2,Quotas!$A$7:$E$14,2,FALSE) -> 46213.708 | R18: =VLOOKUP($C$2,Quotas!$A$7:$E$14,3,FALSE) -> 46220.708
A19: {=XLOOKUP($E19,'Player Database'!$B$2:$B758,'Player Database'!$C$2:$C758)} -> #N/A | B19: {=XLOOKUP($E19,'Player Database'!$B$2:$B758,'Player Database'!$E$2:$E758)} -> #N/A | C19: {=XLOOKUP($E19,'Player Database'!$B$2:$B758,'Player Database'!$F$2:$F758)} -> #N/A | D19: =IFERROR(__xludf.DUMMYFUNCTION("""COMPUTED_VALUE"""),1.0) -> 1 | F19: {=XLOOKUP($E19,'Player Database'!$B$2:$B758,'Player Database'!$K$2:$K758)} -> #N/A | G19: {=XLOOKUP($E19,'Player Database'!$B$2:$B758,'Player Database'!$H$2:$H758)} -> #N/A | H19: {=XLOOKUP($E19,'Player Database'!$B$2:$B758,'Player Database'!$O$2:$O758)} -> #N/A | I19: {=XLOOKUP($E19,'Player Database'!$B$2:$B758,'Player Database'!$P$2:$P758)} -> #N/A | J19: {=XLOOKUP($E19,'Player Database'!$B$2:$B758,'Player Database'!$U$2:$U758)} -> #N/A | K19: =VLOOKUP(E19, 'Player Database'!B:AE, 30, FALSE) -> #N/A | L19: {=XLOOKUP($E19,'Player Database'!$B$2:$B758,'Player Database'!$W$2:$W758)} -> #N/A | M19: =CONCATENATE(O19," - ",P19) -> 0 - 0 | N19: {=IF(XLOOKUP($E19,'Player Database'!$B$2:$B758,'Player Database'!$AA$2:$AA758)="",XLOOKUP($E19,'Player Database'!$B$2:$B758,'Player Database'!$G$2:$G758),XLOOKUP($E19,'Player Database'!$B$2:$B758,'Player Database'!$AA$2:$AA758))} -> #N/A | O19: =COUNTIFs(Matches!$B:$B,E19,Matches!$A:$A,">"&Q19,Matches!$A:$A,"<"&R19) -> 0 | P19: =COUNTIFs(Matches!$C:$C,E19,Matches!$A:$A,">"&Q19,Matches!$A:$A,"<"&R19) -> 0 | Q19: =VLOOKUP($C$2,Quotas!$A$7:$E$14,2,FALSE) -> 46213.708 | R19: =VLOOKUP($C$2,Quotas!$A$7:$E$14,3,FALSE) -> 46220.708
A20: {=XLOOKUP($E20,'Player Database'!$B$2:$B758,'Player Database'!$C$2:$C758)} -> #N/A | B20: {=XLOOKUP($E20,'Player Database'!$B$2:$B758,'Player Database'!$E$2:$E758)} -> #N/A | C20: {=XLOOKUP($E20,'Player Database'!$B$2:$B758,'Player Database'!$F$2:$F758)} -> #N/A | D20: =IFERROR(__xludf.DUMMYFUNCTION("""COMPUTED_VALUE"""),1.0) -> 1 | F20: {=XLOOKUP($E20,'Player Database'!$B$2:$B758,'Player Database'!$K$2:$K758)} -> #N/A | G20: {=XLOOKUP($E20,'Player Database'!$B$2:$B758,'Player Database'!$H$2:$H758)} -> #N/A | H20: {=XLOOKUP($E20,'Player Database'!$B$2:$B758,'Player Database'!$O$2:$O758)} -> #N/A | I20: {=XLOOKUP($E20,'Player Database'!$B$2:$B758,'Player Database'!$P$2:$P758)} -> #N/A | J20: {=XLOOKUP($E20,'Player Database'!$B$2:$B758,'Player Database'!$U$2:$U758)} -> #N/A | K20: =VLOOKUP(E20, 'Player Database'!B:AE, 30, FALSE) -> #N/A | L20: {=XLOOKUP($E20,'Player Database'!$B$2:$B758,'Player Database'!$W$2:$W758)} -> #N/A | M20: =CONCATENATE(O20," - ",P20) -> 0 - 0 | N20: {=IF(XLOOKUP($E20,'Player Database'!$B$2:$B758,'Player Database'!$AA$2:$AA758)="",XLOOKUP($E20,'Player Database'!$B$2:$B758,'Player Database'!$G$2:$G758),XLOOKUP($E20,'Player Database'!$B$2:$B758,'Player Database'!$AA$2:$AA758))} -> #N/A | O20: =COUNTIFs(Matches!$B:$B,E20,Matches!$A:$A,">"&Q20,Matches!$A:$A,"<"&R20) -> 0 | P20: =COUNTIFs(Matches!$C:$C,E20,Matches!$A:$A,">"&Q20,Matches!$A:$A,"<"&R20) -> 0 | Q20: =VLOOKUP($C$2,Quotas!$A$7:$E$14,2,FALSE) -> 46213.708 | R20: =VLOOKUP($C$2,Quotas!$A$7:$E$14,3,FALSE) -> 46220.708
A21: {=XLOOKUP($E21,'Player Database'!$B$2:$B758,'Player Database'!$C$2:$C758)} -> #N/A | B21: {=XLOOKUP($E21,'Player Database'!$B$2:$B758,'Player Database'!$E$2:$E758)} -> #N/A | C21: {=XLOOKUP($E21,'Player Database'!$B$2:$B758,'Player Database'!$F$2:$F758)} -> #N/A | D21: =IFERROR(__xludf.DUMMYFUNCTION("""COMPUTED_VALUE"""),1.0) -> 1 | F21: {=XLOOKUP($E21,'Player Database'!$B$2:$B758,'Player Database'!$K$2:$K758)} -> #N/A | G21: {=XLOOKUP($E21,'Player Database'!$B$2:$B758,'Player Database'!$H$2:$H758)} -> #N/A | H21: {=XLOOKUP($E21,'Player Database'!$B$2:$B758,'Player Database'!$O$2:$O758)} -> #N/A | I21: {=XLOOKUP($E21,'Player Database'!$B$2:$B758,'Player Database'!$P$2:$P758)} -> #N/A | J21: {=XLOOKUP($E21,'Player Database'!$B$2:$B758,'Player Database'!$U$2:$U758)} -> #N/A | K21: =VLOOKUP(E21, 'Player Database'!B:AE, 30, FALSE) -> #N/A | L21: {=XLOOKUP($E21,'Player Database'!$B$2:$B758,'Player Database'!$W$2:$W758)} -> #N/A | M21: =CONCATENATE(O21," - ",P21) -> 0 - 0 | N21: {=IF(XLOOKUP($E21,'Player Database'!$B$2:$B758,'Player Database'!$AA$2:$AA758)="",XLOOKUP($E21,'Player Database'!$B$2:$B758,'Player Database'!$G$2:$G758),XLOOKUP($E21,'Player Database'!$B$2:$B758,'Player Database'!$AA$2:$AA758))} -> #N/A | O21: =COUNTIFs(Matches!$B:$B,E21,Matches!$A:$A,">"&Q21,Matches!$A:$A,"<"&R21) -> 0 | P21: =COUNTIFs(Matches!$C:$C,E21,Matches!$A:$A,">"&Q21,Matches!$A:$A,"<"&R21) -> 0 | Q21: =VLOOKUP($C$2,Quotas!$A$7:$E$14,2,FALSE) -> 46213.708 | R21: =VLOOKUP($C$2,Quotas!$A$7:$E$14,3,FALSE) -> 46220.708
A22: {=XLOOKUP($E22,'Player Database'!$B$2:$B758,'Player Database'!$C$2:$C758)} -> #N/A | B22: {=XLOOKUP($E22,'Player Database'!$B$2:$B758,'Player Database'!$E$2:$E758)} -> #N/A | C22: {=XLOOKUP($E22,'Player Database'!$B$2:$B758,'Player Database'!$F$2:$F758)} -> #N/A | D22: =IFERROR(__xludf.DUMMYFUNCTION("""COMPUTED_VALUE"""),1.0) -> 1 | F22: {=XLOOKUP($E22,'Player Database'!$B$2:$B758,'Player Database'!$K$2:$K758)} -> #N/A | G22: {=XLOOKUP($E22,'Player Database'!$B$2:$B758,'Player Database'!$H$2:$H758)} -> #N/A | H22: {=XLOOKUP($E22,'Player Database'!$B$2:$B758,'Player Database'!$O$2:$O758)} -> #N/A | I22: {=XLOOKUP($E22,'Player Database'!$B$2:$B758,'Player Database'!$P$2:$P758)} -> #N/A | J22: {=XLOOKUP($E22,'Player Database'!$B$2:$B758,'Player Database'!$U$2:$U758)} -> #N/A | K22: =VLOOKUP(E22, 'Player Database'!B:AE, 30, FALSE) -> #N/A | L22: {=XLOOKUP($E22,'Player Database'!$B$2:$B758,'Player Database'!$W$2:$W758)} -> #N/A | M22: =CONCATENATE(O22," - ",P22) -> 0 - 0 | N22: {=IF(XLOOKUP($E22,'Player Database'!$B$2:$B758,'Player Database'!$AA$2:$AA758)="",XLOOKUP($E22,'Player Database'!$B$2:$B758,'Player Database'!$G$2:$G758),XLOOKUP($E22,'Player Database'!$B$2:$B758,'Player Database'!$AA$2:$AA758))} -> #N/A | O22: =COUNTIFs(Matches!$B:$B,E22,Matches!$A:$A,">"&Q22,Matches!$A:$A,"<"&R22) -> 0 | P22: =COUNTIFs(Matches!$C:$C,E22,Matches!$A:$A,">"&Q22,Matches!$A:$A,"<"&R22) -> 0 | Q22: =VLOOKUP($C$2,Quotas!$A$7:$E$14,2,FALSE) -> 46213.708 | R22: =VLOOKUP($C$2,Quotas!$A$7:$E$14,3,FALSE) -> 46220.708
A23: {=XLOOKUP($E23,'Player Database'!$B$2:$B758,'Player Database'!$C$2:$C758)} -> #N/A | B23: {=XLOOKUP($E23,'Player Database'!$B$2:$B758,'Player Database'!$E$2:$E758)} -> #N/A | C23: {=XLOOKUP($E23,'Player Database'!$B$2:$B758,'Player Database'!$F$2:$F758)} -> #N/A | D23: =IFERROR(__xludf.DUMMYFUNCTION("""COMPUTED_VALUE"""),1.0) -> 1 | F23: {=XLOOKUP($E23,'Player Database'!$B$2:$B758,'Player Database'!$K$2:$K758)} -> #N/A | G23: {=XLOOKUP($E23,'Player Database'!$B$2:$B758,'Player Database'!$H$2:$H758)} -> #N/A | H23: {=XLOOKUP($E23,'Player Database'!$B$2:$B758,'Player Database'!$O$2:$O758)} -> #N/A | I23: {=XLOOKUP($E23,'Player Database'!$B$2:$B758,'Player Database'!$P$2:$P758)} -> #N/A | J23: {=XLOOKUP($E23,'Player Database'!$B$2:$B758,'Player Database'!$U$2:$U758)} -> #N/A | K23: =VLOOKUP(E23, 'Player Database'!B:AE, 30, FALSE) -> #N/A | L23: {=XLOOKUP($E23,'Player Database'!$B$2:$B758,'Player Database'!$W$2:$W758)} -> #N/A | M23: =CONCATENATE(O23," - ",P23) -> 0 - 0 | N23: {=IF(XLOOKUP($E23,'Player Database'!$B$2:$B758,'Player Database'!$AA$2:$AA758)="",XLOOKUP($E23,'Player Database'!$B$2:$B758,'Player Database'!$G$2:$G758),XLOOKUP($E23,'Player Database'!$B$2:$B758,'Player Database'!$AA$2:$AA758))} -> #N/A | O23: =COUNTIFs(Matches!$B:$B,E23,Matches!$A:$A,">"&Q23,Matches!$A:$A,"<"&R23) -> 0 | P23: =COUNTIFs(Matches!$C:$C,E23,Matches!$A:$A,">"&Q23,Matches!$A:$A,"<"&R23) -> 0 | Q23: =VLOOKUP($C$2,Quotas!$A$7:$E$14,2,FALSE) -> 46213.708 | R23: =VLOOKUP($C$2,Quotas!$A$7:$E$14,3,FALSE) -> 46220.708
A24: {=XLOOKUP($E24,'Player Database'!$B$2:$B758,'Player Database'!$C$2:$C758)} -> #N/A | B24: {=XLOOKUP($E24,'Player Database'!$B$2:$B758,'Player Database'!$E$2:$E758)} -> #N/A | C24: {=XLOOKUP($E24,'Player Database'!$B$2:$B758,'Player Database'!$F$2:$F758)} -> #N/A | D24: =IFERROR(__xludf.DUMMYFUNCTION("""COMPUTED_VALUE"""),1.0) -> 1 | F24: {=XLOOKUP($E24,'Player Database'!$B$2:$B758,'Player Database'!$K$2:$K758)} -> #N/A | G24: {=XLOOKUP($E24,'Player Database'!$B$2:$B758,'Player Database'!$H$2:$H758)} -> #N/A | H24: {=XLOOKUP($E24,'Player Database'!$B$2:$B758,'Player Database'!$O$2:$O758)} -> #N/A | I24: {=XLOOKUP($E24,'Player Database'!$B$2:$B758,'Player Database'!$P$2:$P758)} -> #N/A | J24: {=XLOOKUP($E24,'Player Database'!$B$2:$B758,'Player Database'!$U$2:$U758)} -> #N/A | K24: =VLOOKUP(E24, 'Player Database'!B:AE, 30, FALSE) -> #N/A | L24: {=XLOOKUP($E24,'Player Database'!$B$2:$B758,'Player Database'!$W$2:$W758)} -> #N/A | M24: =CONCATENATE(O24," - ",P24) -> 0 - 0 | N24: {=IF(XLOOKUP($E24,'Player Database'!$B$2:$B758,'Player Database'!$AA$2:$AA758)="",XLOOKUP($E24,'Player Database'!$B$2:$B758,'Player Database'!$G$2:$G758),XLOOKUP($E24,'Player Database'!$B$2:$B758,'Player Database'!$AA$2:$AA758))} -> #N/A | O24: =COUNTIFs(Matches!$B:$B,E24,Matches!$A:$A,">"&Q24,Matches!$A:$A,"<"&R24) -> 0 | P24: =COUNTIFs(Matches!$C:$C,E24,Matches!$A:$A,">"&Q24,Matches!$A:$A,"<"&R24) -> 0 | Q24: =VLOOKUP($C$2,Quotas!$A$7:$E$14,2,FALSE) -> 46213.708 | R24: =VLOOKUP($C$2,Quotas!$A$7:$E$14,3,FALSE) -> 46220.708
A25: {=XLOOKUP($E25,'Player Database'!$B$2:$B758,'Player Database'!$C$2:$C758)} -> #N/A | B25: {=XLOOKUP($E25,'Player Database'!$B$2:$B758,'Player Database'!$E$2:$E758)} -> #N/A | C25: {=XLOOKUP($E25,'Player Database'!$B$2:$B758,'Player Database'!$F$2:$F758)} -> #N/A | D25: =IFERROR(__xludf.DUMMYFUNCTION("""COMPUTED_VALUE"""),1.0) -> 1 | F25: {=XLOOKUP($E25,'Player Database'!$B$2:$B758,'Player Database'!$K$2:$K758)} -> #N/A | G25: {=XLOOKUP($E25,'Player Database'!$B$2:$B758,'Player Database'!$H$2:$H758)} -> #N/A | H25: {=XLOOKUP($E25,'Player Database'!$B$2:$B758,'Player Database'!$O$2:$O758)} -> #N/A | I25: {=XLOOKUP($E25,'Player Database'!$B$2:$B758,'Player Database'!$P$2:$P758)} -> #N/A | J25: {=XLOOKUP($E25,'Player Database'!$B$2:$B758,'Player Database'!$U$2:$U758)} -> #N/A | K25: =VLOOKUP(E25, 'Player Database'!B:AE, 30, FALSE) -> #N/A | L25: {=XLOOKUP($E25,'Player Database'!$B$2:$B758,'Player Database'!$W$2:$W758)} -> #N/A | M25: =CONCATENATE(O25," - ",P25) -> 0 - 0 | N25: {=IF(XLOOKUP($E25,'Player Database'!$B$2:$B758,'Player Database'!$AA$2:$AA758)="",XLOOKUP($E25,'Player Database'!$B$2:$B758,'Player Database'!$G$2:$G758),XLOOKUP($E25,'Player Database'!$B$2:$B758,'Player Database'!$AA$2:$AA758))} -> #N/A | O25: =COUNTIFs(Matches!$B:$B,E25,Matches!$A:$A,">"&Q25,Matches!$A:$A,"<"&R25) -> 0 | P25: =COUNTIFs(Matches!$C:$C,E25,Matches!$A:$A,">"&Q25,Matches!$A:$A,"<"&R25) -> 0 | Q25: =VLOOKUP($C$2,Quotas!$A$7:$E$14,2,FALSE) -> 46213.708 | R25: =VLOOKUP($C$2,Quotas!$A$7:$E$14,3,FALSE) -> 46220.708
A26: {=XLOOKUP($E26,'Player Database'!$B$2:$B758,'Player Database'!$C$2:$C758)} -> #N/A | B26: {=XLOOKUP($E26,'Player Database'!$B$2:$B758,'Player Database'!$E$2:$E758)} -> #N/A | C26: {=XLOOKUP($E26,'Player Database'!$B$2:$B758,'Player Database'!$F$2:$F758)} -> #N/A | D26: =IFERROR(__xludf.DUMMYFUNCTION("""COMPUTED_VALUE"""),1.0) -> 1 | F26: {=XLOOKUP($E26,'Player Database'!$B$2:$B758,'Player Database'!$K$2:$K758)} -> #N/A | G26: {=XLOOKUP($E26,'Player Database'!$B$2:$B758,'Player Database'!$H$2:$H758)} -> #N/A | H26: {=XLOOKUP($E26,'Player Database'!$B$2:$B758,'Player Database'!$O$2:$O758)} -> #N/A | I26: {=XLOOKUP($E26,'Player Database'!$B$2:$B758,'Player Database'!$P$2:$P758)} -> #N/A | J26: {=XLOOKUP($E26,'Player Database'!$B$2:$B758,'Player Database'!$U$2:$U758)} -> #N/A | K26: =VLOOKUP(E26, 'Player Database'!B:AE, 30, FALSE) -> #N/A | L26: {=XLOOKUP($E26,'Player Database'!$B$2:$B758,'Player Database'!$W$2:$W758)} -> #N/A | M26: =CONCATENATE(O26," - ",P26) -> 0 - 0 | N26: {=IF(XLOOKUP($E26,'Player Database'!$B$2:$B758,'Player Database'!$AA$2:$AA758)="",XLOOKUP($E26,'Player Database'!$B$2:$B758,'Player Database'!$G$2:$G758),XLOOKUP($E26,'Player Database'!$B$2:$B758,'Player Database'!$AA$2:$AA758))} -> #N/A | O26: =COUNTIFs(Matches!$B:$B,E26,Matches!$A:$A,">"&Q26,Matches!$A:$A,"<"&R26) -> 0 | P26: =COUNTIFs(Matches!$C:$C,E26,Matches!$A:$A,">"&Q26,Matches!$A:$A,"<"&R26) -> 0 | Q26: =VLOOKUP($C$2,Quotas!$A$7:$E$14,2,FALSE) -> 46213.708 | R26: =VLOOKUP($C$2,Quotas!$A$7:$E$14,3,FALSE) -> 46220.708
A27: {=XLOOKUP($E27,'Player Database'!$B$2:$B758,'Player Database'!$C$2:$C758)} -> #N/A | B27: {=XLOOKUP($E27,'Player Database'!$B$2:$B758,'Player Database'!$E$2:$E758)} -> #N/A | C27: {=XLOOKUP($E27,'Player Database'!$B$2:$B758,'Player Database'!$F$2:$F758)} -> #N/A | D27: =IFERROR(__xludf.DUMMYFUNCTION("""COMPUTED_VALUE"""),1.0) -> 1 | F27: {=XLOOKUP($E27,'Player Database'!$B$2:$B758,'Player Database'!$K$2:$K758)} -> #N/A | G27: {=XLOOKUP($E27,'Player Database'!$B$2:$B758,'Player Database'!$H$2:$H758)} -> #N/A | H27: {=XLOOKUP($E27,'Player Database'!$B$2:$B758,'Player Database'!$O$2:$O758)} -> #N/A | I27: {=XLOOKUP($E27,'Player Database'!$B$2:$B758,'Player Database'!$P$2:$P758)} -> #N/A | J27: {=XLOOKUP($E27,'Player Database'!$B$2:$B758,'Player Database'!$U$2:$U758)} -> #N/A | K27: =VLOOKUP(E27, 'Player Database'!B:AE, 30, FALSE) -> #N/A | L27: {=XLOOKUP($E27,'Player Database'!$B$2:$B758,'Player Database'!$W$2:$W758)} -> #N/A | M27: =CONCATENATE(O27," - ",P27) -> 0 - 0 | N27: {=IF(XLOOKUP($E27,'Player Database'!$B$2:$B758,'Player Database'!$AA$2:$AA758)="",XLOOKUP($E27,'Player Database'!$B$2:$B758,'Player Database'!$G$2:$G758),XLOOKUP($E27,'Player Database'!$B$2:$B758,'Player Database'!$AA$2:$AA758))} -> #N/A | O27: =COUNTIFs(Matches!$B:$B,E27,Matches!$A:$A,">"&Q27,Matches!$A:$A,"<"&R27) -> 0 | P27: =COUNTIFs(Matches!$C:$C,E27,Matches!$A:$A,">"&Q27,Matches!$A:$A,"<"&R27) -> 0 | Q27: =VLOOKUP($C$2,Quotas!$A$7:$E$14,2,FALSE) -> 46213.708 | R27: =VLOOKUP($C$2,Quotas!$A$7:$E$14,3,FALSE) -> 46220.708
A28: {=XLOOKUP($E28,'Player Database'!$B$2:$B758,'Player Database'!$C$2:$C758)} -> #N/A | B28: {=XLOOKUP($E28,'Player Database'!$B$2:$B758,'Player Database'!$E$2:$E758)} -> #N/A | C28: {=XLOOKUP($E28,'Player Database'!$B$2:$B758,'Player Database'!$F$2:$F758)} -> #N/A | D28: =IFERROR(__xludf.DUMMYFUNCTION("""COMPUTED_VALUE"""),1.0) -> 1 | F28: {=XLOOKUP($E28,'Player Database'!$B$2:$B758,'Player Database'!$K$2:$K758)} -> #N/A | G28: {=XLOOKUP($E28,'Player Database'!$B$2:$B758,'Player Database'!$H$2:$H758)} -> #N/A | H28: {=XLOOKUP($E28,'Player Database'!$B$2:$B758,'Player Database'!$O$2:$O758)} -> #N/A | I28: {=XLOOKUP($E28,'Player Database'!$B$2:$B758,'Player Database'!$P$2:$P758)} -> #N/A | J28: {=XLOOKUP($E28,'Player Database'!$B$2:$B758,'Player Database'!$U$2:$U758)} -> #N/A | K28: =VLOOKUP(E28, 'Player Database'!B:AE, 30, FALSE) -> #N/A | L28: {=XLOOKUP($E28,'Player Database'!$B$2:$B758,'Player Database'!$W$2:$W758)} -> #N/A | M28: =CONCATENATE(O28," - ",P28) -> 0 - 0 | N28: {=IF(XLOOKUP($E28,'Player Database'!$B$2:$B758,'Player Database'!$AA$2:$AA758)="",XLOOKUP($E28,'Player Database'!$B$2:$B758,'Player Database'!$G$2:$G758),XLOOKUP($E28,'Player Database'!$B$2:$B758,'Player Database'!$AA$2:$AA758))} -> #N/A | O28: =COUNTIFs(Matches!$B:$B,E28,Matches!$A:$A,">"&Q28,Matches!$A:$A,"<"&R28) -> 0 | P28: =COUNTIFs(Matches!$C:$C,E28,Matches!$A:$A,">"&Q28,Matches!$A:$A,"<"&R28) -> 0 | Q28: =VLOOKUP($C$2,Quotas!$A$7:$E$14,2,FALSE) -> 46213.708 | R28: =VLOOKUP($C$2,Quotas!$A$7:$E$14,3,FALSE) -> 46220.708
A29: {=XLOOKUP($E29,'Player Database'!$B$2:$B758,'Player Database'!$C$2:$C758)} -> #N/A | B29: {=XLOOKUP($E29,'Player Database'!$B$2:$B758,'Player Database'!$E$2:$E758)} -> #N/A | C29: {=XLOOKUP($E29,'Player Database'!$B$2:$B758,'Player Database'!$F$2:$F758)} -> #N/A | D29: =IFERROR(__xludf.DUMMYFUNCTION("""COMPUTED_VALUE"""),1.0) -> 1 | F29: {=XLOOKUP($E29,'Player Database'!$B$2:$B758,'Player Database'!$K$2:$K758)} -> #N/A | G29: {=XLOOKUP($E29,'Player Database'!$B$2:$B758,'Player Database'!$H$2:$H758)} -> #N/A | H29: {=XLOOKUP($E29,'Player Database'!$B$2:$B758,'Player Database'!$O$2:$O758)} -> #N/A | I29: {=XLOOKUP($E29,'Player Database'!$B$2:$B758,'Player Database'!$P$2:$P758)} -> #N/A | J29: {=XLOOKUP($E29,'Player Database'!$B$2:$B758,'Player Database'!$U$2:$U758)} -> #N/A | K29: =VLOOKUP(E29, 'Player Database'!B:AE, 30, FALSE) -> #N/A | L29: {=XLOOKUP($E29,'Player Database'!$B$2:$B758,'Player Database'!$W$2:$W758)} -> #N/A | M29: =CONCATENATE(O29," - ",P29) -> 0 - 0 | N29: {=IF(XLOOKUP($E29,'Player Database'!$B$2:$B758,'Player Database'!$AA$2:$AA758)="",XLOOKUP($E29,'Player Database'!$B$2:$B758,'Player Database'!$G$2:$G758),XLOOKUP($E29,'Player Database'!$B$2:$B758,'Player Database'!$AA$2:$AA758))} -> #N/A | O29: =COUNTIFs(Matches!$B:$B,E29,Matches!$A:$A,">"&Q29,Matches!$A:$A,"<"&R29) -> 0 | P29: =COUNTIFs(Matches!$C:$C,E29,Matches!$A:$A,">"&Q29,Matches!$A:$A,"<"&R29) -> 0 | Q29: =VLOOKUP($C$2,Quotas!$A$7:$E$14,2,FALSE) -> 46213.708 | R29: =VLOOKUP($C$2,Quotas!$A$7:$E$14,3,FALSE) -> 46220.708
A30: {=XLOOKUP($E30,'Player Database'!$B$2:$B758,'Player Database'!$C$2:$C758)} -> #N/A | B30: {=XLOOKUP($E30,'Player Database'!$B$2:$B758,'Player Database'!$E$2:$E758)} -> #N/A | C30: {=XLOOKUP($E30,'Player Database'!$B$2:$B758,'Player Database'!$F$2:$F758)} -> #N/A | D30: =IFERROR(__xludf.DUMMYFUNCTION("""COMPUTED_VALUE"""),1.0) -> 1 | F30: {=XLOOKUP($E30,'Player Database'!$B$2:$B758,'Player Database'!$K$2:$K758)} -> #N/A | G30: {=XLOOKUP($E30,'Player Database'!$B$2:$B758,'Player Database'!$H$2:$H758)} -> #N/A | H30: {=XLOOKUP($E30,'Player Database'!$B$2:$B758,'Player Database'!$O$2:$O758)} -> #N/A | I30: {=XLOOKUP($E30,'Player Database'!$B$2:$B758,'Player Database'!$P$2:$P758)} -> #N/A | J30: {=XLOOKUP($E30,'Player Database'!$B$2:$B758,'Player Database'!$U$2:$U758)} -> #N/A | K30: =VLOOKUP(E30, 'Player Database'!B:AE, 30, FALSE) -> #N/A | L30: {=XLOOKUP($E30,'Player Database'!$B$2:$B758,'Player Database'!$W$2:$W758)} -> #N/A | M30: =CONCATENATE(O30," - ",P30) -> 0 - 0 | N30: {=IF(XLOOKUP($E30,'Player Database'!$B$2:$B758,'Player Database'!$AA$2:$AA758)="",XLOOKUP($E30,'Player Database'!$B$2:$B758,'Player Database'!$G$2:$G758),XLOOKUP($E30,'Player Database'!$B$2:$B758,'Player Database'!$AA$2:$AA758))} -> #N/A | O30: =COUNTIFs(Matches!$B:$B,E30,Matches!$A:$A,">"&Q30,Matches!$A:$A,"<"&R30) -> 0 | P30: =COUNTIFs(Matches!$C:$C,E30,Matches!$A:$A,">"&Q30,Matches!$A:$A,"<"&R30) -> 0 | Q30: =VLOOKUP($C$2,Quotas!$A$7:$E$14,2,FALSE) -> 46213.708 | R30: =VLOOKUP($C$2,Quotas!$A$7:$E$14,3,FALSE) -> 46220.708
A31: {=XLOOKUP($E31,'Player Database'!$B$2:$B758,'Player Database'!$C$2:$C758)} -> #N/A | B31: {=XLOOKUP($E31,'Player Database'!$B$2:$B758,'Player Database'!$E$2:$E758)} -> #N/A | C31: {=XLOOKUP($E31,'Player Database'!$B$2:$B758,'Player Database'!$F$2:$F758)} -> #N/A | D31: =IFERROR(__xludf.DUMMYFUNCTION("""COMPUTED_VALUE"""),1.0) -> 1 | F31: {=XLOOKUP($E31,'Player Database'!$B$2:$B758,'Player Database'!$K$2:$K758)} -> #N/A | G31: {=XLOOKUP($E31,'Player Database'!$B$2:$B758,'Player Database'!$H$2:$H758)} -> #N/A | H31: {=XLOOKUP($E31,'Player Database'!$B$2:$B758,'Player Database'!$O$2:$O758)} -> #N/A | I31: {=XLOOKUP($E31,'Player Database'!$B$2:$B758,'Player Database'!$P$2:$P758)} -> #N/A | J31: {=XLOOKUP($E31,'Player Database'!$B$2:$B758,'Player Database'!$U$2:$U758)} -> #N/A | K31: =VLOOKUP(E31, 'Player Database'!B:AE, 30, FALSE) -> #N/A | L31: {=XLOOKUP($E31,'Player Database'!$B$2:$B758,'Player Database'!$W$2:$W758)} -> #N/A | M31: =CONCATENATE(O31," - ",P31) -> 0 - 0 | N31: {=IF(XLOOKUP($E31,'Player Database'!$B$2:$B758,'Player Database'!$AA$2:$AA758)="",XLOOKUP($E31,'Player Database'!$B$2:$B758,'Player Database'!$G$2:$G758),XLOOKUP($E31,'Player Database'!$B$2:$B758,'Player Database'!$AA$2:$AA758))} -> #N/A | O31: =COUNTIFs(Matches!$B:$B,E31,Matches!$A:$A,">"&Q31,Matches!$A:$A,"<"&R31) -> 0 | P31: =COUNTIFs(Matches!$C:$C,E31,Matches!$A:$A,">"&Q31,Matches!$A:$A,"<"&R31) -> 0 | Q31: =VLOOKUP($C$2,Quotas!$A$7:$E$14,2,FALSE) -> 46213.708 | R31: =VLOOKUP($C$2,Quotas!$A$7:$E$14,3,FALSE) -> 46220.708
A32: {=XLOOKUP($E32,'Player Database'!$B$2:$B758,'Player Database'!$C$2:$C758)} -> #N/A | B32: {=XLOOKUP($E32,'Player Database'!$B$2:$B758,'Player Database'!$E$2:$E758)} -> #N/A | C32: {=XLOOKUP($E32,'Player Database'!$B$2:$B758,'Player Database'!$F$2:$F758)} -> #N/A | D32: =IFERROR(__xludf.DUMMYFUNCTION("""COMPUTED_VALUE"""),1.0) -> 1 | F32: {=XLOOKUP($E32,'Player Database'!$B$2:$B758,'Player Database'!$K$2:$K758)} -> #N/A | G32: {=XLOOKUP($E32,'Player Database'!$B$2:$B758,'Player Database'!$H$2:$H758)} -> #N/A | H32: {=XLOOKUP($E32,'Player Database'!$B$2:$B758,'Player Database'!$O$2:$O758)} -> #N/A | I32: {=XLOOKUP($E32,'Player Database'!$B$2:$B758,'Player Database'!$P$2:$P758)} -> #N/A | J32: {=XLOOKUP($E32,'Player Database'!$B$2:$B758,'Player Database'!$U$2:$U758)} -> #N/A | K32: =VLOOKUP(E32, 'Player Database'!B:AE, 30, FALSE) -> #N/A | L32: {=XLOOKUP($E32,'Player Database'!$B$2:$B758,'Player Database'!$W$2:$W758)} -> #N/A | M32: =CONCATENATE(O32," - ",P32) -> 0 - 0 | N32: {=IF(XLOOKUP($E32,'Player Database'!$B$2:$B758,'Player Database'!$AA$2:$AA758)="",XLOOKUP($E32,'Player Database'!$B$2:$B758,'Player Database'!$G$2:$G758),XLOOKUP($E32,'Player Database'!$B$2:$B758,'Player Database'!$AA$2:$AA758))} -> #N/A | O32: =COUNTIFs(Matches!$B:$B,E32,Matches!$A:$A,">"&Q32,Matches!$A:$A,"<"&R32) -> 0 | P32: =COUNTIFs(Matches!$C:$C,E32,Matches!$A:$A,">"&Q32,Matches!$A:$A,"<"&R32) -> 0 | Q32: =VLOOKUP($C$2,Quotas!$A$7:$E$14,2,FALSE) -> 46213.708 | R32: =VLOOKUP($C$2,Quotas!$A$7:$E$14,3,FALSE) -> 46220.708
A33: {=XLOOKUP($E33,'Player Database'!$B$2:$B758,'Player Database'!$C$2:$C758)} -> #N/A | B33: {=XLOOKUP($E33,'Player Database'!$B$2:$B758,'Player Database'!$E$2:$E758)} -> #N/A | C33: {=XLOOKUP($E33,'Player Database'!$B$2:$B758,'Player Database'!$F$2:$F758)} -> #N/A | D33: =IFERROR(__xludf.DUMMYFUNCTION("""COMPUTED_VALUE"""),1.0) -> 1 | F33: {=XLOOKUP($E33,'Player Database'!$B$2:$B758,'Player Database'!$K$2:$K758)} -> #N/A | G33: {=XLOOKUP($E33,'Player Database'!$B$2:$B758,'Player Database'!$H$2:$H758)} -> #N/A | H33: {=XLOOKUP($E33,'Player Database'!$B$2:$B758,'Player Database'!$O$2:$O758)} -> #N/A | I33: {=XLOOKUP($E33,'Player Database'!$B$2:$B758,'Player Database'!$P$2:$P758)} -> #N/A | J33: {=XLOOKUP($E33,'Player Database'!$B$2:$B758,'Player Database'!$U$2:$U758)} -> #N/A | K33: =VLOOKUP(E33, 'Player Database'!B:AE, 30, FALSE) -> #N/A | L33: {=XLOOKUP($E33,'Player Database'!$B$2:$B758,'Player Database'!$W$2:$W758)} -> #N/A | M33: =CONCATENATE(O33," - ",P33) -> 0 - 0 | N33: {=IF(XLOOKUP($E33,'Player Database'!$B$2:$B758,'Player Database'!$AA$2:$AA758)="",XLOOKUP($E33,'Player Database'!$B$2:$B758,'Player Database'!$G$2:$G758),XLOOKUP($E33,'Player Database'!$B$2:$B758,'Player Database'!$AA$2:$AA758))} -> #N/A | O33: =COUNTIFs(Matches!$B:$B,E33,Matches!$A:$A,">"&Q33,Matches!$A:$A,"<"&R33) -> 0 | P33: =COUNTIFs(Matches!$C:$C,E33,Matches!$A:$A,">"&Q33,Matches!$A:$A,"<"&R33) -> 0 | Q33: =VLOOKUP($C$2,Quotas!$A$7:$E$14,2,FALSE) -> 46213.708 | R33: =VLOOKUP($C$2,Quotas!$A$7:$E$14,3,FALSE) -> 46220.708
A34: {=XLOOKUP($E34,'Player Database'!$B$2:$B758,'Player Database'!$C$2:$C758)} -> #N/A | B34: {=XLOOKUP($E34,'Player Database'!$B$2:$B758,'Player Database'!$E$2:$E758)} -> #N/A | C34: {=XLOOKUP($E34,'Player Database'!$B$2:$B758,'Player Database'!$F$2:$F758)} -> #N/A | D34: =IFERROR(__xludf.DUMMYFUNCTION("""COMPUTED_VALUE"""),1.0) -> 1 | F34: {=XLOOKUP($E34,'Player Database'!$B$2:$B758,'Player Database'!$K$2:$K758)} -> #N/A | G34: {=XLOOKUP($E34,'Player Database'!$B$2:$B758,'Player Database'!$H$2:$H758)} -> #N/A | H34: {=XLOOKUP($E34,'Player Database'!$B$2:$B758,'Player Database'!$O$2:$O758)} -> #N/A | I34: {=XLOOKUP($E34,'Player Database'!$B$2:$B758,'Player Database'!$P$2:$P758)} -> #N/A | J34: {=XLOOKUP($E34,'Player Database'!$B$2:$B758,'Player Database'!$U$2:$U758)} -> #N/A | K34: =VLOOKUP(E34, 'Player Database'!B:AE, 30, FALSE) -> #N/A | L34: {=XLOOKUP($E34,'Player Database'!$B$2:$B758,'Player Database'!$W$2:$W758)} -> #N/A | M34: =CONCATENATE(O34," - ",P34) -> 0 - 0 | N34: {=IF(XLOOKUP($E34,'Player Database'!$B$2:$B758,'Player Database'!$AA$2:$AA758)="",XLOOKUP($E34,'Player Database'!$B$2:$B758,'Player Database'!$G$2:$G758),XLOOKUP($E34,'Player Database'!$B$2:$B758,'Player Database'!$AA$2:$AA758))} -> #N/A | O34: =COUNTIFs(Matches!$B:$B,E34,Matches!$A:$A,">"&Q34,Matches!$A:$A,"<"&R34) -> 0 | P34: =COUNTIFs(Matches!$C:$C,E34,Matches!$A:$A,">"&Q34,Matches!$A:$A,"<"&R34) -> 0 | Q34: =VLOOKUP($C$2,Quotas!$A$7:$E$14,2,FALSE) -> 46213.708 | R34: =VLOOKUP($C$2,Quotas!$A$7:$E$14,3,FALSE) -> 46220.708
A35: {=XLOOKUP($E35,'Player Database'!$B$2:$B758,'Player Database'!$C$2:$C758)} -> #N/A | B35: {=XLOOKUP($E35,'Player Database'!$B$2:$B758,'Player Database'!$E$2:$E758)} -> #N/A | C35: {=XLOOKUP($E35,'Player Database'!$B$2:$B758,'Player Database'!$F$2:$F758)} -> #N/A | D35: =IFERROR(__xludf.DUMMYFUNCTION("""COMPUTED_VALUE"""),1.0) -> 1 | F35: {=XLOOKUP($E35,'Player Database'!$B$2:$B758,'Player Database'!$K$2:$K758)} -> #N/A | G35: {=XLOOKUP($E35,'Player Database'!$B$2:$B758,'Player Database'!$H$2:$H758)} -> #N/A | H35: {=XLOOKUP($E35,'Player Database'!$B$2:$B758,'Player Database'!$O$2:$O758)} -> #N/A | I35: {=XLOOKUP($E35,'Player Database'!$B$2:$B758,'Player Database'!$P$2:$P758)} -> #N/A | J35: {=XLOOKUP($E35,'Player Database'!$B$2:$B758,'Player Database'!$U$2:$U758)} -> #N/A | K35: =VLOOKUP(E35, 'Player Database'!B:AE, 30, FALSE) -> #N/A | L35: {=XLOOKUP($E35,'Player Database'!$B$2:$B758,'Player Database'!$W$2:$W758)} -> #N/A | M35: =CONCATENATE(O35," - ",P35) -> 0 - 0 | N35: {=IF(XLOOKUP($E35,'Player Database'!$B$2:$B758,'Player Database'!$AA$2:$AA758)="",XLOOKUP($E35,'Player Database'!$B$2:$B758,'Player Database'!$G$2:$G758),XLOOKUP($E35,'Player Database'!$B$2:$B758,'Player Database'!$AA$2:$AA758))} -> #N/A | O35: =COUNTIFs(Matches!$B:$B,E35,Matches!$A:$A,">"&Q35,Matches!$A:$A,"<"&R35) -> 0 | P35: =COUNTIFs(Matches!$C:$C,E35,Matches!$A:$A,">"&Q35,Matches!$A:$A,"<"&R35) -> 0 | Q35: =VLOOKUP($C$2,Quotas!$A$7:$E$14,2,FALSE) -> 46213.708 | R35: =VLOOKUP($C$2,Quotas!$A$7:$E$14,3,FALSE) -> 46220.708
A36: {=XLOOKUP($E36,'Player Database'!$B$2:$B758,'Player Database'!$C$2:$C758)} -> #N/A | B36: {=XLOOKUP($E36,'Player Database'!$B$2:$B758,'Player Database'!$E$2:$E758)} -> #N/A | C36: {=XLOOKUP($E36,'Player Database'!$B$2:$B758,'Player Database'!$F$2:$F758)} -> #N/A | D36: =IFERROR(__xludf.DUMMYFUNCTION("""COMPUTED_VALUE"""),1.0) -> 1 | F36: {=XLOOKUP($E36,'Player Database'!$B$2:$B758,'Player Database'!$K$2:$K758)} -> #N/A | G36: {=XLOOKUP($E36,'Player Database'!$B$2:$B758,'Player Database'!$H$2:$H758)} -> #N/A | H36: {=XLOOKUP($E36,'Player Database'!$B$2:$B758,'Player Database'!$O$2:$O758)} -> #N/A | I36: {=XLOOKUP($E36,'Player Database'!$B$2:$B758,'Player Database'!$P$2:$P758)} -> #N/A | J36: {=XLOOKUP($E36,'Player Database'!$B$2:$B758,'Player Database'!$U$2:$U758)} -> #N/A | K36: =VLOOKUP(E36, 'Player Database'!B:AE, 30, FALSE) -> #N/A | L36: {=XLOOKUP($E36,'Player Database'!$B$2:$B758,'Player Database'!$W$2:$W758)} -> #N/A | M36: =CONCATENATE(O36," - ",P36) -> 0 - 0 | N36: {=IF(XLOOKUP($E36,'Player Database'!$B$2:$B758,'Player Database'!$AA$2:$AA758)="",XLOOKUP($E36,'Player Database'!$B$2:$B758,'Player Database'!$G$2:$G758),XLOOKUP($E36,'Player Database'!$B$2:$B758,'Player Database'!$AA$2:$AA758))} -> #N/A | O36: =COUNTIFs(Matches!$B:$B,E36,Matches!$A:$A,">"&Q36,Matches!$A:$A,"<"&R36) -> 0 | P36: =COUNTIFs(Matches!$C:$C,E36,Matches!$A:$A,">"&Q36,Matches!$A:$A,"<"&R36) -> 0 | Q36: =VLOOKUP($C$2,Quotas!$A$7:$E$14,2,FALSE) -> 46213.708 | R36: =VLOOKUP($C$2,Quotas!$A$7:$E$14,3,FALSE) -> 46220.708
A37: {=XLOOKUP($E37,'Player Database'!$B$2:$B758,'Player Database'!$C$2:$C758)} -> #N/A | B37: {=XLOOKUP($E37,'Player Database'!$B$2:$B758,'Player Database'!$E$2:$E758)} -> #N/A | C37: {=XLOOKUP($E37,'Player Database'!$B$2:$B758,'Player Database'!$F$2:$F758)} -> #N/A | D37: =IFERROR(__xludf.DUMMYFUNCTION("""COMPUTED_VALUE"""),1.0) -> 1 | F37: {=XLOOKUP($E37,'Player Database'!$B$2:$B758,'Player Database'!$K$2:$K758)} -> #N/A | G37: {=XLOOKUP($E37,'Player Database'!$B$2:$B758,'Player Database'!$H$2:$H758)} -> #N/A | H37: {=XLOOKUP($E37,'Player Database'!$B$2:$B758,'Player Database'!$O$2:$O758)} -> #N/A | I37: {=XLOOKUP($E37,'Player Database'!$B$2:$B758,'Player Database'!$P$2:$P758)} -> #N/A | J37: {=XLOOKUP($E37,'Player Database'!$B$2:$B758,'Player Database'!$U$2:$U758)} -> #N/A | K37: =VLOOKUP(E37, 'Player Database'!B:AE, 30, FALSE) -> #N/A | L37: {=XLOOKUP($E37,'Player Database'!$B$2:$B758,'Player Database'!$W$2:$W758)} -> #N/A | M37: =CONCATENATE(O37," - ",P37) -> 0 - 0 | N37: {=IF(XLOOKUP($E37,'Player Database'!$B$2:$B758,'Player Database'!$AA$2:$AA758)="",XLOOKUP($E37,'Player Database'!$B$2:$B758,'Player Database'!$G$2:$G758),XLOOKUP($E37,'Player Database'!$B$2:$B758,'Player Database'!$AA$2:$AA758))} -> #N/A | O37: =COUNTIFs(Matches!$B:$B,E37,Matches!$A:$A,">"&Q37,Matches!$A:$A,"<"&R37) -> 0 | P37: =COUNTIFs(Matches!$C:$C,E37,Matches!$A:$A,">"&Q37,Matches!$A:$A,"<"&R37) -> 0 | Q37: =VLOOKUP($C$2,Quotas!$A$7:$E$14,2,FALSE) -> 46213.708 | R37: =VLOOKUP($C$2,Quotas!$A$7:$E$14,3,FALSE) -> 46220.708
A38: {=XLOOKUP($E38,'Player Database'!$B$2:$B758,'Player Database'!$C$2:$C758)} -> #N/A | B38: {=XLOOKUP($E38,'Player Database'!$B$2:$B758,'Player Database'!$E$2:$E758)} -> #N/A | C38: {=XLOOKUP($E38,'Player Database'!$B$2:$B758,'Player Database'!$F$2:$F758)} -> #N/A | D38: =IFERROR(__xludf.DUMMYFUNCTION("""COMPUTED_VALUE"""),1.0) -> 1 | F38: {=XLOOKUP($E38,'Player Database'!$B$2:$B758,'Player Database'!$K$2:$K758)} -> #N/A | G38: {=XLOOKUP($E38,'Player Database'!$B$2:$B758,'Player Database'!$H$2:$H758)} -> #N/A | H38: {=XLOOKUP($E38,'Player Database'!$B$2:$B758,'Player Database'!$O$2:$O758)} -> #N/A | I38: {=XLOOKUP($E38,'Player Database'!$B$2:$B758,'Player Database'!$P$2:$P758)} -> #N/A | J38: {=XLOOKUP($E38,'Player Database'!$B$2:$B758,'Player Database'!$U$2:$U758)} -> #N/A | K38: =VLOOKUP(E38, 'Player Database'!B:AE, 30, FALSE) -> #N/A | L38: {=XLOOKUP($E38,'Player Database'!$B$2:$B758,'Player Database'!$W$2:$W758)} -> #N/A | M38: =CONCATENATE(O38," - ",P38) -> 0 - 0 | N38: {=IF(XLOOKUP($E38,'Player Database'!$B$2:$B758,'Player Database'!$AA$2:$AA758)="",XLOOKUP($E38,'Player Database'!$B$2:$B758,'Player Database'!$G$2:$G758),XLOOKUP($E38,'Player Database'!$B$2:$B758,'Player Database'!$AA$2:$AA758))} -> #N/A | O38: =COUNTIFs(Matches!$B:$B,E38,Matches!$A:$A,">"&Q38,Matches!$A:$A,"<"&R38) -> 0 | P38: =COUNTIFs(Matches!$C:$C,E38,Matches!$A:$A,">"&Q38,Matches!$A:$A,"<"&R38) -> 0 | Q38: =VLOOKUP($C$2,Quotas!$A$7:$E$14,2,FALSE) -> 46213.708 | R38: =VLOOKUP($C$2,Quotas!$A$7:$E$14,3,FALSE) -> 46220.708
A39: {=XLOOKUP($E39,'Player Database'!$B$2:$B758,'Player Database'!$C$2:$C758)} -> #N/A | B39: {=XLOOKUP($E39,'Player Database'!$B$2:$B758,'Player Database'!$E$2:$E758)} -> #N/A | C39: {=XLOOKUP($E39,'Player Database'!$B$2:$B758,'Player Database'!$F$2:$F758)} -> #N/A | D39: =IFERROR(__xludf.DUMMYFUNCTION("""COMPUTED_VALUE"""),1.0) -> 1 | F39: {=XLOOKUP($E39,'Player Database'!$B$2:$B758,'Player Database'!$K$2:$K758)} -> #N/A | G39: {=XLOOKUP($E39,'Player Database'!$B$2:$B758,'Player Database'!$H$2:$H758)} -> #N/A | H39: {=XLOOKUP($E39,'Player Database'!$B$2:$B758,'Player Database'!$O$2:$O758)} -> #N/A | I39: {=XLOOKUP($E39,'Player Database'!$B$2:$B758,'Player Database'!$P$2:$P758)} -> #N/A | J39: {=XLOOKUP($E39,'Player Database'!$B$2:$B758,'Player Database'!$U$2:$U758)} -> #N/A | K39: =VLOOKUP(E39, 'Player Database'!B:AE, 30, FALSE) -> #N/A | L39: {=XLOOKUP($E39,'Player Database'!$B$2:$B758,'Player Database'!$W$2:$W758)} -> #N/A | M39: =CONCATENATE(O39," - ",P39) -> 0 - 0 | N39: {=IF(XLOOKUP($E39,'Player Database'!$B$2:$B758,'Player Database'!$AA$2:$AA758)="",XLOOKUP($E39,'Player Database'!$B$2:$B758,'Player Database'!$G$2:$G758),XLOOKUP($E39,'Player Database'!$B$2:$B758,'Player Database'!$AA$2:$AA758))} -> #N/A | O39: =COUNTIFs(Matches!$B:$B,E39,Matches!$A:$A,">"&Q39,Matches!$A:$A,"<"&R39) -> 0 | P39: =COUNTIFs(Matches!$C:$C,E39,Matches!$A:$A,">"&Q39,Matches!$A:$A,"<"&R39) -> 0 | Q39: =VLOOKUP($C$2,Quotas!$A$7:$E$14,2,FALSE) -> 46213.708 | R39: =VLOOKUP($C$2,Quotas!$A$7:$E$14,3,FALSE) -> 46220.708
A40: {=XLOOKUP($E40,'Player Database'!$B$2:$B758,'Player Database'!$C$2:$C758)} -> #N/A | B40: {=XLOOKUP($E40,'Player Database'!$B$2:$B758,'Player Database'!$E$2:$E758)} -> #N/A | C40: {=XLOOKUP($E40,'Player Database'!$B$2:$B758,'Player Database'!$F$2:$F758)} -> #N/A | D40: =IFERROR(__xludf.DUMMYFUNCTION("""COMPUTED_VALUE"""),1.0) -> 1 | F40: {=XLOOKUP($E40,'Player Database'!$B$2:$B758,'Player Database'!$K$2:$K758)} -> #N/A | G40: {=XLOOKUP($E40,'Player Database'!$B$2:$B758,'Player Database'!$H$2:$H758)} -> #N/A | H40: {=XLOOKUP($E40,'Player Database'!$B$2:$B758,'Player Database'!$O$2:$O758)} -> #N/A | I40: {=XLOOKUP($E40,'Player Database'!$B$2:$B758,'Player Database'!$P$2:$P758)} -> #N/A | J40: {=XLOOKUP($E40,'Player Database'!$B$2:$B758,'Player Database'!$U$2:$U758)} -> #N/A | K40: =VLOOKUP(E40, 'Player Database'!B:AE, 30, FALSE) -> #N/A | L40: {=XLOOKUP($E40,'Player Database'!$B$2:$B758,'Player Database'!$W$2:$W758)} -> #N/A | M40: =CONCATENATE(O40," - ",P40) -> 0 - 0 | N40: {=IF(XLOOKUP($E40,'Player Database'!$B$2:$B758,'Player Database'!$AA$2:$AA758)="",XLOOKUP($E40,'Player Database'!$B$2:$B758,'Player Database'!$G$2:$G758),XLOOKUP($E40,'Player Database'!$B$2:$B758,'Player Database'!$AA$2:$AA758))} -> #N/A | O40: =COUNTIFs(Matches!$B:$B,E40,Matches!$A:$A,">"&Q40,Matches!$A:$A,"<"&R40) -> 0 | P40: =COUNTIFs(Matches!$C:$C,E40,Matches!$A:$A,">"&Q40,Matches!$A:$A,"<"&R40) -> 0 | Q40: =VLOOKUP($C$2,Quotas!$A$7:$E$14,2,FALSE) -> 46213.708 | R40: =VLOOKUP($C$2,Quotas!$A$7:$E$14,3,FALSE) -> 46220.708
A41: {=XLOOKUP($E41,'Player Database'!$B$2:$B758,'Player Database'!$C$2:$C758)} -> #N/A | B41: {=XLOOKUP($E41,'Player Database'!$B$2:$B758,'Player Database'!$E$2:$E758)} -> #N/A | C41: {=XLOOKUP($E41,'Player Database'!$B$2:$B758,'Player Database'!$F$2:$F758)} -> #N/A | D41: =IFERROR(__xludf.DUMMYFUNCTION("""COMPUTED_VALUE"""),1.0) -> 1 | F41: {=XLOOKUP($E41,'Player Database'!$B$2:$B758,'Player Database'!$K$2:$K758)} -> #N/A | G41: {=XLOOKUP($E41,'Player Database'!$B$2:$B758,'Player Database'!$H$2:$H758)} -> #N/A | H41: {=XLOOKUP($E41,'Player Database'!$B$2:$B758,'Player Database'!$O$2:$O758)} -> #N/A | I41: {=XLOOKUP($E41,'Player Database'!$B$2:$B758,'Player Database'!$P$2:$P758)} -> #N/A | J41: {=XLOOKUP($E41,'Player Database'!$B$2:$B758,'Player Database'!$U$2:$U758)} -> #N/A | K41: =VLOOKUP(E41, 'Player Database'!B:AE, 30, FALSE) -> #N/A | L41: {=XLOOKUP($E41,'Player Database'!$B$2:$B758,'Player Database'!$W$2:$W758)} -> #N/A | M41: =CONCATENATE(O41," - ",P41) -> 0 - 0 | N41: {=IF(XLOOKUP($E41,'Player Database'!$B$2:$B758,'Player Database'!$AA$2:$AA758)="",XLOOKUP($E41,'Player Database'!$B$2:$B758,'Player Database'!$G$2:$G758),XLOOKUP($E41,'Player Database'!$B$2:$B758,'Player Database'!$AA$2:$AA758))} -> #N/A | O41: =COUNTIFs(Matches!$B:$B,E41,Matches!$A:$A,">"&Q41,Matches!$A:$A,"<"&R41) -> 0 | P41: =COUNTIFs(Matches!$C:$C,E41,Matches!$A:$A,">"&Q41,Matches!$A:$A,"<"&R41) -> 0 | Q41: =VLOOKUP($C$2,Quotas!$A$7:$E$14,2,FALSE) -> 46213.708 | R41: =VLOOKUP($C$2,Quotas!$A$7:$E$14,3,FALSE) -> 46220.708
A42: {=XLOOKUP($E42,'Player Database'!$B$2:$B758,'Player Database'!$C$2:$C758)} -> #N/A | B42: {=XLOOKUP($E42,'Player Database'!$B$2:$B758,'Player Database'!$E$2:$E758)} -> #N/A | C42: {=XLOOKUP($E42,'Player Database'!$B$2:$B758,'Player Database'!$F$2:$F758)} -> #N/A | D42: =IFERROR(__xludf.DUMMYFUNCTION("""COMPUTED_VALUE"""),1.0) -> 1 | F42: {=XLOOKUP($E42,'Player Database'!$B$2:$B758,'Player Database'!$K$2:$K758)} -> #N/A | G42: {=XLOOKUP($E42,'Player Database'!$B$2:$B758,'Player Database'!$H$2:$H758)} -> #N/A | H42: {=XLOOKUP($E42,'Player Database'!$B$2:$B758,'Player Database'!$O$2:$O758)} -> #N/A | I42: {=XLOOKUP($E42,'Player Database'!$B$2:$B758,'Player Database'!$P$2:$P758)} -> #N/A | J42: {=XLOOKUP($E42,'Player Database'!$B$2:$B758,'Player Database'!$U$2:$U758)} -> #N/A | K42: =VLOOKUP(E42, 'Player Database'!B:AE, 30, FALSE) -> #N/A | L42: {=XLOOKUP($E42,'Player Database'!$B$2:$B758,'Player Database'!$W$2:$W758)} -> #N/A | M42: =CONCATENATE(O42," - ",P42) -> 0 - 0 | N42: {=IF(XLOOKUP($E42,'Player Database'!$B$2:$B758,'Player Database'!$AA$2:$AA758)="",XLOOKUP($E42,'Player Database'!$B$2:$B758,'Player Database'!$G$2:$G758),XLOOKUP($E42,'Player Database'!$B$2:$B758,'Player Database'!$AA$2:$AA758))} -> #N/A | O42: =COUNTIFs(Matches!$B:$B,E42,Matches!$A:$A,">"&Q42,Matches!$A:$A,"<"&R42) -> 0 | P42: =COUNTIFs(Matches!$C:$C,E42,Matches!$A:$A,">"&Q42,Matches!$A:$A,"<"&R42) -> 0 | Q42: =VLOOKUP($C$2,Quotas!$A$7:$E$14,2,FALSE) -> 46213.708 | R42: =VLOOKUP($C$2,Quotas!$A$7:$E$14,3,FALSE) -> 46220.708
A43: {=XLOOKUP($E43,'Player Database'!$B$2:$B758,'Player Database'!$C$2:$C758)} -> #N/A | B43: {=XLOOKUP($E43,'Player Database'!$B$2:$B758,'Player Database'!$E$2:$E758)} -> #N/A | C43: {=XLOOKUP($E43,'Player Database'!$B$2:$B758,'Player Database'!$F$2:$F758)} -> #N/A | D43: =IFERROR(__xludf.DUMMYFUNCTION("""COMPUTED_VALUE"""),1.0) -> 1 | F43: {=XLOOKUP($E43,'Player Database'!$B$2:$B758,'Player Database'!$K$2:$K758)} -> #N/A | G43: {=XLOOKUP($E43,'Player Database'!$B$2:$B758,'Player Database'!$H$2:$H758)} -> #N/A | H43: {=XLOOKUP($E43,'Player Database'!$B$2:$B758,'Player Database'!$O$2:$O758)} -> #N/A | I43: {=XLOOKUP($E43,'Player Database'!$B$2:$B758,'Player Database'!$P$2:$P758)} -> #N/A | J43: {=XLOOKUP($E43,'Player Database'!$B$2:$B758,'Player Database'!$U$2:$U758)} -> #N/A | K43: =VLOOKUP(E43, 'Player Database'!B:AE, 30, FALSE) -> #N/A | L43: {=XLOOKUP($E43,'Player Database'!$B$2:$B758,'Player Database'!$W$2:$W758)} -> #N/A | M43: =CONCATENATE(O43," - ",P43) -> 0 - 0 | N43: {=IF(XLOOKUP($E43,'Player Database'!$B$2:$B758,'Player Database'!$AA$2:$AA758)="",XLOOKUP($E43,'Player Database'!$B$2:$B758,'Player Database'!$G$2:$G758),XLOOKUP($E43,'Player Database'!$B$2:$B758,'Player Database'!$AA$2:$AA758))} -> #N/A | O43: =COUNTIFs(Matches!$B:$B,E43,Matches!$A:$A,">"&Q43,Matches!$A:$A,"<"&R43) -> 0 | P43: =COUNTIFs(Matches!$C:$C,E43,Matches!$A:$A,">"&Q43,Matches!$A:$A,"<"&R43) -> 0 | Q43: =VLOOKUP($C$2,Quotas!$A$7:$E$14,2,FALSE) -> 46213.708 | R43: =VLOOKUP($C$2,Quotas!$A$7:$E$14,3,FALSE) -> 46220.708
A44: {=XLOOKUP($E44,'Player Database'!$B$2:$B758,'Player Database'!$C$2:$C758)} -> #N/A | B44: {=XLOOKUP($E44,'Player Database'!$B$2:$B758,'Player Database'!$E$2:$E758)} -> #N/A | C44: {=XLOOKUP($E44,'Player Database'!$B$2:$B758,'Player Database'!$F$2:$F758)} -> #N/A | D44: =IFERROR(__xludf.DUMMYFUNCTION("""COMPUTED_VALUE"""),1.0) -> 1 | F44: {=XLOOKUP($E44,'Player Database'!$B$2:$B758,'Player Database'!$K$2:$K758)} -> #N/A | G44: {=XLOOKUP($E44,'Player Database'!$B$2:$B758,'Player Database'!$H$2:$H758)} -> #N/A | H44: {=XLOOKUP($E44,'Player Database'!$B$2:$B758,'Player Database'!$O$2:$O758)} -> #N/A | I44: {=XLOOKUP($E44,'Player Database'!$B$2:$B758,'Player Database'!$P$2:$P758)} -> #N/A | J44: {=XLOOKUP($E44,'Player Database'!$B$2:$B758,'Player Database'!$U$2:$U758)} -> #N/A | K44: =VLOOKUP(E44, 'Player Database'!B:AE, 30, FALSE) -> #N/A | L44: {=XLOOKUP($E44,'Player Database'!$B$2:$B758,'Player Database'!$W$2:$W758)} -> #N/A | M44: =CONCATENATE(O44," - ",P44) -> 0 - 0 | N44: {=IF(XLOOKUP($E44,'Player Database'!$B$2:$B758,'Player Database'!$AA$2:$AA758)="",XLOOKUP($E44,'Player Database'!$B$2:$B758,'Player Database'!$G$2:$G758),XLOOKUP($E44,'Player Database'!$B$2:$B758,'Player Database'!$AA$2:$AA758))} -> #N/A | O44: =COUNTIFs(Matches!$B:$B,E44,Matches!$A:$A,">"&Q44,Matches!$A:$A,"<"&R44) -> 0 | P44: =COUNTIFs(Matches!$C:$C,E44,Matches!$A:$A,">"&Q44,Matches!$A:$A,"<"&R44) -> 0 | Q44: =VLOOKUP($C$2,Quotas!$A$7:$E$14,2,FALSE) -> 46213.708 | R44: =VLOOKUP($C$2,Quotas!$A$7:$E$14,3,FALSE) -> 46220.708
A45: {=XLOOKUP($E45,'Player Database'!$B$2:$B758,'Player Database'!$C$2:$C758)} -> #N/A | B45: {=XLOOKUP($E45,'Player Database'!$B$2:$B758,'Player Database'!$E$2:$E758)} -> #N/A | C45: {=XLOOKUP($E45,'Player Database'!$B$2:$B758,'Player Database'!$F$2:$F758)} -> #N/A | D45: =IFERROR(__xludf.DUMMYFUNCTION("""COMPUTED_VALUE"""),1.0) -> 1 | F45: {=XLOOKUP($E45,'Player Database'!$B$2:$B758,'Player Database'!$K$2:$K758)} -> #N/A | G45: {=XLOOKUP($E45,'Player Database'!$B$2:$B758,'Player Database'!$H$2:$H758)} -> #N/A | H45: {=XLOOKUP($E45,'Player Database'!$B$2:$B758,'Player Database'!$O$2:$O758)} -> #N/A | I45: {=XLOOKUP($E45,'Player Database'!$B$2:$B758,'Player Database'!$P$2:$P758)} -> #N/A | J45: {=XLOOKUP($E45,'Player Database'!$B$2:$B758,'Player Database'!$U$2:$U758)} -> #N/A | K45: =VLOOKUP(E45, 'Player Database'!B:AE, 30, FALSE) -> #N/A | L45: {=XLOOKUP($E45,'Player Database'!$B$2:$B758,'Player Database'!$W$2:$W758)} -> #N/A | M45: =CONCATENATE(O45," - ",P45) -> 0 - 0 | N45: {=IF(XLOOKUP($E45,'Player Database'!$B$2:$B758,'Player Database'!$AA$2:$AA758)="",XLOOKUP($E45,'Player Database'!$B$2:$B758,'Player Database'!$G$2:$G758),XLOOKUP($E45,'Player Database'!$B$2:$B758,'Player Database'!$AA$2:$AA758))} -> #N/A | O45: =COUNTIFs(Matches!$B:$B,E45,Matches!$A:$A,">"&Q45,Matches!$A:$A,"<"&R45) -> 0 | P45: =COUNTIFs(Matches!$C:$C,E45,Matches!$A:$A,">"&Q45,Matches!$A:$A,"<"&R45) -> 0 | Q45: =VLOOKUP($C$2,Quotas!$A$7:$E$14,2,FALSE) -> 46213.708 | R45: =VLOOKUP($C$2,Quotas!$A$7:$E$14,3,FALSE) -> 46220.708
A46: {=XLOOKUP($E46,'Player Database'!$B$2:$B758,'Player Database'!$C$2:$C758)} -> #N/A | B46: {=XLOOKUP($E46,'Player Database'!$B$2:$B758,'Player Database'!$E$2:$E758)} -> #N/A | C46: {=XLOOKUP($E46,'Player Database'!$B$2:$B758,'Player Database'!$F$2:$F758)} -> #N/A | D46: =IFERROR(__xludf.DUMMYFUNCTION("""COMPUTED_VALUE"""),1.0) -> 1 | F46: {=XLOOKUP($E46,'Player Database'!$B$2:$B758,'Player Database'!$K$2:$K758)} -> #N/A | G46: {=XLOOKUP($E46,'Player Database'!$B$2:$B758,'Player Database'!$H$2:$H758)} -> #N/A | H46: {=XLOOKUP($E46,'Player Database'!$B$2:$B758,'Player Database'!$O$2:$O758)} -> #N/A | I46: {=XLOOKUP($E46,'Player Database'!$B$2:$B758,'Player Database'!$P$2:$P758)} -> #N/A | J46: {=XLOOKUP($E46,'Player Database'!$B$2:$B758,'Player Database'!$U$2:$U758)} -> #N/A | K46: =VLOOKUP(E46, 'Player Database'!B:AE, 30, FALSE) -> #N/A | L46: {=XLOOKUP($E46,'Player Database'!$B$2:$B758,'Player Database'!$W$2:$W758)} -> #N/A | M46: =CONCATENATE(O46," - ",P46) -> 0 - 0 | N46: {=IF(XLOOKUP($E46,'Player Database'!$B$2:$B758,'Player Database'!$AA$2:$AA758)="",XLOOKUP($E46,'Player Database'!$B$2:$B758,'Player Database'!$G$2:$G758),XLOOKUP($E46,'Player Database'!$B$2:$B758,'Player Database'!$AA$2:$AA758))} -> #N/A | O46: =COUNTIFs(Matches!$B:$B,E46,Matches!$A:$A,">"&Q46,Matches!$A:$A,"<"&R46) -> 0 | P46: =COUNTIFs(Matches!$C:$C,E46,Matches!$A:$A,">"&Q46,Matches!$A:$A,"<"&R46) -> 0 | Q46: =VLOOKUP($C$2,Quotas!$A$7:$E$14,2,FALSE) -> 46213.708 | R46: =VLOOKUP($C$2,Quotas!$A$7:$E$14,3,FALSE) -> 46220.708
A47: {=XLOOKUP($E47,'Player Database'!$B$2:$B758,'Player Database'!$C$2:$C758)} -> #N/A | B47: {=XLOOKUP($E47,'Player Database'!$B$2:$B758,'Player Database'!$E$2:$E758)} -> #N/A | C47: {=XLOOKUP($E47,'Player Database'!$B$2:$B758,'Player Database'!$F$2:$F758)} -> #N/A | D47: =IFERROR(__xludf.DUMMYFUNCTION("""COMPUTED_VALUE"""),1.0) -> 1 | F47: {=XLOOKUP($E47,'Player Database'!$B$2:$B758,'Player Database'!$K$2:$K758)} -> #N/A | G47: {=XLOOKUP($E47,'Player Database'!$B$2:$B758,'Player Database'!$H$2:$H758)} -> #N/A | H47: {=XLOOKUP($E47,'Player Database'!$B$2:$B758,'Player Database'!$O$2:$O758)} -> #N/A | I47: {=XLOOKUP($E47,'Player Database'!$B$2:$B758,'Player Database'!$P$2:$P758)} -> #N/A | J47: {=XLOOKUP($E47,'Player Database'!$B$2:$B758,'Player Database'!$U$2:$U758)} -> #N/A | K47: =VLOOKUP(E47, 'Player Database'!B:AE, 30, FALSE) -> #N/A | L47: {=XLOOKUP($E47,'Player Database'!$B$2:$B758,'Player Database'!$W$2:$W758)} -> #N/A | M47: =CONCATENATE(O47," - ",P47) -> 0 - 0 | N47: {=IF(XLOOKUP($E47,'Player Database'!$B$2:$B758,'Player Database'!$AA$2:$AA758)="",XLOOKUP($E47,'Player Database'!$B$2:$B758,'Player Database'!$G$2:$G758),XLOOKUP($E47,'Player Database'!$B$2:$B758,'Player Database'!$AA$2:$AA758))} -> #N/A | O47: =COUNTIFs(Matches!$B:$B,E47,Matches!$A:$A,">"&Q47,Matches!$A:$A,"<"&R47) -> 0 | P47: =COUNTIFs(Matches!$C:$C,E47,Matches!$A:$A,">"&Q47,Matches!$A:$A,"<"&R47) -> 0 | Q47: =VLOOKUP($C$2,Quotas!$A$7:$E$14,2,FALSE) -> 46213.708 | R47: =VLOOKUP($C$2,Quotas!$A$7:$E$14,3,FALSE) -> 46220.708
A48: {=XLOOKUP($E48,'Player Database'!$B$2:$B758,'Player Database'!$C$2:$C758)} -> #N/A | B48: {=XLOOKUP($E48,'Player Database'!$B$2:$B758,'Player Database'!$E$2:$E758)} -> #N/A | C48: {=XLOOKUP($E48,'Player Database'!$B$2:$B758,'Player Database'!$F$2:$F758)} -> #N/A | D48: =IFERROR(__xludf.DUMMYFUNCTION("""COMPUTED_VALUE"""),1.0) -> 1 | F48: {=XLOOKUP($E48,'Player Database'!$B$2:$B758,'Player Database'!$K$2:$K758)} -> #N/A | G48: {=XLOOKUP($E48,'Player Database'!$B$2:$B758,'Player Database'!$H$2:$H758)} -> #N/A | H48: {=XLOOKUP($E48,'Player Database'!$B$2:$B758,'Player Database'!$O$2:$O758)} -> #N/A | I48: {=XLOOKUP($E48,'Player Database'!$B$2:$B758,'Player Database'!$P$2:$P758)} -> #N/A | J48: {=XLOOKUP($E48,'Player Database'!$B$2:$B758,'Player Database'!$U$2:$U758)} -> #N/A | K48: =VLOOKUP(E48, 'Player Database'!B:AE, 30, FALSE) -> #N/A | L48: {=XLOOKUP($E48,'Player Database'!$B$2:$B758,'Player Database'!$W$2:$W758)} -> #N/A | M48: =CONCATENATE(O48," - ",P48) -> 0 - 0 | N48: {=IF(XLOOKUP($E48,'Player Database'!$B$2:$B758,'Player Database'!$AA$2:$AA758)="",XLOOKUP($E48,'Player Database'!$B$2:$B758,'Player Database'!$G$2:$G758),XLOOKUP($E48,'Player Database'!$B$2:$B758,'Player Database'!$AA$2:$AA758))} -> #N/A | O48: =COUNTIFs(Matches!$B:$B,E48,Matches!$A:$A,">"&Q48,Matches!$A:$A,"<"&R48) -> 0 | P48: =COUNTIFs(Matches!$C:$C,E48,Matches!$A:$A,">"&Q48,Matches!$A:$A,"<"&R48) -> 0 | Q48: =VLOOKUP($C$2,Quotas!$A$7:$E$14,2,FALSE) -> 46213.708 | R48: =VLOOKUP($C$2,Quotas!$A$7:$E$14,3,FALSE) -> 46220.708
A49: {=XLOOKUP($E49,'Player Database'!$B$2:$B758,'Player Database'!$C$2:$C758)} -> #N/A | B49: {=XLOOKUP($E49,'Player Database'!$B$2:$B758,'Player Database'!$E$2:$E758)} -> #N/A | C49: {=XLOOKUP($E49,'Player Database'!$B$2:$B758,'Player Database'!$F$2:$F758)} -> #N/A | D49: =IFERROR(__xludf.DUMMYFUNCTION("""COMPUTED_VALUE"""),1.0) -> 1 | F49: {=XLOOKUP($E49,'Player Database'!$B$2:$B758,'Player Database'!$K$2:$K758)} -> #N/A | G49: {=XLOOKUP($E49,'Player Database'!$B$2:$B758,'Player Database'!$H$2:$H758)} -> #N/A | H49: {=XLOOKUP($E49,'Player Database'!$B$2:$B758,'Player Database'!$O$2:$O758)} -> #N/A | I49: {=XLOOKUP($E49,'Player Database'!$B$2:$B758,'Player Database'!$P$2:$P758)} -> #N/A | J49: {=XLOOKUP($E49,'Player Database'!$B$2:$B758,'Player Database'!$U$2:$U758)} -> #N/A | K49: =VLOOKUP(E49, 'Player Database'!B:AE, 30, FALSE) -> #N/A | L49: {=XLOOKUP($E49,'Player Database'!$B$2:$B758,'Player Database'!$W$2:$W758)} -> #N/A | M49: =CONCATENATE(O49," - ",P49) -> 0 - 0 | N49: {=IF(XLOOKUP($E49,'Player Database'!$B$2:$B758,'Player Database'!$AA$2:$AA758)="",XLOOKUP($E49,'Player Database'!$B$2:$B758,'Player Database'!$G$2:$G758),XLOOKUP($E49,'Player Database'!$B$2:$B758,'Player Database'!$AA$2:$AA758))} -> #N/A | O49: =COUNTIFs(Matches!$B:$B,E49,Matches!$A:$A,">"&Q49,Matches!$A:$A,"<"&R49) -> 0 | P49: =COUNTIFs(Matches!$C:$C,E49,Matches!$A:$A,">"&Q49,Matches!$A:$A,"<"&R49) -> 0 | Q49: =VLOOKUP($C$2,Quotas!$A$7:$E$14,2,FALSE) -> 46213.708 | R49: =VLOOKUP($C$2,Quotas!$A$7:$E$14,3,FALSE) -> 46220.708
A50: {=XLOOKUP($E50,'Player Database'!$B$2:$B758,'Player Database'!$C$2:$C758)} -> #N/A | B50: {=XLOOKUP($E50,'Player Database'!$B$2:$B758,'Player Database'!$E$2:$E758)} -> #N/A | C50: {=XLOOKUP($E50,'Player Database'!$B$2:$B758,'Player Database'!$F$2:$F758)} -> #N/A | D50: =IFERROR(__xludf.DUMMYFUNCTION("""COMPUTED_VALUE"""),1.0) -> 1 | F50: {=XLOOKUP($E50,'Player Database'!$B$2:$B758,'Player Database'!$K$2:$K758)} -> #N/A | G50: {=XLOOKUP($E50,'Player Database'!$B$2:$B758,'Player Database'!$H$2:$H758)} -> #N/A | H50: {=XLOOKUP($E50,'Player Database'!$B$2:$B758,'Player Database'!$O$2:$O758)} -> #N/A | I50: {=XLOOKUP($E50,'Player Database'!$B$2:$B758,'Player Database'!$P$2:$P758)} -> #N/A | J50: {=XLOOKUP($E50,'Player Database'!$B$2:$B758,'Player Database'!$U$2:$U758)} -> #N/A | K50: =VLOOKUP(E50, 'Player Database'!B:AE, 30, FALSE) -> #N/A | L50: {=XLOOKUP($E50,'Player Database'!$B$2:$B758,'Player Database'!$W$2:$W758)} -> #N/A | M50: =CONCATENATE(O50," - ",P50) -> 0 - 0 | N50: {=IF(XLOOKUP($E50,'Player Database'!$B$2:$B758,'Player Database'!$AA$2:$AA758)="",XLOOKUP($E50,'Player Database'!$B$2:$B758,'Player Database'!$G$2:$G758),XLOOKUP($E50,'Player Database'!$B$2:$B758,'Player Database'!$AA$2:$AA758))} -> #N/A | O50: =COUNTIFs(Matches!$B:$B,E50,Matches!$A:$A,">"&Q50,Matches!$A:$A,"<"&R50) -> 0 | P50: =COUNTIFs(Matches!$C:$C,E50,Matches!$A:$A,">"&Q50,Matches!$A:$A,"<"&R50) -> 0 | Q50: =VLOOKUP($C$2,Quotas!$A$7:$E$14,2,FALSE) -> 46213.708 | R50: =VLOOKUP($C$2,Quotas!$A$7:$E$14,3,FALSE) -> 46220.708
A51: {=XLOOKUP($E51,'Player Database'!$B$2:$B758,'Player Database'!$C$2:$C758)} -> #N/A | B51: {=XLOOKUP($E51,'Player Database'!$B$2:$B758,'Player Database'!$E$2:$E758)} -> #N/A | C51: {=XLOOKUP($E51,'Player Database'!$B$2:$B758,'Player Database'!$F$2:$F758)} -> #N/A | D51: =IFERROR(__xludf.DUMMYFUNCTION("""COMPUTED_VALUE"""),1.0) -> 1 | F51: {=XLOOKUP($E51,'Player Database'!$B$2:$B758,'Player Database'!$K$2:$K758)} -> #N/A | G51: {=XLOOKUP($E51,'Player Database'!$B$2:$B758,'Player Database'!$H$2:$H758)} -> #N/A | H51: {=XLOOKUP($E51,'Player Database'!$B$2:$B758,'Player Database'!$O$2:$O758)} -> #N/A | I51: {=XLOOKUP($E51,'Player Database'!$B$2:$B758,'Player Database'!$P$2:$P758)} -> #N/A | J51: {=XLOOKUP($E51,'Player Database'!$B$2:$B758,'Player Database'!$U$2:$U758)} -> #N/A | K51: =VLOOKUP(E51, 'Player Database'!B:AE, 30, FALSE) -> #N/A | L51: {=XLOOKUP($E51,'Player Database'!$B$2:$B758,'Player Database'!$W$2:$W758)} -> #N/A | M51: =CONCATENATE(O51," - ",P51) -> 0 - 0 | N51: {=IF(XLOOKUP($E51,'Player Database'!$B$2:$B758,'Player Database'!$AA$2:$AA758)="",XLOOKUP($E51,'Player Database'!$B$2:$B758,'Player Database'!$G$2:$G758),XLOOKUP($E51,'Player Database'!$B$2:$B758,'Player Database'!$AA$2:$AA758))} -> #N/A | O51: =COUNTIFs(Matches!$B:$B,E51,Matches!$A:$A,">"&Q51,Matches!$A:$A,"<"&R51) -> 0 | P51: =COUNTIFs(Matches!$C:$C,E51,Matches!$A:$A,">"&Q51,Matches!$A:$A,"<"&R51) -> 0 | Q51: =VLOOKUP($C$2,Quotas!$A$7:$E$14,2,FALSE) -> 46213.708 | R51: =VLOOKUP($C$2,Quotas!$A$7:$E$14,3,FALSE) -> 46220.708
A52: {=XLOOKUP($E52,'Player Database'!$B$2:$B758,'Player Database'!$C$2:$C758)} -> #N/A | B52: {=XLOOKUP($E52,'Player Database'!$B$2:$B758,'Player Database'!$E$2:$E758)} -> #N/A | C52: {=XLOOKUP($E52,'Player Database'!$B$2:$B758,'Player Database'!$F$2:$F758)} -> #N/A | D52: =IFERROR(__xludf.DUMMYFUNCTION("""COMPUTED_VALUE"""),1.0) -> 1 | F52: {=XLOOKUP($E52,'Player Database'!$B$2:$B758,'Player Database'!$K$2:$K758)} -> #N/A | G52: {=XLOOKUP($E52,'Player Database'!$B$2:$B758,'Player Database'!$H$2:$H758)} -> #N/A | H52: {=XLOOKUP($E52,'Player Database'!$B$2:$B758,'Player Database'!$O$2:$O758)} -> #N/A | I52: {=XLOOKUP($E52,'Player Database'!$B$2:$B758,'Player Database'!$P$2:$P758)} -> #N/A | J52: {=XLOOKUP($E52,'Player Database'!$B$2:$B758,'Player Database'!$U$2:$U758)} -> #N/A | K52: =VLOOKUP(E52, 'Player Database'!B:AE, 30, FALSE) -> #N/A | L52: {=XLOOKUP($E52,'Player Database'!$B$2:$B758,'Player Database'!$W$2:$W758)} -> #N/A | M52: =CONCATENATE(O52," - ",P52) -> 0 - 0 | N52: {=IF(XLOOKUP($E52,'Player Database'!$B$2:$B758,'Player Database'!$AA$2:$AA758)="",XLOOKUP($E52,'Player Database'!$B$2:$B758,'Player Database'!$G$2:$G758),XLOOKUP($E52,'Player Database'!$B$2:$B758,'Player Database'!$AA$2:$AA758))} -> #N/A | O52: =COUNTIFs(Matches!$B:$B,E52,Matches!$A:$A,">"&Q52,Matches!$A:$A,"<"&R52) -> 0 | P52: =COUNTIFs(Matches!$C:$C,E52,Matches!$A:$A,">"&Q52,Matches!$A:$A,"<"&R52) -> 0 | Q52: =VLOOKUP($C$2,Quotas!$A$7:$E$14,2,FALSE) -> 46213.708 | R52: =VLOOKUP($C$2,Quotas!$A$7:$E$14,3,FALSE) -> 46220.708
A53: {=XLOOKUP($E53,'Player Database'!$B$2:$B758,'Player Database'!$C$2:$C758)} -> #N/A | B53: {=XLOOKUP($E53,'Player Database'!$B$2:$B758,'Player Database'!$E$2:$E758)} -> #N/A | C53: {=XLOOKUP($E53,'Player Database'!$B$2:$B758,'Player Database'!$F$2:$F758)} -> #N/A | D53: =IFERROR(__xludf.DUMMYFUNCTION("""COMPUTED_VALUE"""),1.0) -> 1 | F53: {=XLOOKUP($E53,'Player Database'!$B$2:$B758,'Player Database'!$K$2:$K758)} -> #N/A | G53: {=XLOOKUP($E53,'Player Database'!$B$2:$B758,'Player Database'!$H$2:$H758)} -> #N/A | H53: {=XLOOKUP($E53,'Player Database'!$B$2:$B758,'Player Database'!$O$2:$O758)} -> #N/A | I53: {=XLOOKUP($E53,'Player Database'!$B$2:$B758,'Player Database'!$P$2:$P758)} -> #N/A | J53: {=XLOOKUP($E53,'Player Database'!$B$2:$B758,'Player Database'!$U$2:$U758)} -> #N/A | K53: =VLOOKUP(E53, 'Player Database'!B:AE, 30, FALSE) -> #N/A | L53: {=XLOOKUP($E53,'Player Database'!$B$2:$B758,'Player Database'!$W$2:$W758)} -> #N/A | M53: =CONCATENATE(O53," - ",P53) -> 0 - 0 | N53: {=IF(XLOOKUP($E53,'Player Database'!$B$2:$B758,'Player Database'!$AA$2:$AA758)="",XLOOKUP($E53,'Player Database'!$B$2:$B758,'Player Database'!$G$2:$G758),XLOOKUP($E53,'Player Database'!$B$2:$B758,'Player Database'!$AA$2:$AA758))} -> #N/A | O53: =COUNTIFs(Matches!$B:$B,E53,Matches!$A:$A,">"&Q53,Matches!$A:$A,"<"&R53) -> 0 | P53: =COUNTIFs(Matches!$C:$C,E53,Matches!$A:$A,">"&Q53,Matches!$A:$A,"<"&R53) -> 0 | Q53: =VLOOKUP($C$2,Quotas!$A$7:$E$14,2,FALSE) -> 46213.708 | R53: =VLOOKUP($C$2,Quotas!$A$7:$E$14,3,FALSE) -> 46220.708
A54: {=XLOOKUP($E54,'Player Database'!$B$2:$B758,'Player Database'!$C$2:$C758)} -> #N/A | B54: {=XLOOKUP($E54,'Player Database'!$B$2:$B758,'Player Database'!$E$2:$E758)} -> #N/A | C54: {=XLOOKUP($E54,'Player Database'!$B$2:$B758,'Player Database'!$F$2:$F758)} -> #N/A | D54: =IFERROR(__xludf.DUMMYFUNCTION("""COMPUTED_VALUE"""),1.0) -> 1 | F54: {=XLOOKUP($E54,'Player Database'!$B$2:$B758,'Player Database'!$K$2:$K758)} -> #N/A | G54: {=XLOOKUP($E54,'Player Database'!$B$2:$B758,'Player Database'!$H$2:$H758)} -> #N/A | H54: {=XLOOKUP($E54,'Player Database'!$B$2:$B758,'Player Database'!$O$2:$O758)} -> #N/A | I54: {=XLOOKUP($E54,'Player Database'!$B$2:$B758,'Player Database'!$P$2:$P758)} -> #N/A | J54: {=XLOOKUP($E54,'Player Database'!$B$2:$B758,'Player Database'!$U$2:$U758)} -> #N/A | K54: =VLOOKUP(E54, 'Player Database'!B:AE, 30, FALSE) -> #N/A | L54: {=XLOOKUP($E54,'Player Database'!$B$2:$B758,'Player Database'!$W$2:$W758)} -> #N/A | M54: =CONCATENATE(O54," - ",P54) -> 0 - 0 | N54: {=IF(XLOOKUP($E54,'Player Database'!$B$2:$B758,'Player Database'!$AA$2:$AA758)="",XLOOKUP($E54,'Player Database'!$B$2:$B758,'Player Database'!$G$2:$G758),XLOOKUP($E54,'Player Database'!$B$2:$B758,'Player Database'!$AA$2:$AA758))} -> #N/A | O54: =COUNTIFs(Matches!$B:$B,E54,Matches!$A:$A,">"&Q54,Matches!$A:$A,"<"&R54) -> 0 | P54: =COUNTIFs(Matches!$C:$C,E54,Matches!$A:$A,">"&Q54,Matches!$A:$A,"<"&R54) -> 0 | Q54: =VLOOKUP($C$2,Quotas!$A$7:$E$14,2,FALSE) -> 46213.708 | R54: =VLOOKUP($C$2,Quotas!$A$7:$E$14,3,FALSE) -> 46220.708
A55: {=XLOOKUP($E55,'Player Database'!$B$2:$B758,'Player Database'!$C$2:$C758)} -> #N/A | B55: {=XLOOKUP($E55,'Player Database'!$B$2:$B758,'Player Database'!$E$2:$E758)} -> #N/A | C55: {=XLOOKUP($E55,'Player Database'!$B$2:$B758,'Player Database'!$F$2:$F758)} -> #N/A | D55: =IFERROR(__xludf.DUMMYFUNCTION("""COMPUTED_VALUE"""),1.0) -> 1 | F55: {=XLOOKUP($E55,'Player Database'!$B$2:$B758,'Player Database'!$K$2:$K758)} -> #N/A | G55: {=XLOOKUP($E55,'Player Database'!$B$2:$B758,'Player Database'!$H$2:$H758)} -> #N/A | H55: {=XLOOKUP($E55,'Player Database'!$B$2:$B758,'Player Database'!$O$2:$O758)} -> #N/A | I55: {=XLOOKUP($E55,'Player Database'!$B$2:$B758,'Player Database'!$P$2:$P758)} -> #N/A | J55: {=XLOOKUP($E55,'Player Database'!$B$2:$B758,'Player Database'!$U$2:$U758)} -> #N/A | K55: =VLOOKUP(E55, 'Player Database'!B:AE, 30, FALSE) -> #N/A | L55: {=XLOOKUP($E55,'Player Database'!$B$2:$B758,'Player Database'!$W$2:$W758)} -> #N/A | M55: =CONCATENATE(O55," - ",P55) -> 0 - 0 | N55: {=IF(XLOOKUP($E55,'Player Database'!$B$2:$B758,'Player Database'!$AA$2:$AA758)="",XLOOKUP($E55,'Player Database'!$B$2:$B758,'Player Database'!$G$2:$G758),XLOOKUP($E55,'Player Database'!$B$2:$B758,'Player Database'!$AA$2:$AA758))} -> #N/A | O55: =COUNTIFs(Matches!$B:$B,E55,Matches!$A:$A,">"&Q55,Matches!$A:$A,"<"&R55) -> 0 | P55: =COUNTIFs(Matches!$C:$C,E55,Matches!$A:$A,">"&Q55,Matches!$A:$A,"<"&R55) -> 0 | Q55: =VLOOKUP($C$2,Quotas!$A$7:$E$14,2,FALSE) -> 46213.708 | R55: =VLOOKUP($C$2,Quotas!$A$7:$E$14,3,FALSE) -> 46220.708
A56: {=XLOOKUP($E56,'Player Database'!$B$2:$B758,'Player Database'!$C$2:$C758)} -> #N/A | B56: {=XLOOKUP($E56,'Player Database'!$B$2:$B758,'Player Database'!$E$2:$E758)} -> #N/A | C56: {=XLOOKUP($E56,'Player Database'!$B$2:$B758,'Player Database'!$F$2:$F758)} -> #N/A | D56: =IFERROR(__xludf.DUMMYFUNCTION("""COMPUTED_VALUE"""),1.0) -> 1 | F56: {=XLOOKUP($E56,'Player Database'!$B$2:$B758,'Player Database'!$K$2:$K758)} -> #N/A | G56: {=XLOOKUP($E56,'Player Database'!$B$2:$B758,'Player Database'!$H$2:$H758)} -> #N/A | H56: {=XLOOKUP($E56,'Player Database'!$B$2:$B758,'Player Database'!$O$2:$O758)} -> #N/A | I56: {=XLOOKUP($E56,'Player Database'!$B$2:$B758,'Player Database'!$P$2:$P758)} -> #N/A | J56: {=XLOOKUP($E56,'Player Database'!$B$2:$B758,'Player Database'!$U$2:$U758)} -> #N/A | K56: =VLOOKUP(E56, 'Player Database'!B:AE, 30, FALSE) -> #N/A | L56: {=XLOOKUP($E56,'Player Database'!$B$2:$B758,'Player Database'!$W$2:$W758)} -> #N/A | M56: =CONCATENATE(O56," - ",P56) -> 0 - 0 | N56: {=IF(XLOOKUP($E56,'Player Database'!$B$2:$B758,'Player Database'!$AA$2:$AA758)="",XLOOKUP($E56,'Player Database'!$B$2:$B758,'Player Database'!$G$2:$G758),XLOOKUP($E56,'Player Database'!$B$2:$B758,'Player Database'!$AA$2:$AA758))} -> #N/A | O56: =COUNTIFs(Matches!$B:$B,E56,Matches!$A:$A,">"&Q56,Matches!$A:$A,"<"&R56) -> 0 | P56: =COUNTIFs(Matches!$C:$C,E56,Matches!$A:$A,">"&Q56,Matches!$A:$A,"<"&R56) -> 0 | Q56: =VLOOKUP($C$2,Quotas!$A$7:$E$14,2,FALSE) -> 46213.708 | R56: =VLOOKUP($C$2,Quotas!$A$7:$E$14,3,FALSE) -> 46220.708
A57: {=XLOOKUP($E57,'Player Database'!$B$2:$B758,'Player Database'!$C$2:$C758)} -> #N/A | B57: {=XLOOKUP($E57,'Player Database'!$B$2:$B758,'Player Database'!$E$2:$E758)} -> #N/A | C57: {=XLOOKUP($E57,'Player Database'!$B$2:$B758,'Player Database'!$F$2:$F758)} -> #N/A | D57: =IFERROR(__xludf.DUMMYFUNCTION("""COMPUTED_VALUE"""),1.0) -> 1 | F57: {=XLOOKUP($E57,'Player Database'!$B$2:$B758,'Player Database'!$K$2:$K758)} -> #N/A | G57: {=XLOOKUP($E57,'Player Database'!$B$2:$B758,'Player Database'!$H$2:$H758)} -> #N/A | H57: {=XLOOKUP($E57,'Player Database'!$B$2:$B758,'Player Database'!$O$2:$O758)} -> #N/A | I57: {=XLOOKUP($E57,'Player Database'!$B$2:$B758,'Player Database'!$P$2:$P758)} -> #N/A | J57: {=XLOOKUP($E57,'Player Database'!$B$2:$B758,'Player Database'!$U$2:$U758)} -> #N/A | K57: =VLOOKUP(E57, 'Player Database'!B:AE, 30, FALSE) -> #N/A | L57: {=XLOOKUP($E57,'Player Database'!$B$2:$B758,'Player Database'!$W$2:$W758)} -> #N/A | M57: =CONCATENATE(O57," - ",P57) -> 0 - 0 | N57: {=IF(XLOOKUP($E57,'Player Database'!$B$2:$B758,'Player Database'!$AA$2:$AA758)="",XLOOKUP($E57,'Player Database'!$B$2:$B758,'Player Database'!$G$2:$G758),XLOOKUP($E57,'Player Database'!$B$2:$B758,'Player Database'!$AA$2:$AA758))} -> #N/A | O57: =COUNTIFs(Matches!$B:$B,E57,Matches!$A:$A,">"&Q57,Matches!$A:$A,"<"&R57) -> 0 | P57: =COUNTIFs(Matches!$C:$C,E57,Matches!$A:$A,">"&Q57,Matches!$A:$A,"<"&R57) -> 0 | Q57: =VLOOKUP($C$2,Quotas!$A$7:$E$14,2,FALSE) -> 46213.708 | R57: =VLOOKUP($C$2,Quotas!$A$7:$E$14,3,FALSE) -> 46220.708
A58: {=XLOOKUP($E58,'Player Database'!$B$2:$B758,'Player Database'!$C$2:$C758)} -> #N/A | B58: {=XLOOKUP($E58,'Player Database'!$B$2:$B758,'Player Database'!$E$2:$E758)} -> #N/A | C58: {=XLOOKUP($E58,'Player Database'!$B$2:$B758,'Player Database'!$F$2:$F758)} -> #N/A | D58: =IFERROR(__xludf.DUMMYFUNCTION("""COMPUTED_VALUE"""),1.0) -> 1 | F58: {=XLOOKUP($E58,'Player Database'!$B$2:$B758,'Player Database'!$K$2:$K758)} -> #N/A | G58: {=XLOOKUP($E58,'Player Database'!$B$2:$B758,'Player Database'!$H$2:$H758)} -> #N/A | H58: {=XLOOKUP($E58,'Player Database'!$B$2:$B758,'Player Database'!$O$2:$O758)} -> #N/A | I58: {=XLOOKUP($E58,'Player Database'!$B$2:$B758,'Player Database'!$P$2:$P758)} -> #N/A | J58: {=XLOOKUP($E58,'Player Database'!$B$2:$B758,'Player Database'!$U$2:$U758)} -> #N/A | K58: =VLOOKUP(E58, 'Player Database'!B:AE, 30, FALSE) -> #N/A | L58: {=XLOOKUP($E58,'Player Database'!$B$2:$B758,'Player Database'!$W$2:$W758)} -> #N/A | M58: =CONCATENATE(O58," - ",P58) -> 0 - 0 | N58: {=IF(XLOOKUP($E58,'Player Database'!$B$2:$B758,'Player Database'!$AA$2:$AA758)="",XLOOKUP($E58,'Player Database'!$B$2:$B758,'Player Database'!$G$2:$G758),XLOOKUP($E58,'Player Database'!$B$2:$B758,'Player Database'!$AA$2:$AA758))} -> #N/A | O58: =COUNTIFs(Matches!$B:$B,E58,Matches!$A:$A,">"&Q58,Matches!$A:$A,"<"&R58) -> 0 | P58: =COUNTIFs(Matches!$C:$C,E58,Matches!$A:$A,">"&Q58,Matches!$A:$A,"<"&R58) -> 0 | Q58: =VLOOKUP($C$2,Quotas!$A$7:$E$14,2,FALSE) -> 46213.708 | R58: =VLOOKUP($C$2,Quotas!$A$7:$E$14,3,FALSE) -> 46220.708
A59: {=XLOOKUP($E59,'Player Database'!$B$2:$B758,'Player Database'!$C$2:$C758)} -> #N/A | B59: {=XLOOKUP($E59,'Player Database'!$B$2:$B758,'Player Database'!$E$2:$E758)} -> #N/A | C59: {=XLOOKUP($E59,'Player Database'!$B$2:$B758,'Player Database'!$F$2:$F758)} -> #N/A | D59: =IFERROR(__xludf.DUMMYFUNCTION("""COMPUTED_VALUE"""),1.0) -> 1 | F59: {=XLOOKUP($E59,'Player Database'!$B$2:$B758,'Player Database'!$K$2:$K758)} -> #N/A | G59: {=XLOOKUP($E59,'Player Database'!$B$2:$B758,'Player Database'!$H$2:$H758)} -> #N/A | H59: {=XLOOKUP($E59,'Player Database'!$B$2:$B758,'Player Database'!$O$2:$O758)} -> #N/A | I59: {=XLOOKUP($E59,'Player Database'!$B$2:$B758,'Player Database'!$P$2:$P758)} -> #N/A | J59: {=XLOOKUP($E59,'Player Database'!$B$2:$B758,'Player Database'!$U$2:$U758)} -> #N/A | K59: =VLOOKUP(E59, 'Player Database'!B:AE, 30, FALSE) -> #N/A | L59: {=XLOOKUP($E59,'Player Database'!$B$2:$B758,'Player Database'!$W$2:$W758)} -> #N/A | M59: =CONCATENATE(O59," - ",P59) -> 0 - 0 | N59: {=IF(XLOOKUP($E59,'Player Database'!$B$2:$B758,'Player Database'!$AA$2:$AA758)="",XLOOKUP($E59,'Player Database'!$B$2:$B758,'Player Database'!$G$2:$G758),XLOOKUP($E59,'Player Database'!$B$2:$B758,'Player Database'!$AA$2:$AA758))} -> #N/A | O59: =COUNTIFs(Matches!$B:$B,E59,Matches!$A:$A,">"&Q59,Matches!$A:$A,"<"&R59) -> 0 | P59: =COUNTIFs(Matches!$C:$C,E59,Matches!$A:$A,">"&Q59,Matches!$A:$A,"<"&R59) -> 0 | Q59: =VLOOKUP($C$2,Quotas!$A$7:$E$14,2,FALSE) -> 46213.708 | R59: =VLOOKUP($C$2,Quotas!$A$7:$E$14,3,FALSE) -> 46220.708
A60: {=XLOOKUP($E60,'Player Database'!$B$2:$B758,'Player Database'!$C$2:$C758)} -> #N/A | B60: {=XLOOKUP($E60,'Player Database'!$B$2:$B758,'Player Database'!$E$2:$E758)} -> #N/A | C60: {=XLOOKUP($E60,'Player Database'!$B$2:$B758,'Player Database'!$F$2:$F758)} -> #N/A | D60: =IFERROR(__xludf.DUMMYFUNCTION("""COMPUTED_VALUE"""),1.0) -> 1 | F60: {=XLOOKUP($E60,'Player Database'!$B$2:$B758,'Player Database'!$K$2:$K758)} -> #N/A | G60: {=XLOOKUP($E60,'Player Database'!$B$2:$B758,'Player Database'!$H$2:$H758)} -> #N/A | H60: {=XLOOKUP($E60,'Player Database'!$B$2:$B758,'Player Database'!$O$2:$O758)} -> #N/A | I60: {=XLOOKUP($E60,'Player Database'!$B$2:$B758,'Player Database'!$P$2:$P758)} -> #N/A | J60: {=XLOOKUP($E60,'Player Database'!$B$2:$B758,'Player Database'!$U$2:$U758)} -> #N/A | K60: =VLOOKUP(E60, 'Player Database'!B:AE, 30, FALSE) -> #N/A | L60: {=XLOOKUP($E60,'Player Database'!$B$2:$B758,'Player Database'!$W$2:$W758)} -> #N/A | M60: =CONCATENATE(O60," - ",P60) -> 0 - 0 | N60: {=IF(XLOOKUP($E60,'Player Database'!$B$2:$B758,'Player Database'!$AA$2:$AA758)="",XLOOKUP($E60,'Player Database'!$B$2:$B758,'Player Database'!$G$2:$G758),XLOOKUP($E60,'Player Database'!$B$2:$B758,'Player Database'!$AA$2:$AA758))} -> #N/A | O60: =COUNTIFs(Matches!$B:$B,E60,Matches!$A:$A,">"&Q60,Matches!$A:$A,"<"&R60) -> 0 | P60: =COUNTIFs(Matches!$C:$C,E60,Matches!$A:$A,">"&Q60,Matches!$A:$A,"<"&R60) -> 0 | Q60: =VLOOKUP($C$2,Quotas!$A$7:$E$14,2,FALSE) -> 46213.708 | R60: =VLOOKUP($C$2,Quotas!$A$7:$E$14,3,FALSE) -> 46220.708
A61: {=XLOOKUP($E61,'Player Database'!$B$2:$B758,'Player Database'!$C$2:$C758)} -> #N/A | B61: {=XLOOKUP($E61,'Player Database'!$B$2:$B758,'Player Database'!$E$2:$E758)} -> #N/A | C61: {=XLOOKUP($E61,'Player Database'!$B$2:$B758,'Player Database'!$F$2:$F758)} -> #N/A | D61: =IFERROR(__xludf.DUMMYFUNCTION("""COMPUTED_VALUE"""),1.0) -> 1 | F61: {=XLOOKUP($E61,'Player Database'!$B$2:$B758,'Player Database'!$K$2:$K758)} -> #N/A | G61: {=XLOOKUP($E61,'Player Database'!$B$2:$B758,'Player Database'!$H$2:$H758)} -> #N/A | H61: {=XLOOKUP($E61,'Player Database'!$B$2:$B758,'Player Database'!$O$2:$O758)} -> #N/A | I61: {=XLOOKUP($E61,'Player Database'!$B$2:$B758,'Player Database'!$P$2:$P758)} -> #N/A | J61: {=XLOOKUP($E61,'Player Database'!$B$2:$B758,'Player Database'!$U$2:$U758)} -> #N/A | K61: =VLOOKUP(E61, 'Player Database'!B:AE, 30, FALSE) -> #N/A | L61: {=XLOOKUP($E61,'Player Database'!$B$2:$B758,'Player Database'!$W$2:$W758)} -> #N/A | M61: =CONCATENATE(O61," - ",P61) -> 0 - 0 | N61: {=IF(XLOOKUP($E61,'Player Database'!$B$2:$B758,'Player Database'!$AA$2:$AA758)="",XLOOKUP($E61,'Player Database'!$B$2:$B758,'Player Database'!$G$2:$G758),XLOOKUP($E61,'Player Database'!$B$2:$B758,'Player Database'!$AA$2:$AA758))} -> #N/A | O61: =COUNTIFs(Matches!$B:$B,E61,Matches!$A:$A,">"&Q61,Matches!$A:$A,"<"&R61) -> 0 | P61: =COUNTIFs(Matches!$C:$C,E61,Matches!$A:$A,">"&Q61,Matches!$A:$A,"<"&R61) -> 0 | Q61: =VLOOKUP($C$2,Quotas!$A$7:$E$14,2,FALSE) -> 46213.708 | R61: =VLOOKUP($C$2,Quotas!$A$7:$E$14,3,FALSE) -> 46220.708
A62: {=XLOOKUP($E62,'Player Database'!$B$2:$B758,'Player Database'!$C$2:$C758)} -> #N/A | B62: {=XLOOKUP($E62,'Player Database'!$B$2:$B758,'Player Database'!$E$2:$E758)} -> #N/A | C62: {=XLOOKUP($E62,'Player Database'!$B$2:$B758,'Player Database'!$F$2:$F758)} -> #N/A | D62: =IFERROR(__xludf.DUMMYFUNCTION("""COMPUTED_VALUE"""),1.0) -> 1 | F62: {=XLOOKUP($E62,'Player Database'!$B$2:$B758,'Player Database'!$K$2:$K758)} -> #N/A | G62: {=XLOOKUP($E62,'Player Database'!$B$2:$B758,'Player Database'!$H$2:$H758)} -> #N/A | H62: {=XLOOKUP($E62,'Player Database'!$B$2:$B758,'Player Database'!$O$2:$O758)} -> #N/A | I62: {=XLOOKUP($E62,'Player Database'!$B$2:$B758,'Player Database'!$P$2:$P758)} -> #N/A | J62: {=XLOOKUP($E62,'Player Database'!$B$2:$B758,'Player Database'!$U$2:$U758)} -> #N/A | K62: =VLOOKUP(E62, 'Player Database'!B:AE, 30, FALSE) -> #N/A | L62: {=XLOOKUP($E62,'Player Database'!$B$2:$B758,'Player Database'!$W$2:$W758)} -> #N/A | M62: =CONCATENATE(O62," - ",P62) -> 0 - 0 | N62: {=IF(XLOOKUP($E62,'Player Database'!$B$2:$B758,'Player Database'!$AA$2:$AA758)="",XLOOKUP($E62,'Player Database'!$B$2:$B758,'Player Database'!$G$2:$G758),XLOOKUP($E62,'Player Database'!$B$2:$B758,'Player Database'!$AA$2:$AA758))} -> #N/A | O62: =COUNTIFs(Matches!$B:$B,E62,Matches!$A:$A,">"&Q62,Matches!$A:$A,"<"&R62) -> 0 | P62: =COUNTIFs(Matches!$C:$C,E62,Matches!$A:$A,">"&Q62,Matches!$A:$A,"<"&R62) -> 0 | Q62: =VLOOKUP($C$2,Quotas!$A$7:$E$14,2,FALSE) -> 46213.708 | R62: =VLOOKUP($C$2,Quotas!$A$7:$E$14,3,FALSE) -> 46220.708
A63: {=XLOOKUP($E63,'Player Database'!$B$2:$B758,'Player Database'!$C$2:$C758)} -> #N/A | B63: {=XLOOKUP($E63,'Player Database'!$B$2:$B758,'Player Database'!$E$2:$E758)} -> #N/A | C63: {=XLOOKUP($E63,'Player Database'!$B$2:$B758,'Player Database'!$F$2:$F758)} -> #N/A | D63: =IFERROR(__xludf.DUMMYFUNCTION("""COMPUTED_VALUE"""),1.0) -> 1 | F63: {=XLOOKUP($E63,'Player Database'!$B$2:$B758,'Player Database'!$K$2:$K758)} -> #N/A | G63: {=XLOOKUP($E63,'Player Database'!$B$2:$B758,'Player Database'!$H$2:$H758)} -> #N/A | H63: {=XLOOKUP($E63,'Player Database'!$B$2:$B758,'Player Database'!$O$2:$O758)} -> #N/A | I63: {=XLOOKUP($E63,'Player Database'!$B$2:$B758,'Player Database'!$P$2:$P758)} -> #N/A | J63: {=XLOOKUP($E63,'Player Database'!$B$2:$B758,'Player Database'!$U$2:$U758)} -> #N/A | K63: =VLOOKUP(E63, 'Player Database'!B:AE, 30, FALSE) -> #N/A | L63: {=XLOOKUP($E63,'Player Database'!$B$2:$B758,'Player Database'!$W$2:$W758)} -> #N/A | M63: =CONCATENATE(O63," - ",P63) -> 0 - 0 | N63: {=IF(XLOOKUP($E63,'Player Database'!$B$2:$B758,'Player Database'!$AA$2:$AA758)="",XLOOKUP($E63,'Player Database'!$B$2:$B758,'Player Database'!$G$2:$G758),XLOOKUP($E63,'Player Database'!$B$2:$B758,'Player Database'!$AA$2:$AA758))} -> #N/A | O63: =COUNTIFs(Matches!$B:$B,E63,Matches!$A:$A,">"&Q63,Matches!$A:$A,"<"&R63) -> 0 | P63: =COUNTIFs(Matches!$C:$C,E63,Matches!$A:$A,">"&Q63,Matches!$A:$A,"<"&R63) -> 0 | Q63: =VLOOKUP($C$2,Quotas!$A$7:$E$14,2,FALSE) -> 46213.708 | R63: =VLOOKUP($C$2,Quotas!$A$7:$E$14,3,FALSE) -> 46220.708
A64: {=XLOOKUP($E64,'Player Database'!$B$2:$B758,'Player Database'!$C$2:$C758)} -> #N/A | B64: {=XLOOKUP($E64,'Player Database'!$B$2:$B758,'Player Database'!$E$2:$E758)} -> #N/A | C64: {=XLOOKUP($E64,'Player Database'!$B$2:$B758,'Player Database'!$F$2:$F758)} -> #N/A | D64: =IFERROR(__xludf.DUMMYFUNCTION("""COMPUTED_VALUE"""),1.0) -> 1 | F64: {=XLOOKUP($E64,'Player Database'!$B$2:$B758,'Player Database'!$K$2:$K758)} -> #N/A | G64: {=XLOOKUP($E64,'Player Database'!$B$2:$B758,'Player Database'!$H$2:$H758)} -> #N/A | H64: {=XLOOKUP($E64,'Player Database'!$B$2:$B758,'Player Database'!$O$2:$O758)} -> #N/A | I64: {=XLOOKUP($E64,'Player Database'!$B$2:$B758,'Player Database'!$P$2:$P758)} -> #N/A | J64: {=XLOOKUP($E64,'Player Database'!$B$2:$B758,'Player Database'!$U$2:$U758)} -> #N/A | K64: =VLOOKUP(E64, 'Player Database'!B:AE, 30, FALSE) -> #N/A | L64: {=XLOOKUP($E64,'Player Database'!$B$2:$B758,'Player Database'!$W$2:$W758)} -> #N/A | M64: =CONCATENATE(O64," - ",P64) -> 0 - 0 | N64: {=IF(XLOOKUP($E64,'Player Database'!$B$2:$B758,'Player Database'!$AA$2:$AA758)="",XLOOKUP($E64,'Player Database'!$B$2:$B758,'Player Database'!$G$2:$G758),XLOOKUP($E64,'Player Database'!$B$2:$B758,'Player Database'!$AA$2:$AA758))} -> #N/A | O64: =COUNTIFs(Matches!$B:$B,E64,Matches!$A:$A,">"&Q64,Matches!$A:$A,"<"&R64) -> 0 | P64: =COUNTIFs(Matches!$C:$C,E64,Matches!$A:$A,">"&Q64,Matches!$A:$A,"<"&R64) -> 0 | Q64: =VLOOKUP($C$2,Quotas!$A$7:$E$14,2,FALSE) -> 46213.708 | R64: =VLOOKUP($C$2,Quotas!$A$7:$E$14,3,FALSE) -> 46220.708
A65: {=XLOOKUP($E65,'Player Database'!$B$2:$B758,'Player Database'!$C$2:$C758)} -> #N/A | B65: {=XLOOKUP($E65,'Player Database'!$B$2:$B758,'Player Database'!$E$2:$E758)} -> #N/A | C65: {=XLOOKUP($E65,'Player Database'!$B$2:$B758,'Player Database'!$F$2:$F758)} -> #N/A | D65: =IFERROR(__xludf.DUMMYFUNCTION("""COMPUTED_VALUE"""),1.0) -> 1 | F65: {=XLOOKUP($E65,'Player Database'!$B$2:$B758,'Player Database'!$K$2:$K758)} -> #N/A | G65: {=XLOOKUP($E65,'Player Database'!$B$2:$B758,'Player Database'!$H$2:$H758)} -> #N/A | H65: {=XLOOKUP($E65,'Player Database'!$B$2:$B758,'Player Database'!$O$2:$O758)} -> #N/A | I65: {=XLOOKUP($E65,'Player Database'!$B$2:$B758,'Player Database'!$P$2:$P758)} -> #N/A | J65: {=XLOOKUP($E65,'Player Database'!$B$2:$B758,'Player Database'!$U$2:$U758)} -> #N/A | K65: =VLOOKUP(E65, 'Player Database'!B:AE, 30, FALSE) -> #N/A | L65: {=XLOOKUP($E65,'Player Database'!$B$2:$B758,'Player Database'!$W$2:$W758)} -> #N/A | M65: =CONCATENATE(O65," - ",P65) -> 0 - 0 | N65: {=IF(XLOOKUP($E65,'Player Database'!$B$2:$B758,'Player Database'!$AA$2:$AA758)="",XLOOKUP($E65,'Player Database'!$B$2:$B758,'Player Database'!$G$2:$G758),XLOOKUP($E65,'Player Database'!$B$2:$B758,'Player Database'!$AA$2:$AA758))} -> #N/A | O65: =COUNTIFs(Matches!$B:$B,E65,Matches!$A:$A,">"&Q65,Matches!$A:$A,"<"&R65) -> 0 | P65: =COUNTIFs(Matches!$C:$C,E65,Matches!$A:$A,">"&Q65,Matches!$A:$A,"<"&R65) -> 0 | Q65: =VLOOKUP($C$2,Quotas!$A$7:$E$14,2,FALSE) -> 46213.708 | R65: =VLOOKUP($C$2,Quotas!$A$7:$E$14,3,FALSE) -> 46220.708
A66: {=XLOOKUP($E66,'Player Database'!$B$2:$B758,'Player Database'!$C$2:$C758)} -> #N/A | B66: {=XLOOKUP($E66,'Player Database'!$B$2:$B758,'Player Database'!$E$2:$E758)} -> #N/A | C66: {=XLOOKUP($E66,'Player Database'!$B$2:$B758,'Player Database'!$F$2:$F758)} -> #N/A | D66: =IFERROR(__xludf.DUMMYFUNCTION("""COMPUTED_VALUE"""),1.0) -> 1 | F66: {=XLOOKUP($E66,'Player Database'!$B$2:$B758,'Player Database'!$K$2:$K758)} -> #N/A | G66: {=XLOOKUP($E66,'Player Database'!$B$2:$B758,'Player Database'!$H$2:$H758)} -> #N/A | H66: {=XLOOKUP($E66,'Player Database'!$B$2:$B758,'Player Database'!$O$2:$O758)} -> #N/A | I66: {=XLOOKUP($E66,'Player Database'!$B$2:$B758,'Player Database'!$P$2:$P758)} -> #N/A | J66: {=XLOOKUP($E66,'Player Database'!$B$2:$B758,'Player Database'!$U$2:$U758)} -> #N/A | K66: =VLOOKUP(E66, 'Player Database'!B:AE, 30, FALSE) -> #N/A | L66: {=XLOOKUP($E66,'Player Database'!$B$2:$B758,'Player Database'!$W$2:$W758)} -> #N/A | M66: =CONCATENATE(O66," - ",P66) -> 0 - 0 | N66: {=IF(XLOOKUP($E66,'Player Database'!$B$2:$B758,'Player Database'!$AA$2:$AA758)="",XLOOKUP($E66,'Player Database'!$B$2:$B758,'Player Database'!$G$2:$G758),XLOOKUP($E66,'Player Database'!$B$2:$B758,'Player Database'!$AA$2:$AA758))} -> #N/A | O66: =COUNTIFs(Matches!$B:$B,E66,Matches!$A:$A,">"&Q66,Matches!$A:$A,"<"&R66) -> 0 | P66: =COUNTIFs(Matches!$C:$C,E66,Matches!$A:$A,">"&Q66,Matches!$A:$A,"<"&R66) -> 0 | Q66: =VLOOKUP($C$2,Quotas!$A$7:$E$14,2,FALSE) -> 46213.708 | R66: =VLOOKUP($C$2,Quotas!$A$7:$E$14,3,FALSE) -> 46220.708
A67: {=XLOOKUP($E67,'Player Database'!$B$2:$B758,'Player Database'!$C$2:$C758)} -> #N/A | B67: {=XLOOKUP($E67,'Player Database'!$B$2:$B758,'Player Database'!$E$2:$E758)} -> #N/A | C67: {=XLOOKUP($E67,'Player Database'!$B$2:$B758,'Player Database'!$F$2:$F758)} -> #N/A | D67: =IFERROR(__xludf.DUMMYFUNCTION("""COMPUTED_VALUE"""),1.0) -> 1 | F67: {=XLOOKUP($E67,'Player Database'!$B$2:$B758,'Player Database'!$K$2:$K758)} -> #N/A | G67: {=XLOOKUP($E67,'Player Database'!$B$2:$B758,'Player Database'!$H$2:$H758)} -> #N/A | H67: {=XLOOKUP($E67,'Player Database'!$B$2:$B758,'Player Database'!$O$2:$O758)} -> #N/A | I67: {=XLOOKUP($E67,'Player Database'!$B$2:$B758,'Player Database'!$P$2:$P758)} -> #N/A | J67: {=XLOOKUP($E67,'Player Database'!$B$2:$B758,'Player Database'!$U$2:$U758)} -> #N/A | K67: =VLOOKUP(E67, 'Player Database'!B:AE, 30, FALSE) -> #N/A | L67: {=XLOOKUP($E67,'Player Database'!$B$2:$B758,'Player Database'!$W$2:$W758)} -> #N/A | M67: =CONCATENATE(O67," - ",P67) -> 0 - 0 | N67: {=IF(XLOOKUP($E67,'Player Database'!$B$2:$B758,'Player Database'!$AA$2:$AA758)="",XLOOKUP($E67,'Player Database'!$B$2:$B758,'Player Database'!$G$2:$G758),XLOOKUP($E67,'Player Database'!$B$2:$B758,'Player Database'!$AA$2:$AA758))} -> #N/A | O67: =COUNTIFs(Matches!$B:$B,E67,Matches!$A:$A,">"&Q67,Matches!$A:$A,"<"&R67) -> 0 | P67: =COUNTIFs(Matches!$C:$C,E67,Matches!$A:$A,">"&Q67,Matches!$A:$A,"<"&R67) -> 0 | Q67: =VLOOKUP($C$2,Quotas!$A$7:$E$14,2,FALSE) -> 46213.708 | R67: =VLOOKUP($C$2,Quotas!$A$7:$E$14,3,FALSE) -> 46220.708
A68: {=XLOOKUP($E68,'Player Database'!$B$2:$B758,'Player Database'!$C$2:$C758)} -> #N/A | B68: {=XLOOKUP($E68,'Player Database'!$B$2:$B758,'Player Database'!$E$2:$E758)} -> #N/A | C68: {=XLOOKUP($E68,'Player Database'!$B$2:$B758,'Player Database'!$F$2:$F758)} -> #N/A | D68: =IFERROR(__xludf.DUMMYFUNCTION("""COMPUTED_VALUE"""),1.0) -> 1 | F68: {=XLOOKUP($E68,'Player Database'!$B$2:$B758,'Player Database'!$K$2:$K758)} -> #N/A | G68: {=XLOOKUP($E68,'Player Database'!$B$2:$B758,'Player Database'!$H$2:$H758)} -> #N/A | H68: {=XLOOKUP($E68,'Player Database'!$B$2:$B758,'Player Database'!$O$2:$O758)} -> #N/A | I68: {=XLOOKUP($E68,'Player Database'!$B$2:$B758,'Player Database'!$P$2:$P758)} -> #N/A | J68: {=XLOOKUP($E68,'Player Database'!$B$2:$B758,'Player Database'!$U$2:$U758)} -> #N/A | K68: =VLOOKUP(E68, 'Player Database'!B:AE, 30, FALSE) -> #N/A | L68: {=XLOOKUP($E68,'Player Database'!$B$2:$B758,'Player Database'!$W$2:$W758)} -> #N/A | M68: =CONCATENATE(O68," - ",P68) -> 0 - 0 | N68: {=IF(XLOOKUP($E68,'Player Database'!$B$2:$B758,'Player Database'!$AA$2:$AA758)="",XLOOKUP($E68,'Player Database'!$B$2:$B758,'Player Database'!$G$2:$G758),XLOOKUP($E68,'Player Database'!$B$2:$B758,'Player Database'!$AA$2:$AA758))} -> #N/A | O68: =COUNTIFs(Matches!$B:$B,E68,Matches!$A:$A,">"&Q68,Matches!$A:$A,"<"&R68) -> 0 | P68: =COUNTIFs(Matches!$C:$C,E68,Matches!$A:$A,">"&Q68,Matches!$A:$A,"<"&R68) -> 0 | Q68: =VLOOKUP($C$2,Quotas!$A$7:$E$14,2,FALSE) -> 46213.708 | R68: =VLOOKUP($C$2,Quotas!$A$7:$E$14,3,FALSE) -> 46220.708
A69: {=XLOOKUP($E69,'Player Database'!$B$2:$B758,'Player Database'!$C$2:$C758)} -> #N/A | B69: {=XLOOKUP($E69,'Player Database'!$B$2:$B758,'Player Database'!$E$2:$E758)} -> #N/A | C69: {=XLOOKUP($E69,'Player Database'!$B$2:$B758,'Player Database'!$F$2:$F758)} -> #N/A | D69: =IFERROR(__xludf.DUMMYFUNCTION("""COMPUTED_VALUE"""),1.0) -> 1 | F69: {=XLOOKUP($E69,'Player Database'!$B$2:$B758,'Player Database'!$K$2:$K758)} -> #N/A | G69: {=XLOOKUP($E69,'Player Database'!$B$2:$B758,'Player Database'!$H$2:$H758)} -> #N/A | H69: {=XLOOKUP($E69,'Player Database'!$B$2:$B758,'Player Database'!$O$2:$O758)} -> #N/A | I69: {=XLOOKUP($E69,'Player Database'!$B$2:$B758,'Player Database'!$P$2:$P758)} -> #N/A | J69: {=XLOOKUP($E69,'Player Database'!$B$2:$B758,'Player Database'!$U$2:$U758)} -> #N/A | K69: =VLOOKUP(E69, 'Player Database'!B:AE, 30, FALSE) -> #N/A | L69: {=XLOOKUP($E69,'Player Database'!$B$2:$B758,'Player Database'!$W$2:$W758)} -> #N/A | M69: =CONCATENATE(O69," - ",P69) -> 0 - 0 | N69: {=IF(XLOOKUP($E69,'Player Database'!$B$2:$B758,'Player Database'!$AA$2:$AA758)="",XLOOKUP($E69,'Player Database'!$B$2:$B758,'Player Database'!$G$2:$G758),XLOOKUP($E69,'Player Database'!$B$2:$B758,'Player Database'!$AA$2:$AA758))} -> #N/A | O69: =COUNTIFs(Matches!$B:$B,E69,Matches!$A:$A,">"&Q69,Matches!$A:$A,"<"&R69) -> 0 | P69: =COUNTIFs(Matches!$C:$C,E69,Matches!$A:$A,">"&Q69,Matches!$A:$A,"<"&R69) -> 0 | Q69: =VLOOKUP($C$2,Quotas!$A$7:$E$14,2,FALSE) -> 46213.708 | R69: =VLOOKUP($C$2,Quotas!$A$7:$E$14,3,FALSE) -> 46220.708
A70: {=XLOOKUP($E70,'Player Database'!$B$2:$B758,'Player Database'!$C$2:$C758)} -> #N/A | B70: {=XLOOKUP($E70,'Player Database'!$B$2:$B758,'Player Database'!$E$2:$E758)} -> #N/A | C70: {=XLOOKUP($E70,'Player Database'!$B$2:$B758,'Player Database'!$F$2:$F758)} -> #N/A | D70: =IFERROR(__xludf.DUMMYFUNCTION("""COMPUTED_VALUE"""),1.0) -> 1 | F70: {=XLOOKUP($E70,'Player Database'!$B$2:$B758,'Player Database'!$K$2:$K758)} -> #N/A | G70: {=XLOOKUP($E70,'Player Database'!$B$2:$B758,'Player Database'!$H$2:$H758)} -> #N/A | H70: {=XLOOKUP($E70,'Player Database'!$B$2:$B758,'Player Database'!$O$2:$O758)} -> #N/A | I70: {=XLOOKUP($E70,'Player Database'!$B$2:$B758,'Player Database'!$P$2:$P758)} -> #N/A | J70: {=XLOOKUP($E70,'Player Database'!$B$2:$B758,'Player Database'!$U$2:$U758)} -> #N/A | K70: =VLOOKUP(E70, 'Player Database'!B:AE, 30, FALSE) -> #N/A | L70: {=XLOOKUP($E70,'Player Database'!$B$2:$B758,'Player Database'!$W$2:$W758)} -> #N/A | M70: =CONCATENATE(O70," - ",P70) -> 0 - 0 | N70: {=IF(XLOOKUP($E70,'Player Database'!$B$2:$B758,'Player Database'!$AA$2:$AA758)="",XLOOKUP($E70,'Player Database'!$B$2:$B758,'Player Database'!$G$2:$G758),XLOOKUP($E70,'Player Database'!$B$2:$B758,'Player Database'!$AA$2:$AA758))} -> #N/A | O70: =COUNTIFs(Matches!$B:$B,E70,Matches!$A:$A,">"&Q70,Matches!$A:$A,"<"&R70) -> 0 | P70: =COUNTIFs(Matches!$C:$C,E70,Matches!$A:$A,">"&Q70,Matches!$A:$A,"<"&R70) -> 0 | Q70: =VLOOKUP($C$2,Quotas!$A$7:$E$14,2,FALSE) -> 46213.708 | R70: =VLOOKUP($C$2,Quotas!$A$7:$E$14,3,FALSE) -> 46220.708
A71: {=XLOOKUP($E71,'Player Database'!$B$2:$B758,'Player Database'!$C$2:$C758)} -> #N/A | B71: {=XLOOKUP($E71,'Player Database'!$B$2:$B758,'Player Database'!$E$2:$E758)} -> #N/A | C71: {=XLOOKUP($E71,'Player Database'!$B$2:$B758,'Player Database'!$F$2:$F758)} -> #N/A | D71: =IFERROR(__xludf.DUMMYFUNCTION("""COMPUTED_VALUE"""),1.0) -> 1 | F71: {=XLOOKUP($E71,'Player Database'!$B$2:$B758,'Player Database'!$K$2:$K758)} -> #N/A | G71: {=XLOOKUP($E71,'Player Database'!$B$2:$B758,'Player Database'!$H$2:$H758)} -> #N/A | H71: {=XLOOKUP($E71,'Player Database'!$B$2:$B758,'Player Database'!$O$2:$O758)} -> #N/A | I71: {=XLOOKUP($E71,'Player Database'!$B$2:$B758,'Player Database'!$P$2:$P758)} -> #N/A | J71: {=XLOOKUP($E71,'Player Database'!$B$2:$B758,'Player Database'!$U$2:$U758)} -> #N/A | K71: =VLOOKUP(E71, 'Player Database'!B:AE, 30, FALSE) -> #N/A | L71: {=XLOOKUP($E71,'Player Database'!$B$2:$B758,'Player Database'!$W$2:$W758)} -> #N/A | M71: =CONCATENATE(O71," - ",P71) -> 0 - 0 | N71: {=IF(XLOOKUP($E71,'Player Database'!$B$2:$B758,'Player Database'!$AA$2:$AA758)="",XLOOKUP($E71,'Player Database'!$B$2:$B758,'Player Database'!$G$2:$G758),XLOOKUP($E71,'Player Database'!$B$2:$B758,'Player Database'!$AA$2:$AA758))} -> #N/A | O71: =COUNTIFs(Matches!$B:$B,E71,Matches!$A:$A,">"&Q71,Matches!$A:$A,"<"&R71) -> 0 | P71: =COUNTIFs(Matches!$C:$C,E71,Matches!$A:$A,">"&Q71,Matches!$A:$A,"<"&R71) -> 0 | Q71: =VLOOKUP($C$2,Quotas!$A$7:$E$14,2,FALSE) -> 46213.708 | R71: =VLOOKUP($C$2,Quotas!$A$7:$E$14,3,FALSE) -> 46220.708
A72: {=XLOOKUP($E72,'Player Database'!$B$2:$B758,'Player Database'!$C$2:$C758)} -> #N/A | B72: {=XLOOKUP($E72,'Player Database'!$B$2:$B758,'Player Database'!$E$2:$E758)} -> #N/A | C72: {=XLOOKUP($E72,'Player Database'!$B$2:$B758,'Player Database'!$F$2:$F758)} -> #N/A | D72: =IFERROR(__xludf.DUMMYFUNCTION("""COMPUTED_VALUE"""),1.0) -> 1 | F72: {=XLOOKUP($E72,'Player Database'!$B$2:$B758,'Player Database'!$K$2:$K758)} -> #N/A | G72: {=XLOOKUP($E72,'Player Database'!$B$2:$B758,'Player Database'!$H$2:$H758)} -> #N/A | H72: {=XLOOKUP($E72,'Player Database'!$B$2:$B758,'Player Database'!$O$2:$O758)} -> #N/A | I72: {=XLOOKUP($E72,'Player Database'!$B$2:$B758,'Player Database'!$P$2:$P758)} -> #N/A | J72: {=XLOOKUP($E72,'Player Database'!$B$2:$B758,'Player Database'!$U$2:$U758)} -> #N/A | K72: =VLOOKUP(E72, 'Player Database'!B:AE, 30, FALSE) -> #N/A | L72: {=XLOOKUP($E72,'Player Database'!$B$2:$B758,'Player Database'!$W$2:$W758)} -> #N/A | M72: =CONCATENATE(O72," - ",P72) -> 0 - 0 | N72: {=IF(XLOOKUP($E72,'Player Database'!$B$2:$B758,'Player Database'!$AA$2:$AA758)="",XLOOKUP($E72,'Player Database'!$B$2:$B758,'Player Database'!$G$2:$G758),XLOOKUP($E72,'Player Database'!$B$2:$B758,'Player Database'!$AA$2:$AA758))} -> #N/A | O72: =COUNTIFs(Matches!$B:$B,E72,Matches!$A:$A,">"&Q72,Matches!$A:$A,"<"&R72) -> 0 | P72: =COUNTIFs(Matches!$C:$C,E72,Matches!$A:$A,">"&Q72,Matches!$A:$A,"<"&R72) -> 0 | Q72: =VLOOKUP($C$2,Quotas!$A$7:$E$14,2,FALSE) -> 46213.708 | R72: =VLOOKUP($C$2,Quotas!$A$7:$E$14,3,FALSE) -> 46220.708
A73: {=XLOOKUP($E73,'Player Database'!$B$2:$B758,'Player Database'!$C$2:$C758)} -> #N/A | B73: {=XLOOKUP($E73,'Player Database'!$B$2:$B758,'Player Database'!$E$2:$E758)} -> #N/A | C73: {=XLOOKUP($E73,'Player Database'!$B$2:$B758,'Player Database'!$F$2:$F758)} -> #N/A | D73: =IFERROR(__xludf.DUMMYFUNCTION("""COMPUTED_VALUE"""),1.0) -> 1 | F73: {=XLOOKUP($E73,'Player Database'!$B$2:$B758,'Player Database'!$K$2:$K758)} -> #N/A | G73: {=XLOOKUP($E73,'Player Database'!$B$2:$B758,'Player Database'!$H$2:$H758)} -> #N/A | H73: {=XLOOKUP($E73,'Player Database'!$B$2:$B758,'Player Database'!$O$2:$O758)} -> #N/A | I73: {=XLOOKUP($E73,'Player Database'!$B$2:$B758,'Player Database'!$P$2:$P758)} -> #N/A | J73: {=XLOOKUP($E73,'Player Database'!$B$2:$B758,'Player Database'!$U$2:$U758)} -> #N/A | K73: =VLOOKUP(E73, 'Player Database'!B:AE, 30, FALSE) -> #N/A | L73: {=XLOOKUP($E73,'Player Database'!$B$2:$B758,'Player Database'!$W$2:$W758)} -> #N/A | M73: =CONCATENATE(O73," - ",P73) -> 0 - 0 | N73: {=IF(XLOOKUP($E73,'Player Database'!$B$2:$B758,'Player Database'!$AA$2:$AA758)="",XLOOKUP($E73,'Player Database'!$B$2:$B758,'Player Database'!$G$2:$G758),XLOOKUP($E73,'Player Database'!$B$2:$B758,'Player Database'!$AA$2:$AA758))} -> #N/A | O73: =COUNTIFs(Matches!$B:$B,E73,Matches!$A:$A,">"&Q73,Matches!$A:$A,"<"&R73) -> 0 | P73: =COUNTIFs(Matches!$C:$C,E73,Matches!$A:$A,">"&Q73,Matches!$A:$A,"<"&R73) -> 0 | Q73: =VLOOKUP($C$2,Quotas!$A$7:$E$14,2,FALSE) -> 46213.708 | R73: =VLOOKUP($C$2,Quotas!$A$7:$E$14,3,FALSE) -> 46220.708
A74: {=XLOOKUP($E74,'Player Database'!$B$2:$B758,'Player Database'!$C$2:$C758)} -> #N/A | B74: {=XLOOKUP($E74,'Player Database'!$B$2:$B758,'Player Database'!$E$2:$E758)} -> #N/A | C74: {=XLOOKUP($E74,'Player Database'!$B$2:$B758,'Player Database'!$F$2:$F758)} -> #N/A | D74: =IFERROR(__xludf.DUMMYFUNCTION("""COMPUTED_VALUE"""),1.0) -> 1 | F74: {=XLOOKUP($E74,'Player Database'!$B$2:$B758,'Player Database'!$K$2:$K758)} -> #N/A | G74: {=XLOOKUP($E74,'Player Database'!$B$2:$B758,'Player Database'!$H$2:$H758)} -> #N/A | H74: {=XLOOKUP($E74,'Player Database'!$B$2:$B758,'Player Database'!$O$2:$O758)} -> #N/A | I74: {=XLOOKUP($E74,'Player Database'!$B$2:$B758,'Player Database'!$P$2:$P758)} -> #N/A | J74: {=XLOOKUP($E74,'Player Database'!$B$2:$B758,'Player Database'!$U$2:$U758)} -> #N/A | K74: =VLOOKUP(E74, 'Player Database'!B:AE, 30, FALSE) -> #N/A | L74: {=XLOOKUP($E74,'Player Database'!$B$2:$B758,'Player Database'!$W$2:$W758)} -> #N/A | M74: =CONCATENATE(O74," - ",P74) -> 0 - 0 | N74: {=IF(XLOOKUP($E74,'Player Database'!$B$2:$B758,'Player Database'!$AA$2:$AA758)="",XLOOKUP($E74,'Player Database'!$B$2:$B758,'Player Database'!$G$2:$G758),XLOOKUP($E74,'Player Database'!$B$2:$B758,'Player Database'!$AA$2:$AA758))} -> #N/A | O74: =COUNTIFs(Matches!$B:$B,E74,Matches!$A:$A,">"&Q74,Matches!$A:$A,"<"&R74) -> 0 | P74: =COUNTIFs(Matches!$C:$C,E74,Matches!$A:$A,">"&Q74,Matches!$A:$A,"<"&R74) -> 0 | Q74: =VLOOKUP($C$2,Quotas!$A$7:$E$14,2,FALSE) -> 46213.708 | R74: =VLOOKUP($C$2,Quotas!$A$7:$E$14,3,FALSE) -> 46220.708
A75: {=XLOOKUP($E75,'Player Database'!$B$2:$B758,'Player Database'!$C$2:$C758)} -> #N/A | B75: {=XLOOKUP($E75,'Player Database'!$B$2:$B758,'Player Database'!$E$2:$E758)} -> #N/A | C75: {=XLOOKUP($E75,'Player Database'!$B$2:$B758,'Player Database'!$F$2:$F758)} -> #N/A | D75: =IFERROR(__xludf.DUMMYFUNCTION("""COMPUTED_VALUE"""),1.0) -> 1 | F75: {=XLOOKUP($E75,'Player Database'!$B$2:$B758,'Player Database'!$K$2:$K758)} -> #N/A | G75: {=XLOOKUP($E75,'Player Database'!$B$2:$B758,'Player Database'!$H$2:$H758)} -> #N/A | H75: {=XLOOKUP($E75,'Player Database'!$B$2:$B758,'Player Database'!$O$2:$O758)} -> #N/A | I75: {=XLOOKUP($E75,'Player Database'!$B$2:$B758,'Player Database'!$P$2:$P758)} -> #N/A | J75: {=XLOOKUP($E75,'Player Database'!$B$2:$B758,'Player Database'!$U$2:$U758)} -> #N/A | K75: =VLOOKUP(E75, 'Player Database'!B:AE, 30, FALSE) -> #N/A | L75: {=XLOOKUP($E75,'Player Database'!$B$2:$B758,'Player Database'!$W$2:$W758)} -> #N/A | M75: =CONCATENATE(O75," - ",P75) -> 0 - 0 | N75: {=IF(XLOOKUP($E75,'Player Database'!$B$2:$B758,'Player Database'!$AA$2:$AA758)="",XLOOKUP($E75,'Player Database'!$B$2:$B758,'Player Database'!$G$2:$G758),XLOOKUP($E75,'Player Database'!$B$2:$B758,'Player Database'!$AA$2:$AA758))} -> #N/A | O75: =COUNTIFs(Matches!$B:$B,E75,Matches!$A:$A,">"&Q75,Matches!$A:$A,"<"&R75) -> 0 | P75: =COUNTIFs(Matches!$C:$C,E75,Matches!$A:$A,">"&Q75,Matches!$A:$A,"<"&R75) -> 0 | Q75: =VLOOKUP($C$2,Quotas!$A$7:$E$14,2,FALSE) -> 46213.708 | R75: =VLOOKUP($C$2,Quotas!$A$7:$E$14,3,FALSE) -> 46220.708
A76: {=XLOOKUP($E76,'Player Database'!$B$2:$B758,'Player Database'!$C$2:$C758)} -> #N/A | B76: {=XLOOKUP($E76,'Player Database'!$B$2:$B758,'Player Database'!$E$2:$E758)} -> #N/A | C76: {=XLOOKUP($E76,'Player Database'!$B$2:$B758,'Player Database'!$F$2:$F758)} -> #N/A | D76: =IFERROR(__xludf.DUMMYFUNCTION("""COMPUTED_VALUE"""),1.0) -> 1 | F76: {=XLOOKUP($E76,'Player Database'!$B$2:$B758,'Player Database'!$K$2:$K758)} -> #N/A | G76: {=XLOOKUP($E76,'Player Database'!$B$2:$B758,'Player Database'!$H$2:$H758)} -> #N/A | H76: {=XLOOKUP($E76,'Player Database'!$B$2:$B758,'Player Database'!$O$2:$O758)} -> #N/A | I76: {=XLOOKUP($E76,'Player Database'!$B$2:$B758,'Player Database'!$P$2:$P758)} -> #N/A | J76: {=XLOOKUP($E76,'Player Database'!$B$2:$B758,'Player Database'!$U$2:$U758)} -> #N/A | K76: =VLOOKUP(E76, 'Player Database'!B:AE, 30, FALSE) -> #N/A | L76: {=XLOOKUP($E76,'Player Database'!$B$2:$B758,'Player Database'!$W$2:$W758)} -> #N/A | M76: =CONCATENATE(O76," - ",P76) -> 0 - 0 | N76: {=IF(XLOOKUP($E76,'Player Database'!$B$2:$B758,'Player Database'!$AA$2:$AA758)="",XLOOKUP($E76,'Player Database'!$B$2:$B758,'Player Database'!$G$2:$G758),XLOOKUP($E76,'Player Database'!$B$2:$B758,'Player Database'!$AA$2:$AA758))} -> #N/A | O76: =COUNTIFs(Matches!$B:$B,E76,Matches!$A:$A,">"&Q76,Matches!$A:$A,"<"&R76) -> 0 | P76: =COUNTIFs(Matches!$C:$C,E76,Matches!$A:$A,">"&Q76,Matches!$A:$A,"<"&R76) -> 0 | Q76: =VLOOKUP($C$2,Quotas!$A$7:$E$14,2,FALSE) -> 46213.708 | R76: =VLOOKUP($C$2,Quotas!$A$7:$E$14,3,FALSE) -> 46220.708
A77: {=XLOOKUP($E77,'Player Database'!$B$2:$B758,'Player Database'!$C$2:$C758)} -> #N/A | B77: {=XLOOKUP($E77,'Player Database'!$B$2:$B758,'Player Database'!$E$2:$E758)} -> #N/A | C77: {=XLOOKUP($E77,'Player Database'!$B$2:$B758,'Player Database'!$F$2:$F758)} -> #N/A | D77: =IFERROR(__xludf.DUMMYFUNCTION("""COMPUTED_VALUE"""),1.0) -> 1 | F77: {=XLOOKUP($E77,'Player Database'!$B$2:$B758,'Player Database'!$K$2:$K758)} -> #N/A | G77: {=XLOOKUP($E77,'Player Database'!$B$2:$B758,'Player Database'!$H$2:$H758)} -> #N/A | H77: {=XLOOKUP($E77,'Player Database'!$B$2:$B758,'Player Database'!$O$2:$O758)} -> #N/A | I77: {=XLOOKUP($E77,'Player Database'!$B$2:$B758,'Player Database'!$P$2:$P758)} -> #N/A | J77: {=XLOOKUP($E77,'Player Database'!$B$2:$B758,'Player Database'!$U$2:$U758)} -> #N/A | K77: =VLOOKUP(E77, 'Player Database'!B:AE, 30, FALSE) -> #N/A | L77: {=XLOOKUP($E77,'Player Database'!$B$2:$B758,'Player Database'!$W$2:$W758)} -> #N/A | M77: =CONCATENATE(O77," - ",P77) -> 0 - 0 | N77: {=IF(XLOOKUP($E77,'Player Database'!$B$2:$B758,'Player Database'!$AA$2:$AA758)="",XLOOKUP($E77,'Player Database'!$B$2:$B758,'Player Database'!$G$2:$G758),XLOOKUP($E77,'Player Database'!$B$2:$B758,'Player Database'!$AA$2:$AA758))} -> #N/A | O77: =COUNTIFs(Matches!$B:$B,E77,Matches!$A:$A,">"&Q77,Matches!$A:$A,"<"&R77) -> 0 | P77: =COUNTIFs(Matches!$C:$C,E77,Matches!$A:$A,">"&Q77,Matches!$A:$A,"<"&R77) -> 0 | Q77: =VLOOKUP($C$2,Quotas!$A$7:$E$14,2,FALSE) -> 46213.708 | R77: =VLOOKUP($C$2,Quotas!$A$7:$E$14,3,FALSE) -> 46220.708
A78: {=XLOOKUP($E78,'Player Database'!$B$2:$B758,'Player Database'!$C$2:$C758)} -> #N/A | B78: {=XLOOKUP($E78,'Player Database'!$B$2:$B758,'Player Database'!$E$2:$E758)} -> #N/A | C78: {=XLOOKUP($E78,'Player Database'!$B$2:$B758,'Player Database'!$F$2:$F758)} -> #N/A | D78: =IFERROR(__xludf.DUMMYFUNCTION("""COMPUTED_VALUE"""),1.0) -> 1 | F78: {=XLOOKUP($E78,'Player Database'!$B$2:$B758,'Player Database'!$K$2:$K758)} -> #N/A | G78: {=XLOOKUP($E78,'Player Database'!$B$2:$B758,'Player Database'!$H$2:$H758)} -> #N/A | H78: {=XLOOKUP($E78,'Player Database'!$B$2:$B758,'Player Database'!$O$2:$O758)} -> #N/A | I78: {=XLOOKUP($E78,'Player Database'!$B$2:$B758,'Player Database'!$P$2:$P758)} -> #N/A | J78: {=XLOOKUP($E78,'Player Database'!$B$2:$B758,'Player Database'!$U$2:$U758)} -> #N/A | K78: =VLOOKUP(E78, 'Player Database'!B:AE, 30, FALSE) -> #N/A | L78: {=XLOOKUP($E78,'Player Database'!$B$2:$B758,'Player Database'!$W$2:$W758)} -> #N/A | M78: =CONCATENATE(O78," - ",P78) -> 0 - 0 | N78: {=IF(XLOOKUP($E78,'Player Database'!$B$2:$B758,'Player Database'!$AA$2:$AA758)="",XLOOKUP($E78,'Player Database'!$B$2:$B758,'Player Database'!$G$2:$G758),XLOOKUP($E78,'Player Database'!$B$2:$B758,'Player Database'!$AA$2:$AA758))} -> #N/A | O78: =COUNTIFs(Matches!$B:$B,E78,Matches!$A:$A,">"&Q78,Matches!$A:$A,"<"&R78) -> 0 | P78: =COUNTIFs(Matches!$C:$C,E78,Matches!$A:$A,">"&Q78,Matches!$A:$A,"<"&R78) -> 0 | Q78: =VLOOKUP($C$2,Quotas!$A$7:$E$14,2,FALSE) -> 46213.708 | R78: =VLOOKUP($C$2,Quotas!$A$7:$E$14,3,FALSE) -> 46220.708
A79: {=XLOOKUP($E79,'Player Database'!$B$2:$B758,'Player Database'!$C$2:$C758)} -> #N/A | B79: {=XLOOKUP($E79,'Player Database'!$B$2:$B758,'Player Database'!$E$2:$E758)} -> #N/A | C79: {=XLOOKUP($E79,'Player Database'!$B$2:$B758,'Player Database'!$F$2:$F758)} -> #N/A | D79: =IFERROR(__xludf.DUMMYFUNCTION("""COMPUTED_VALUE"""),1.0) -> 1 | F79: {=XLOOKUP($E79,'Player Database'!$B$2:$B758,'Player Database'!$K$2:$K758)} -> #N/A | G79: {=XLOOKUP($E79,'Player Database'!$B$2:$B758,'Player Database'!$H$2:$H758)} -> #N/A | H79: {=XLOOKUP($E79,'Player Database'!$B$2:$B758,'Player Database'!$O$2:$O758)} -> #N/A | I79: {=XLOOKUP($E79,'Player Database'!$B$2:$B758,'Player Database'!$P$2:$P758)} -> #N/A | J79: {=XLOOKUP($E79,'Player Database'!$B$2:$B758,'Player Database'!$U$2:$U758)} -> #N/A | K79: =VLOOKUP(E79, 'Player Database'!B:AE, 30, FALSE) -> #N/A | L79: {=XLOOKUP($E79,'Player Database'!$B$2:$B758,'Player Database'!$W$2:$W758)} -> #N/A | M79: =CONCATENATE(O79," - ",P79) -> 0 - 0 | N79: {=IF(XLOOKUP($E79,'Player Database'!$B$2:$B758,'Player Database'!$AA$2:$AA758)="",XLOOKUP($E79,'Player Database'!$B$2:$B758,'Player Database'!$G$2:$G758),XLOOKUP($E79,'Player Database'!$B$2:$B758,'Player Database'!$AA$2:$AA758))} -> #N/A | O79: =COUNTIFs(Matches!$B:$B,E79,Matches!$A:$A,">"&Q79,Matches!$A:$A,"<"&R79) -> 0 | P79: =COUNTIFs(Matches!$C:$C,E79,Matches!$A:$A,">"&Q79,Matches!$A:$A,"<"&R79) -> 0 | Q79: =VLOOKUP($C$2,Quotas!$A$7:$E$14,2,FALSE) -> 46213.708 | R79: =VLOOKUP($C$2,Quotas!$A$7:$E$14,3,FALSE) -> 46220.708
A80: {=XLOOKUP($E80,'Player Database'!$B$2:$B758,'Player Database'!$C$2:$C758)} -> #N/A | B80: {=XLOOKUP($E80,'Player Database'!$B$2:$B758,'Player Database'!$E$2:$E758)} -> #N/A | C80: {=XLOOKUP($E80,'Player Database'!$B$2:$B758,'Player Database'!$F$2:$F758)} -> #N/A | D80: =IFERROR(__xludf.DUMMYFUNCTION("""COMPUTED_VALUE"""),1.0) -> 1 | F80: {=XLOOKUP($E80,'Player Database'!$B$2:$B758,'Player Database'!$K$2:$K758)} -> #N/A | G80: {=XLOOKUP($E80,'Player Database'!$B$2:$B758,'Player Database'!$H$2:$H758)} -> #N/A | H80: {=XLOOKUP($E80,'Player Database'!$B$2:$B758,'Player Database'!$O$2:$O758)} -> #N/A | I80: {=XLOOKUP($E80,'Player Database'!$B$2:$B758,'Player Database'!$P$2:$P758)} -> #N/A | J80: {=XLOOKUP($E80,'Player Database'!$B$2:$B758,'Player Database'!$U$2:$U758)} -> #N/A | K80: =VLOOKUP(E80, 'Player Database'!B:AE, 30, FALSE) -> #N/A | L80: {=XLOOKUP($E80,'Player Database'!$B$2:$B758,'Player Database'!$W$2:$W758)} -> #N/A | M80: =CONCATENATE(O80," - ",P80) -> 0 - 0 | N80: {=IF(XLOOKUP($E80,'Player Database'!$B$2:$B758,'Player Database'!$AA$2:$AA758)="",XLOOKUP($E80,'Player Database'!$B$2:$B758,'Player Database'!$G$2:$G758),XLOOKUP($E80,'Player Database'!$B$2:$B758,'Player Database'!$AA$2:$AA758))} -> #N/A | O80: =COUNTIFs(Matches!$B:$B,E80,Matches!$A:$A,">"&Q80,Matches!$A:$A,"<"&R80) -> 0 | P80: =COUNTIFs(Matches!$C:$C,E80,Matches!$A:$A,">"&Q80,Matches!$A:$A,"<"&R80) -> 0 | Q80: =VLOOKUP($C$2,Quotas!$A$7:$E$14,2,FALSE) -> 46213.708 | R80: =VLOOKUP($C$2,Quotas!$A$7:$E$14,3,FALSE) -> 46220.708
A81: {=XLOOKUP($E81,'Player Database'!$B$2:$B758,'Player Database'!$C$2:$C758)} -> #N/A | B81: {=XLOOKUP($E81,'Player Database'!$B$2:$B758,'Player Database'!$E$2:$E758)} -> #N/A | C81: {=XLOOKUP($E81,'Player Database'!$B$2:$B758,'Player Database'!$F$2:$F758)} -> #N/A | D81: =IFERROR(__xludf.DUMMYFUNCTION("""COMPUTED_VALUE"""),1.0) -> 1 | F81: {=XLOOKUP($E81,'Player Database'!$B$2:$B758,'Player Database'!$K$2:$K758)} -> #N/A | G81: {=XLOOKUP($E81,'Player Database'!$B$2:$B758,'Player Database'!$H$2:$H758)} -> #N/A | H81: {=XLOOKUP($E81,'Player Database'!$B$2:$B758,'Player Database'!$O$2:$O758)} -> #N/A | I81: {=XLOOKUP($E81,'Player Database'!$B$2:$B758,'Player Database'!$P$2:$P758)} -> #N/A | J81: {=XLOOKUP($E81,'Player Database'!$B$2:$B758,'Player Database'!$U$2:$U758)} -> #N/A | K81: =VLOOKUP(E81, 'Player Database'!B:AE, 30, FALSE) -> #N/A | L81: {=XLOOKUP($E81,'Player Database'!$B$2:$B758,'Player Database'!$W$2:$W758)} -> #N/A | M81: =CONCATENATE(O81," - ",P81) -> 0 - 0 | N81: {=IF(XLOOKUP($E81,'Player Database'!$B$2:$B758,'Player Database'!$AA$2:$AA758)="",XLOOKUP($E81,'Player Database'!$B$2:$B758,'Player Database'!$G$2:$G758),XLOOKUP($E81,'Player Database'!$B$2:$B758,'Player Database'!$AA$2:$AA758))} -> #N/A | O81: =COUNTIFs(Matches!$B:$B,E81,Matches!$A:$A,">"&Q81,Matches!$A:$A,"<"&R81) -> 0 | P81: =COUNTIFs(Matches!$C:$C,E81,Matches!$A:$A,">"&Q81,Matches!$A:$A,"<"&R81) -> 0 | Q81: =VLOOKUP($C$2,Quotas!$A$7:$E$14,2,FALSE) -> 46213.708 | R81: =VLOOKUP($C$2,Quotas!$A$7:$E$14,3,FALSE) -> 46220.708
A82: {=XLOOKUP($E82,'Player Database'!$B$2:$B758,'Player Database'!$C$2:$C758)} -> #N/A | B82: {=XLOOKUP($E82,'Player Database'!$B$2:$B758,'Player Database'!$E$2:$E758)} -> #N/A | C82: {=XLOOKUP($E82,'Player Database'!$B$2:$B758,'Player Database'!$F$2:$F758)} -> #N/A | D82: =IFERROR(__xludf.DUMMYFUNCTION("""COMPUTED_VALUE"""),1.0) -> 1 | F82: {=XLOOKUP($E82,'Player Database'!$B$2:$B758,'Player Database'!$K$2:$K758)} -> #N/A | G82: {=XLOOKUP($E82,'Player Database'!$B$2:$B758,'Player Database'!$H$2:$H758)} -> #N/A | H82: {=XLOOKUP($E82,'Player Database'!$B$2:$B758,'Player Database'!$O$2:$O758)} -> #N/A | I82: {=XLOOKUP($E82,'Player Database'!$B$2:$B758,'Player Database'!$P$2:$P758)} -> #N/A | J82: {=XLOOKUP($E82,'Player Database'!$B$2:$B758,'Player Database'!$U$2:$U758)} -> #N/A | K82: =VLOOKUP(E82, 'Player Database'!B:AE, 30, FALSE) -> #N/A | L82: {=XLOOKUP($E82,'Player Database'!$B$2:$B758,'Player Database'!$W$2:$W758)} -> #N/A | M82: =CONCATENATE(O82," - ",P82) -> 0 - 0 | N82: {=IF(XLOOKUP($E82,'Player Database'!$B$2:$B758,'Player Database'!$AA$2:$AA758)="",XLOOKUP($E82,'Player Database'!$B$2:$B758,'Player Database'!$G$2:$G758),XLOOKUP($E82,'Player Database'!$B$2:$B758,'Player Database'!$AA$2:$AA758))} -> #N/A | O82: =COUNTIFs(Matches!$B:$B,E82,Matches!$A:$A,">"&Q82,Matches!$A:$A,"<"&R82) -> 0 | P82: =COUNTIFs(Matches!$C:$C,E82,Matches!$A:$A,">"&Q82,Matches!$A:$A,"<"&R82) -> 0 | Q82: =VLOOKUP($C$2,Quotas!$A$7:$E$14,2,FALSE) -> 46213.708 | R82: =VLOOKUP($C$2,Quotas!$A$7:$E$14,3,FALSE) -> 46220.708
A83: {=XLOOKUP($E83,'Player Database'!$B$2:$B758,'Player Database'!$C$2:$C758)} -> #N/A | B83: {=XLOOKUP($E83,'Player Database'!$B$2:$B758,'Player Database'!$E$2:$E758)} -> #N/A | C83: {=XLOOKUP($E83,'Player Database'!$B$2:$B758,'Player Database'!$F$2:$F758)} -> #N/A | D83: =IFERROR(__xludf.DUMMYFUNCTION("""COMPUTED_VALUE"""),1.0) -> 1 | F83: {=XLOOKUP($E83,'Player Database'!$B$2:$B758,'Player Database'!$K$2:$K758)} -> #N/A | G83: {=XLOOKUP($E83,'Player Database'!$B$2:$B758,'Player Database'!$H$2:$H758)} -> #N/A | H83: {=XLOOKUP($E83,'Player Database'!$B$2:$B758,'Player Database'!$O$2:$O758)} -> #N/A | I83: {=XLOOKUP($E83,'Player Database'!$B$2:$B758,'Player Database'!$P$2:$P758)} -> #N/A | J83: {=XLOOKUP($E83,'Player Database'!$B$2:$B758,'Player Database'!$U$2:$U758)} -> #N/A | K83: =VLOOKUP(E83, 'Player Database'!B:AE, 30, FALSE) -> #N/A | L83: {=XLOOKUP($E83,'Player Database'!$B$2:$B758,'Player Database'!$W$2:$W758)} -> #N/A | M83: =CONCATENATE(O83," - ",P83) -> 0 - 0 | N83: {=IF(XLOOKUP($E83,'Player Database'!$B$2:$B758,'Player Database'!$AA$2:$AA758)="",XLOOKUP($E83,'Player Database'!$B$2:$B758,'Player Database'!$G$2:$G758),XLOOKUP($E83,'Player Database'!$B$2:$B758,'Player Database'!$AA$2:$AA758))} -> #N/A | O83: =COUNTIFs(Matches!$B:$B,E83,Matches!$A:$A,">"&Q83,Matches!$A:$A,"<"&R83) -> 0 | P83: =COUNTIFs(Matches!$C:$C,E83,Matches!$A:$A,">"&Q83,Matches!$A:$A,"<"&R83) -> 0 | Q83: =VLOOKUP($C$2,Quotas!$A$7:$E$14,2,FALSE) -> 46213.708 | R83: =VLOOKUP($C$2,Quotas!$A$7:$E$14,3,FALSE) -> 46220.708
A84: {=XLOOKUP($E84,'Player Database'!$B$2:$B758,'Player Database'!$C$2:$C758)} -> #N/A | B84: {=XLOOKUP($E84,'Player Database'!$B$2:$B758,'Player Database'!$E$2:$E758)} -> #N/A | C84: {=XLOOKUP($E84,'Player Database'!$B$2:$B758,'Player Database'!$F$2:$F758)} -> #N/A | D84: =IFERROR(__xludf.DUMMYFUNCTION("""COMPUTED_VALUE"""),1.0) -> 1 | F84: {=XLOOKUP($E84,'Player Database'!$B$2:$B758,'Player Database'!$K$2:$K758)} -> #N/A | G84: {=XLOOKUP($E84,'Player Database'!$B$2:$B758,'Player Database'!$H$2:$H758)} -> #N/A | H84: {=XLOOKUP($E84,'Player Database'!$B$2:$B758,'Player Database'!$O$2:$O758)} -> #N/A | I84: {=XLOOKUP($E84,'Player Database'!$B$2:$B758,'Player Database'!$P$2:$P758)} -> #N/A | J84: {=XLOOKUP($E84,'Player Database'!$B$2:$B758,'Player Database'!$U$2:$U758)} -> #N/A | K84: =VLOOKUP(E84, 'Player Database'!B:AE, 30, FALSE) -> #N/A | L84: {=XLOOKUP($E84,'Player Database'!$B$2:$B758,'Player Database'!$W$2:$W758)} -> #N/A | M84: =CONCATENATE(O84," - ",P84) -> 0 - 0 | N84: {=IF(XLOOKUP($E84,'Player Database'!$B$2:$B758,'Player Database'!$AA$2:$AA758)="",XLOOKUP($E84,'Player Database'!$B$2:$B758,'Player Database'!$G$2:$G758),XLOOKUP($E84,'Player Database'!$B$2:$B758,'Player Database'!$AA$2:$AA758))} -> #N/A | O84: =COUNTIFs(Matches!$B:$B,E84,Matches!$A:$A,">"&Q84,Matches!$A:$A,"<"&R84) -> 0 | P84: =COUNTIFs(Matches!$C:$C,E84,Matches!$A:$A,">"&Q84,Matches!$A:$A,"<"&R84) -> 0 | Q84: =VLOOKUP($C$2,Quotas!$A$7:$E$14,2,FALSE) -> 46213.708 | R84: =VLOOKUP($C$2,Quotas!$A$7:$E$14,3,FALSE) -> 46220.708
A85: {=XLOOKUP($E85,'Player Database'!$B$2:$B758,'Player Database'!$C$2:$C758)} -> #N/A | B85: {=XLOOKUP($E85,'Player Database'!$B$2:$B758,'Player Database'!$E$2:$E758)} -> #N/A | C85: {=XLOOKUP($E85,'Player Database'!$B$2:$B758,'Player Database'!$F$2:$F758)} -> #N/A | D85: =IFERROR(__xludf.DUMMYFUNCTION("""COMPUTED_VALUE"""),1.0) -> 1 | F85: {=XLOOKUP($E85,'Player Database'!$B$2:$B758,'Player Database'!$K$2:$K758)} -> #N/A | G85: {=XLOOKUP($E85,'Player Database'!$B$2:$B758,'Player Database'!$H$2:$H758)} -> #N/A | H85: {=XLOOKUP($E85,'Player Database'!$B$2:$B758,'Player Database'!$O$2:$O758)} -> #N/A | I85: {=XLOOKUP($E85,'Player Database'!$B$2:$B758,'Player Database'!$P$2:$P758)} -> #N/A | J85: {=XLOOKUP($E85,'Player Database'!$B$2:$B758,'Player Database'!$U$2:$U758)} -> #N/A | K85: =VLOOKUP(E85, 'Player Database'!B:AE, 30, FALSE) -> #N/A | L85: {=XLOOKUP($E85,'Player Database'!$B$2:$B758,'Player Database'!$W$2:$W758)} -> #N/A | M85: =CONCATENATE(O85," - ",P85) -> 0 - 0 | N85: {=IF(XLOOKUP($E85,'Player Database'!$B$2:$B758,'Player Database'!$AA$2:$AA758)="",XLOOKUP($E85,'Player Database'!$B$2:$B758,'Player Database'!$G$2:$G758),XLOOKUP($E85,'Player Database'!$B$2:$B758,'Player Database'!$AA$2:$AA758))} -> #N/A | O85: =COUNTIFs(Matches!$B:$B,E85,Matches!$A:$A,">"&Q85,Matches!$A:$A,"<"&R85) -> 0 | P85: =COUNTIFs(Matches!$C:$C,E85,Matches!$A:$A,">"&Q85,Matches!$A:$A,"<"&R85) -> 0 | Q85: =VLOOKUP($C$2,Quotas!$A$7:$E$14,2,FALSE) -> 46213.708 | R85: =VLOOKUP($C$2,Quotas!$A$7:$E$14,3,FALSE) -> 46220.708
A86: {=XLOOKUP($E86,'Player Database'!$B$2:$B758,'Player Database'!$C$2:$C758)} -> #N/A | B86: {=XLOOKUP($E86,'Player Database'!$B$2:$B758,'Player Database'!$E$2:$E758)} -> #N/A | C86: {=XLOOKUP($E86,'Player Database'!$B$2:$B758,'Player Database'!$F$2:$F758)} -> #N/A | D86: =IFERROR(__xludf.DUMMYFUNCTION("""COMPUTED_VALUE"""),1.0) -> 1 | F86: {=XLOOKUP($E86,'Player Database'!$B$2:$B758,'Player Database'!$K$2:$K758)} -> #N/A | G86: {=XLOOKUP($E86,'Player Database'!$B$2:$B758,'Player Database'!$H$2:$H758)} -> #N/A | H86: {=XLOOKUP($E86,'Player Database'!$B$2:$B758,'Player Database'!$O$2:$O758)} -> #N/A | I86: {=XLOOKUP($E86,'Player Database'!$B$2:$B758,'Player Database'!$P$2:$P758)} -> #N/A | J86: {=XLOOKUP($E86,'Player Database'!$B$2:$B758,'Player Database'!$U$2:$U758)} -> #N/A | K86: =VLOOKUP(E86, 'Player Database'!B:AE, 30, FALSE) -> #N/A | L86: {=XLOOKUP($E86,'Player Database'!$B$2:$B758,'Player Database'!$W$2:$W758)} -> #N/A | M86: =CONCATENATE(O86," - ",P86) -> 0 - 0 | N86: {=IF(XLOOKUP($E86,'Player Database'!$B$2:$B758,'Player Database'!$AA$2:$AA758)="",XLOOKUP($E86,'Player Database'!$B$2:$B758,'Player Database'!$G$2:$G758),XLOOKUP($E86,'Player Database'!$B$2:$B758,'Player Database'!$AA$2:$AA758))} -> #N/A | O86: =COUNTIFs(Matches!$B:$B,E86,Matches!$A:$A,">"&Q86,Matches!$A:$A,"<"&R86) -> 0 | P86: =COUNTIFs(Matches!$C:$C,E86,Matches!$A:$A,">"&Q86,Matches!$A:$A,"<"&R86) -> 0 | Q86: =VLOOKUP($C$2,Quotas!$A$7:$E$14,2,FALSE) -> 46213.708 | R86: =VLOOKUP($C$2,Quotas!$A$7:$E$14,3,FALSE) -> 46220.708
A87: {=XLOOKUP($E87,'Player Database'!$B$2:$B758,'Player Database'!$C$2:$C758)} -> #N/A | B87: {=XLOOKUP($E87,'Player Database'!$B$2:$B758,'Player Database'!$E$2:$E758)} -> #N/A | C87: {=XLOOKUP($E87,'Player Database'!$B$2:$B758,'Player Database'!$F$2:$F758)} -> #N/A | D87: =IFERROR(__xludf.DUMMYFUNCTION("""COMPUTED_VALUE"""),1.0) -> 1 | F87: {=XLOOKUP($E87,'Player Database'!$B$2:$B758,'Player Database'!$K$2:$K758)} -> #N/A | G87: {=XLOOKUP($E87,'Player Database'!$B$2:$B758,'Player Database'!$H$2:$H758)} -> #N/A | H87: {=XLOOKUP($E87,'Player Database'!$B$2:$B758,'Player Database'!$O$2:$O758)} -> #N/A | I87: {=XLOOKUP($E87,'Player Database'!$B$2:$B758,'Player Database'!$P$2:$P758)} -> #N/A | J87: {=XLOOKUP($E87,'Player Database'!$B$2:$B758,'Player Database'!$U$2:$U758)} -> #N/A | K87: =VLOOKUP(E87, 'Player Database'!B:AE, 30, FALSE) -> #N/A | L87: {=XLOOKUP($E87,'Player Database'!$B$2:$B758,'Player Database'!$W$2:$W758)} -> #N/A | M87: =CONCATENATE(O87," - ",P87) -> 0 - 0 | N87: {=IF(XLOOKUP($E87,'Player Database'!$B$2:$B758,'Player Database'!$AA$2:$AA758)="",XLOOKUP($E87,'Player Database'!$B$2:$B758,'Player Database'!$G$2:$G758),XLOOKUP($E87,'Player Database'!$B$2:$B758,'Player Database'!$AA$2:$AA758))} -> #N/A | O87: =COUNTIFs(Matches!$B:$B,E87,Matches!$A:$A,">"&Q87,Matches!$A:$A,"<"&R87) -> 0 | P87: =COUNTIFs(Matches!$C:$C,E87,Matches!$A:$A,">"&Q87,Matches!$A:$A,"<"&R87) -> 0 | Q87: =VLOOKUP($C$2,Quotas!$A$7:$E$14,2,FALSE) -> 46213.708 | R87: =VLOOKUP($C$2,Quotas!$A$7:$E$14,3,FALSE) -> 46220.708
A88: {=XLOOKUP($E88,'Player Database'!$B$2:$B758,'Player Database'!$C$2:$C758)} -> #N/A | B88: {=XLOOKUP($E88,'Player Database'!$B$2:$B758,'Player Database'!$E$2:$E758)} -> #N/A | C88: {=XLOOKUP($E88,'Player Database'!$B$2:$B758,'Player Database'!$F$2:$F758)} -> #N/A | D88: =IFERROR(__xludf.DUMMYFUNCTION("""COMPUTED_VALUE"""),1.0) -> 1 | F88: {=XLOOKUP($E88,'Player Database'!$B$2:$B758,'Player Database'!$K$2:$K758)} -> #N/A | G88: {=XLOOKUP($E88,'Player Database'!$B$2:$B758,'Player Database'!$H$2:$H758)} -> #N/A | H88: {=XLOOKUP($E88,'Player Database'!$B$2:$B758,'Player Database'!$O$2:$O758)} -> #N/A | I88: {=XLOOKUP($E88,'Player Database'!$B$2:$B758,'Player Database'!$P$2:$P758)} -> #N/A | J88: {=XLOOKUP($E88,'Player Database'!$B$2:$B758,'Player Database'!$U$2:$U758)} -> #N/A | K88: =VLOOKUP(E88, 'Player Database'!B:AE, 30, FALSE) -> #N/A | L88: {=XLOOKUP($E88,'Player Database'!$B$2:$B758,'Player Database'!$W$2:$W758)} -> #N/A | M88: =CONCATENATE(O88," - ",P88) -> 0 - 0 | N88: {=IF(XLOOKUP($E88,'Player Database'!$B$2:$B758,'Player Database'!$AA$2:$AA758)="",XLOOKUP($E88,'Player Database'!$B$2:$B758,'Player Database'!$G$2:$G758),XLOOKUP($E88,'Player Database'!$B$2:$B758,'Player Database'!$AA$2:$AA758))} -> #N/A | O88: =COUNTIFs(Matches!$B:$B,E88,Matches!$A:$A,">"&Q88,Matches!$A:$A,"<"&R88) -> 0 | P88: =COUNTIFs(Matches!$C:$C,E88,Matches!$A:$A,">"&Q88,Matches!$A:$A,"<"&R88) -> 0 | Q88: =VLOOKUP($C$2,Quotas!$A$7:$E$14,2,FALSE) -> 46213.708 | R88: =VLOOKUP($C$2,Quotas!$A$7:$E$14,3,FALSE) -> 46220.708
A89: {=XLOOKUP($E89,'Player Database'!$B$2:$B758,'Player Database'!$C$2:$C758)} -> #N/A | B89: {=XLOOKUP($E89,'Player Database'!$B$2:$B758,'Player Database'!$E$2:$E758)} -> #N/A | C89: {=XLOOKUP($E89,'Player Database'!$B$2:$B758,'Player Database'!$F$2:$F758)} -> #N/A | D89: =IFERROR(__xludf.DUMMYFUNCTION("""COMPUTED_VALUE"""),1.0) -> 1 | F89: {=XLOOKUP($E89,'Player Database'!$B$2:$B758,'Player Database'!$K$2:$K758)} -> #N/A | G89: {=XLOOKUP($E89,'Player Database'!$B$2:$B758,'Player Database'!$H$2:$H758)} -> #N/A | H89: {=XLOOKUP($E89,'Player Database'!$B$2:$B758,'Player Database'!$O$2:$O758)} -> #N/A | I89: {=XLOOKUP($E89,'Player Database'!$B$2:$B758,'Player Database'!$P$2:$P758)} -> #N/A | J89: {=XLOOKUP($E89,'Player Database'!$B$2:$B758,'Player Database'!$U$2:$U758)} -> #N/A | K89: =VLOOKUP(E89, 'Player Database'!B:AE, 30, FALSE) -> #N/A | L89: {=XLOOKUP($E89,'Player Database'!$B$2:$B758,'Player Database'!$W$2:$W758)} -> #N/A | M89: =CONCATENATE(O89," - ",P89) -> 0 - 0 | N89: {=IF(XLOOKUP($E89,'Player Database'!$B$2:$B758,'Player Database'!$AA$2:$AA758)="",XLOOKUP($E89,'Player Database'!$B$2:$B758,'Player Database'!$G$2:$G758),XLOOKUP($E89,'Player Database'!$B$2:$B758,'Player Database'!$AA$2:$AA758))} -> #N/A | O89: =COUNTIFs(Matches!$B:$B,E89,Matches!$A:$A,">"&Q89,Matches!$A:$A,"<"&R89) -> 0 | P89: =COUNTIFs(Matches!$C:$C,E89,Matches!$A:$A,">"&Q89,Matches!$A:$A,"<"&R89) -> 0 | Q89: =VLOOKUP($C$2,Quotas!$A$7:$E$14,2,FALSE) -> 46213.708 | R89: =VLOOKUP($C$2,Quotas!$A$7:$E$14,3,FALSE) -> 46220.708
A90: {=XLOOKUP($E90,'Player Database'!$B$2:$B758,'Player Database'!$C$2:$C758)} -> #N/A | B90: {=XLOOKUP($E90,'Player Database'!$B$2:$B758,'Player Database'!$E$2:$E758)} -> #N/A | C90: {=XLOOKUP($E90,'Player Database'!$B$2:$B758,'Player Database'!$F$2:$F758)} -> #N/A | D90: =IFERROR(__xludf.DUMMYFUNCTION("""COMPUTED_VALUE"""),1.0) -> 1 | F90: {=XLOOKUP($E90,'Player Database'!$B$2:$B758,'Player Database'!$K$2:$K758)} -> #N/A | G90: {=XLOOKUP($E90,'Player Database'!$B$2:$B758,'Player Database'!$H$2:$H758)} -> #N/A | H90: {=XLOOKUP($E90,'Player Database'!$B$2:$B758,'Player Database'!$O$2:$O758)} -> #N/A | I90: {=XLOOKUP($E90,'Player Database'!$B$2:$B758,'Player Database'!$P$2:$P758)} -> #N/A | J90: {=XLOOKUP($E90,'Player Database'!$B$2:$B758,'Player Database'!$U$2:$U758)} -> #N/A | K90: =VLOOKUP(E90, 'Player Database'!B:AE, 30, FALSE) -> #N/A | L90: {=XLOOKUP($E90,'Player Database'!$B$2:$B758,'Player Database'!$W$2:$W758)} -> #N/A | M90: =CONCATENATE(O90," - ",P90) -> 0 - 0 | N90: {=IF(XLOOKUP($E90,'Player Database'!$B$2:$B758,'Player Database'!$AA$2:$AA758)="",XLOOKUP($E90,'Player Database'!$B$2:$B758,'Player Database'!$G$2:$G758),XLOOKUP($E90,'Player Database'!$B$2:$B758,'Player Database'!$AA$2:$AA758))} -> #N/A | O90: =COUNTIFs(Matches!$B:$B,E90,Matches!$A:$A,">"&Q90,Matches!$A:$A,"<"&R90) -> 0 | P90: =COUNTIFs(Matches!$C:$C,E90,Matches!$A:$A,">"&Q90,Matches!$A:$A,"<"&R90) -> 0 | Q90: =VLOOKUP($C$2,Quotas!$A$7:$E$14,2,FALSE) -> 46213.708 | R90: =VLOOKUP($C$2,Quotas!$A$7:$E$14,3,FALSE) -> 46220.708
A91: {=XLOOKUP($E91,'Player Database'!$B$2:$B758,'Player Database'!$C$2:$C758)} -> #N/A | B91: {=XLOOKUP($E91,'Player Database'!$B$2:$B758,'Player Database'!$E$2:$E758)} -> #N/A | C91: {=XLOOKUP($E91,'Player Database'!$B$2:$B758,'Player Database'!$F$2:$F758)} -> #N/A | D91: =IFERROR(__xludf.DUMMYFUNCTION("""COMPUTED_VALUE"""),1.0) -> 1 | F91: {=XLOOKUP($E91,'Player Database'!$B$2:$B758,'Player Database'!$K$2:$K758)} -> #N/A | G91: {=XLOOKUP($E91,'Player Database'!$B$2:$B758,'Player Database'!$H$2:$H758)} -> #N/A | H91: {=XLOOKUP($E91,'Player Database'!$B$2:$B758,'Player Database'!$O$2:$O758)} -> #N/A | I91: {=XLOOKUP($E91,'Player Database'!$B$2:$B758,'Player Database'!$P$2:$P758)} -> #N/A | J91: {=XLOOKUP($E91,'Player Database'!$B$2:$B758,'Player Database'!$U$2:$U758)} -> #N/A | K91: =VLOOKUP(E91, 'Player Database'!B:AE, 30, FALSE) -> #N/A | L91: {=XLOOKUP($E91,'Player Database'!$B$2:$B758,'Player Database'!$W$2:$W758)} -> #N/A | M91: =CONCATENATE(O91," - ",P91) -> 0 - 0 | N91: {=IF(XLOOKUP($E91,'Player Database'!$B$2:$B758,'Player Database'!$AA$2:$AA758)="",XLOOKUP($E91,'Player Database'!$B$2:$B758,'Player Database'!$G$2:$G758),XLOOKUP($E91,'Player Database'!$B$2:$B758,'Player Database'!$AA$2:$AA758))} -> #N/A | O91: =COUNTIFs(Matches!$B:$B,E91,Matches!$A:$A,">"&Q91,Matches!$A:$A,"<"&R91) -> 0 | P91: =COUNTIFs(Matches!$C:$C,E91,Matches!$A:$A,">"&Q91,Matches!$A:$A,"<"&R91) -> 0 | Q91: =VLOOKUP($C$2,Quotas!$A$7:$E$14,2,FALSE) -> 46213.708 | R91: =VLOOKUP($C$2,Quotas!$A$7:$E$14,3,FALSE) -> 46220.708
A92: {=XLOOKUP($E92,'Player Database'!$B$2:$B758,'Player Database'!$C$2:$C758)} -> #N/A | B92: {=XLOOKUP($E92,'Player Database'!$B$2:$B758,'Player Database'!$E$2:$E758)} -> #N/A | C92: {=XLOOKUP($E92,'Player Database'!$B$2:$B758,'Player Database'!$F$2:$F758)} -> #N/A | D92: =IFERROR(__xludf.DUMMYFUNCTION("""COMPUTED_VALUE"""),1.0) -> 1 | F92: {=XLOOKUP($E92,'Player Database'!$B$2:$B758,'Player Database'!$K$2:$K758)} -> #N/A | G92: {=XLOOKUP($E92,'Player Database'!$B$2:$B758,'Player Database'!$H$2:$H758)} -> #N/A | H92: {=XLOOKUP($E92,'Player Database'!$B$2:$B758,'Player Database'!$O$2:$O758)} -> #N/A | I92: {=XLOOKUP($E92,'Player Database'!$B$2:$B758,'Player Database'!$P$2:$P758)} -> #N/A | J92: {=XLOOKUP($E92,'Player Database'!$B$2:$B758,'Player Database'!$U$2:$U758)} -> #N/A | K92: =VLOOKUP(E92, 'Player Database'!B:AE, 30, FALSE) -> #N/A | L92: {=XLOOKUP($E92,'Player Database'!$B$2:$B758,'Player Database'!$W$2:$W758)} -> #N/A | M92: =CONCATENATE(O92," - ",P92) -> 0 - 0 | N92: {=IF(XLOOKUP($E92,'Player Database'!$B$2:$B758,'Player Database'!$AA$2:$AA758)="",XLOOKUP($E92,'Player Database'!$B$2:$B758,'Player Database'!$G$2:$G758),XLOOKUP($E92,'Player Database'!$B$2:$B758,'Player Database'!$AA$2:$AA758))} -> #N/A | O92: =COUNTIFs(Matches!$B:$B,E92,Matches!$A:$A,">"&Q92,Matches!$A:$A,"<"&R92) -> 0 | P92: =COUNTIFs(Matches!$C:$C,E92,Matches!$A:$A,">"&Q92,Matches!$A:$A,"<"&R92) -> 0 | Q92: =VLOOKUP($C$2,Quotas!$A$7:$E$14,2,FALSE) -> 46213.708 | R92: =VLOOKUP($C$2,Quotas!$A$7:$E$14,3,FALSE) -> 46220.708
A93: {=XLOOKUP($E93,'Player Database'!$B$2:$B758,'Player Database'!$C$2:$C758)} -> #N/A | B93: {=XLOOKUP($E93,'Player Database'!$B$2:$B758,'Player Database'!$E$2:$E758)} -> #N/A | C93: {=XLOOKUP($E93,'Player Database'!$B$2:$B758,'Player Database'!$F$2:$F758)} -> #N/A | D93: =IFERROR(__xludf.DUMMYFUNCTION("""COMPUTED_VALUE"""),1.0) -> 1 | F93: {=XLOOKUP($E93,'Player Database'!$B$2:$B758,'Player Database'!$K$2:$K758)} -> #N/A | G93: {=XLOOKUP($E93,'Player Database'!$B$2:$B758,'Player Database'!$H$2:$H758)} -> #N/A | H93: {=XLOOKUP($E93,'Player Database'!$B$2:$B758,'Player Database'!$O$2:$O758)} -> #N/A | I93: {=XLOOKUP($E93,'Player Database'!$B$2:$B758,'Player Database'!$P$2:$P758)} -> #N/A | J93: {=XLOOKUP($E93,'Player Database'!$B$2:$B758,'Player Database'!$U$2:$U758)} -> #N/A | K93: =VLOOKUP(E93, 'Player Database'!B:AE, 30, FALSE) -> #N/A | L93: {=XLOOKUP($E93,'Player Database'!$B$2:$B758,'Player Database'!$W$2:$W758)} -> #N/A | M93: =CONCATENATE(O93," - ",P93) -> 0 - 0 | N93: {=IF(XLOOKUP($E93,'Player Database'!$B$2:$B758,'Player Database'!$AA$2:$AA758)="",XLOOKUP($E93,'Player Database'!$B$2:$B758,'Player Database'!$G$2:$G758),XLOOKUP($E93,'Player Database'!$B$2:$B758,'Player Database'!$AA$2:$AA758))} -> #N/A | O93: =COUNTIFs(Matches!$B:$B,E93,Matches!$A:$A,">"&Q93,Matches!$A:$A,"<"&R93) -> 0 | P93: =COUNTIFs(Matches!$C:$C,E93,Matches!$A:$A,">"&Q93,Matches!$A:$A,"<"&R93) -> 0 | Q93: =VLOOKUP($C$2,Quotas!$A$7:$E$14,2,FALSE) -> 46213.708 | R93: =VLOOKUP($C$2,Quotas!$A$7:$E$14,3,FALSE) -> 46220.708
A94: {=XLOOKUP($E94,'Player Database'!$B$2:$B758,'Player Database'!$C$2:$C758)} -> #N/A | B94: {=XLOOKUP($E94,'Player Database'!$B$2:$B758,'Player Database'!$E$2:$E758)} -> #N/A | C94: {=XLOOKUP($E94,'Player Database'!$B$2:$B758,'Player Database'!$F$2:$F758)} -> #N/A | D94: =IFERROR(__xludf.DUMMYFUNCTION("""COMPUTED_VALUE"""),1.0) -> 1 | F94: {=XLOOKUP($E94,'Player Database'!$B$2:$B758,'Player Database'!$K$2:$K758)} -> #N/A | G94: {=XLOOKUP($E94,'Player Database'!$B$2:$B758,'Player Database'!$H$2:$H758)} -> #N/A | H94: {=XLOOKUP($E94,'Player Database'!$B$2:$B758,'Player Database'!$O$2:$O758)} -> #N/A | I94: {=XLOOKUP($E94,'Player Database'!$B$2:$B758,'Player Database'!$P$2:$P758)} -> #N/A | J94: {=XLOOKUP($E94,'Player Database'!$B$2:$B758,'Player Database'!$U$2:$U758)} -> #N/A | K94: =VLOOKUP(E94, 'Player Database'!B:AE, 30, FALSE) -> #N/A | L94: {=XLOOKUP($E94,'Player Database'!$B$2:$B758,'Player Database'!$W$2:$W758)} -> #N/A | M94: =CONCATENATE(O94," - ",P94) -> 0 - 0 | N94: {=IF(XLOOKUP($E94,'Player Database'!$B$2:$B758,'Player Database'!$AA$2:$AA758)="",XLOOKUP($E94,'Player Database'!$B$2:$B758,'Player Database'!$G$2:$G758),XLOOKUP($E94,'Player Database'!$B$2:$B758,'Player Database'!$AA$2:$AA758))} -> #N/A | O94: =COUNTIFs(Matches!$B:$B,E94,Matches!$A:$A,">"&Q94,Matches!$A:$A,"<"&R94) -> 0 | P94: =COUNTIFs(Matches!$C:$C,E94,Matches!$A:$A,">"&Q94,Matches!$A:$A,"<"&R94) -> 0 | Q94: =VLOOKUP($C$2,Quotas!$A$7:$E$14,2,FALSE) -> 46213.708 | R94: =VLOOKUP($C$2,Quotas!$A$7:$E$14,3,FALSE) -> 46220.708
A95: {=XLOOKUP($E95,'Player Database'!$B$2:$B758,'Player Database'!$C$2:$C758)} -> #N/A | B95: {=XLOOKUP($E95,'Player Database'!$B$2:$B758,'Player Database'!$E$2:$E758)} -> #N/A | C95: {=XLOOKUP($E95,'Player Database'!$B$2:$B758,'Player Database'!$F$2:$F758)} -> #N/A | D95: =IFERROR(__xludf.DUMMYFUNCTION("""COMPUTED_VALUE"""),1.0) -> 1 | F95: {=XLOOKUP($E95,'Player Database'!$B$2:$B758,'Player Database'!$K$2:$K758)} -> #N/A | G95: {=XLOOKUP($E95,'Player Database'!$B$2:$B758,'Player Database'!$H$2:$H758)} -> #N/A | H95: {=XLOOKUP($E95,'Player Database'!$B$2:$B758,'Player Database'!$O$2:$O758)} -> #N/A | I95: {=XLOOKUP($E95,'Player Database'!$B$2:$B758,'Player Database'!$P$2:$P758)} -> #N/A | J95: {=XLOOKUP($E95,'Player Database'!$B$2:$B758,'Player Database'!$U$2:$U758)} -> #N/A | K95: =VLOOKUP(E95, 'Player Database'!B:AE, 30, FALSE) -> #N/A | L95: {=XLOOKUP($E95,'Player Database'!$B$2:$B758,'Player Database'!$W$2:$W758)} -> #N/A | M95: =CONCATENATE(O95," - ",P95) -> 0 - 0 | N95: {=IF(XLOOKUP($E95,'Player Database'!$B$2:$B758,'Player Database'!$AA$2:$AA758)="",XLOOKUP($E95,'Player Database'!$B$2:$B758,'Player Database'!$G$2:$G758),XLOOKUP($E95,'Player Database'!$B$2:$B758,'Player Database'!$AA$2:$AA758))} -> #N/A | O95: =COUNTIFs(Matches!$B:$B,E95,Matches!$A:$A,">"&Q95,Matches!$A:$A,"<"&R95) -> 0 | P95: =COUNTIFs(Matches!$C:$C,E95,Matches!$A:$A,">"&Q95,Matches!$A:$A,"<"&R95) -> 0 | Q95: =VLOOKUP($C$2,Quotas!$A$7:$E$14,2,FALSE) -> 46213.708 | R95: =VLOOKUP($C$2,Quotas!$A$7:$E$14,3,FALSE) -> 46220.708
A96: {=XLOOKUP($E96,'Player Database'!$B$2:$B758,'Player Database'!$C$2:$C758)} -> #N/A | B96: {=XLOOKUP($E96,'Player Database'!$B$2:$B758,'Player Database'!$E$2:$E758)} -> #N/A | C96: {=XLOOKUP($E96,'Player Database'!$B$2:$B758,'Player Database'!$F$2:$F758)} -> #N/A | D96: =IFERROR(__xludf.DUMMYFUNCTION("""COMPUTED_VALUE"""),1.0) -> 1 | F96: {=XLOOKUP($E96,'Player Database'!$B$2:$B758,'Player Database'!$K$2:$K758)} -> #N/A | G96: {=XLOOKUP($E96,'Player Database'!$B$2:$B758,'Player Database'!$H$2:$H758)} -> #N/A | H96: {=XLOOKUP($E96,'Player Database'!$B$2:$B758,'Player Database'!$O$2:$O758)} -> #N/A | I96: {=XLOOKUP($E96,'Player Database'!$B$2:$B758,'Player Database'!$P$2:$P758)} -> #N/A | J96: {=XLOOKUP($E96,'Player Database'!$B$2:$B758,'Player Database'!$U$2:$U758)} -> #N/A | K96: =VLOOKUP(E96, 'Player Database'!B:AE, 30, FALSE) -> #N/A | L96: {=XLOOKUP($E96,'Player Database'!$B$2:$B758,'Player Database'!$W$2:$W758)} -> #N/A | M96: =CONCATENATE(O96," - ",P96) -> 0 - 0 | N96: {=IF(XLOOKUP($E96,'Player Database'!$B$2:$B758,'Player Database'!$AA$2:$AA758)="",XLOOKUP($E96,'Player Database'!$B$2:$B758,'Player Database'!$G$2:$G758),XLOOKUP($E96,'Player Database'!$B$2:$B758,'Player Database'!$AA$2:$AA758))} -> #N/A | O96: =COUNTIFs(Matches!$B:$B,E96,Matches!$A:$A,">"&Q96,Matches!$A:$A,"<"&R96) -> 0 | P96: =COUNTIFs(Matches!$C:$C,E96,Matches!$A:$A,">"&Q96,Matches!$A:$A,"<"&R96) -> 0 | Q96: =VLOOKUP($C$2,Quotas!$A$7:$E$14,2,FALSE) -> 46213.708 | R96: =VLOOKUP($C$2,Quotas!$A$7:$E$14,3,FALSE) -> 46220.708
A97: {=XLOOKUP($E97,'Player Database'!$B$2:$B758,'Player Database'!$C$2:$C758)} -> #N/A | B97: {=XLOOKUP($E97,'Player Database'!$B$2:$B758,'Player Database'!$E$2:$E758)} -> #N/A | C97: {=XLOOKUP($E97,'Player Database'!$B$2:$B758,'Player Database'!$F$2:$F758)} -> #N/A | D97: =IFERROR(__xludf.DUMMYFUNCTION("""COMPUTED_VALUE"""),1.0) -> 1 | F97: {=XLOOKUP($E97,'Player Database'!$B$2:$B758,'Player Database'!$K$2:$K758)} -> #N/A | G97: {=XLOOKUP($E97,'Player Database'!$B$2:$B758,'Player Database'!$H$2:$H758)} -> #N/A | H97: {=XLOOKUP($E97,'Player Database'!$B$2:$B758,'Player Database'!$O$2:$O758)} -> #N/A | I97: {=XLOOKUP($E97,'Player Database'!$B$2:$B758,'Player Database'!$P$2:$P758)} -> #N/A | J97: {=XLOOKUP($E97,'Player Database'!$B$2:$B758,'Player Database'!$U$2:$U758)} -> #N/A | K97: =VLOOKUP(E97, 'Player Database'!B:AE, 30, FALSE) -> #N/A | L97: {=XLOOKUP($E97,'Player Database'!$B$2:$B758,'Player Database'!$W$2:$W758)} -> #N/A | M97: =CONCATENATE(O97," - ",P97) -> 0 - 0 | N97: {=IF(XLOOKUP($E97,'Player Database'!$B$2:$B758,'Player Database'!$AA$2:$AA758)="",XLOOKUP($E97,'Player Database'!$B$2:$B758,'Player Database'!$G$2:$G758),XLOOKUP($E97,'Player Database'!$B$2:$B758,'Player Database'!$AA$2:$AA758))} -> #N/A | O97: =COUNTIFs(Matches!$B:$B,E97,Matches!$A:$A,">"&Q97,Matches!$A:$A,"<"&R97) -> 0 | P97: =COUNTIFs(Matches!$C:$C,E97,Matches!$A:$A,">"&Q97,Matches!$A:$A,"<"&R97) -> 0 | Q97: =VLOOKUP($C$2,Quotas!$A$7:$E$14,2,FALSE) -> 46213.708 | R97: =VLOOKUP($C$2,Quotas!$A$7:$E$14,3,FALSE) -> 46220.708
A98: {=XLOOKUP($E98,'Player Database'!$B$2:$B758,'Player Database'!$C$2:$C758)} -> #N/A | B98: {=XLOOKUP($E98,'Player Database'!$B$2:$B758,'Player Database'!$E$2:$E758)} -> #N/A | C98: {=XLOOKUP($E98,'Player Database'!$B$2:$B758,'Player Database'!$F$2:$F758)} -> #N/A | D98: =IFERROR(__xludf.DUMMYFUNCTION("""COMPUTED_VALUE"""),1.0) -> 1 | F98: {=XLOOKUP($E98,'Player Database'!$B$2:$B758,'Player Database'!$K$2:$K758)} -> #N/A | G98: {=XLOOKUP($E98,'Player Database'!$B$2:$B758,'Player Database'!$H$2:$H758)} -> #N/A | H98: {=XLOOKUP($E98,'Player Database'!$B$2:$B758,'Player Database'!$O$2:$O758)} -> #N/A | I98: {=XLOOKUP($E98,'Player Database'!$B$2:$B758,'Player Database'!$P$2:$P758)} -> #N/A | J98: {=XLOOKUP($E98,'Player Database'!$B$2:$B758,'Player Database'!$U$2:$U758)} -> #N/A | K98: =VLOOKUP(E98, 'Player Database'!B:AE, 30, FALSE) -> #N/A | L98: {=XLOOKUP($E98,'Player Database'!$B$2:$B758,'Player Database'!$W$2:$W758)} -> #N/A | M98: =CONCATENATE(O98," - ",P98) -> 0 - 0 | N98: {=IF(XLOOKUP($E98,'Player Database'!$B$2:$B758,'Player Database'!$AA$2:$AA758)="",XLOOKUP($E98,'Player Database'!$B$2:$B758,'Player Database'!$G$2:$G758),XLOOKUP($E98,'Player Database'!$B$2:$B758,'Player Database'!$AA$2:$AA758))} -> #N/A | O98: =COUNTIFs(Matches!$B:$B,E98,Matches!$A:$A,">"&Q98,Matches!$A:$A,"<"&R98) -> 0 | P98: =COUNTIFs(Matches!$C:$C,E98,Matches!$A:$A,">"&Q98,Matches!$A:$A,"<"&R98) -> 0 | Q98: =VLOOKUP($C$2,Quotas!$A$7:$E$14,2,FALSE) -> 46213.708 | R98: =VLOOKUP($C$2,Quotas!$A$7:$E$14,3,FALSE) -> 46220.708
A99: {=XLOOKUP($E99,'Player Database'!$B$2:$B758,'Player Database'!$C$2:$C758)} -> #N/A | B99: {=XLOOKUP($E99,'Player Database'!$B$2:$B758,'Player Database'!$E$2:$E758)} -> #N/A | C99: {=XLOOKUP($E99,'Player Database'!$B$2:$B758,'Player Database'!$F$2:$F758)} -> #N/A | D99: =IFERROR(__xludf.DUMMYFUNCTION("""COMPUTED_VALUE"""),1.0) -> 1 | F99: {=XLOOKUP($E99,'Player Database'!$B$2:$B758,'Player Database'!$K$2:$K758)} -> #N/A | G99: {=XLOOKUP($E99,'Player Database'!$B$2:$B758,'Player Database'!$H$2:$H758)} -> #N/A | H99: {=XLOOKUP($E99,'Player Database'!$B$2:$B758,'Player Database'!$O$2:$O758)} -> #N/A | I99: {=XLOOKUP($E99,'Player Database'!$B$2:$B758,'Player Database'!$P$2:$P758)} -> #N/A | J99: {=XLOOKUP($E99,'Player Database'!$B$2:$B758,'Player Database'!$U$2:$U758)} -> #N/A | K99: =VLOOKUP(E99, 'Player Database'!B:AE, 30, FALSE) -> #N/A | L99: {=XLOOKUP($E99,'Player Database'!$B$2:$B758,'Player Database'!$W$2:$W758)} -> #N/A | M99: =CONCATENATE(O99," - ",P99) -> 0 - 0 | N99: {=IF(XLOOKUP($E99,'Player Database'!$B$2:$B758,'Player Database'!$AA$2:$AA758)="",XLOOKUP($E99,'Player Database'!$B$2:$B758,'Player Database'!$G$2:$G758),XLOOKUP($E99,'Player Database'!$B$2:$B758,'Player Database'!$AA$2:$AA758))} -> #N/A | O99: =COUNTIFs(Matches!$B:$B,E99,Matches!$A:$A,">"&Q99,Matches!$A:$A,"<"&R99) -> 0 | P99: =COUNTIFs(Matches!$C:$C,E99,Matches!$A:$A,">"&Q99,Matches!$A:$A,"<"&R99) -> 0 | Q99: =VLOOKUP($C$2,Quotas!$A$7:$E$14,2,FALSE) -> 46213.708 | R99: =VLOOKUP($C$2,Quotas!$A$7:$E$14,3,FALSE) -> 46220.708
A100: {=XLOOKUP($E100,'Player Database'!$B$2:$B758,'Player Database'!$C$2:$C758)} -> #N/A | B100: {=XLOOKUP($E100,'Player Database'!$B$2:$B758,'Player Database'!$E$2:$E758)} -> #N/A | C100: {=XLOOKUP($E100,'Player Database'!$B$2:$B758,'Player Database'!$F$2:$F758)} -> #N/A | D100: =IFERROR(__xludf.DUMMYFUNCTION("""COMPUTED_VALUE"""),1.0) -> 1 | F100: {=XLOOKUP($E100,'Player Database'!$B$2:$B758,'Player Database'!$K$2:$K758)} -> #N/A | G100: {=XLOOKUP($E100,'Player Database'!$B$2:$B758,'Player Database'!$H$2:$H758)} -> #N/A | H100: {=XLOOKUP($E100,'Player Database'!$B$2:$B758,'Player Database'!$O$2:$O758)} -> #N/A | I100: {=XLOOKUP($E100,'Player Database'!$B$2:$B758,'Player Database'!$P$2:$P758)} -> #N/A | J100: {=XLOOKUP($E100,'Player Database'!$B$2:$B758,'Player Database'!$U$2:$U758)} -> #N/A | K100: =VLOOKUP(E100, 'Player Database'!B:AE, 30, FALSE) -> #N/A | L100: {=XLOOKUP($E100,'Player Database'!$B$2:$B758,'Player Database'!$W$2:$W758)} -> #N/A | M100: =CONCATENATE(O100," - ",P100) -> 0 - 0 | N100: {=IF(XLOOKUP($E100,'Player Database'!$B$2:$B758,'Player Database'!$AA$2:$AA758)="",XLOOKUP($E100,'Player Database'!$B$2:$B758,'Player Database'!$G$2:$G758),XLOOKUP($E100,'Player Database'!$B$2:$B758,'Player Database'!$AA$2:$AA758))} -> #N/A | O100: =COUNTIFs(Matches!$B:$B,E100,Matches!$A:$A,">"&Q100,Matches!$A:$A,"<"&R100) -> 0 | P100: =COUNTIFs(Matches!$C:$C,E100,Matches!$A:$A,">"&Q100,Matches!$A:$A,"<"&R100) -> 0 | Q100: =VLOOKUP($C$2,Quotas!$A$7:$E$14,2,FALSE) -> 46213.708 | R100: =VLOOKUP($C$2,Quotas!$A$7:$E$14,3,FALSE) -> 46220.708
...

Sheet Hero Standings
A1: ARENA GAUNTLET LEAGUE: Marvel Super Heroes AGENCY OF HEROES
A2: Week: | C2: =Quotas!B2 -> 3
A3: PLAYER NAME | B3: ARENA ID | C3: COUNTRY | D3: RANK | E3: Player Name & ID | F3: RECORD | G3: MATCHES PLAYED | H3: MATCHES <Min | I3: MATCHES <Max | J3: OMW% | K3: HERO SCORE | L3: MATCHES TO PLAY STATUS | M3: THIS WEEK | N3: OTHER INFO
A4: =IFERROR(__xludf.DUMMYFUNCTION("QUERY('Combined Standings'!A4:N175, ""Select A, B, C Where K > -1"")"),"#N/A") -> #N/A | D4: 1 | F4: =IFERROR(__xludf.DUMMYFUNCTION("QUERY('Combined Standings'!A4:N175, ""Select F, G, H, I, J, K, L, M, N Where K > -1"")"),"#N/A") -> #N/A
D5: =IF(A5="", "", D4+1)
D6: =IF(A6="", "", D5+1)
D7: =IF(A7="", "", D6+1)
D8: =IF(A8="", "", D7+1)
D9: =IF(A9="", "", D8+1)
D10: =IF(A10="", "", D9+1)
D11: =IF(A11="", "", D10+1)
D12: =IF(A12="", "", D11+1)
D13: =IF(A13="", "", D12+1)
D14: =IF(A14="", "", D13+1)
D15: =IF(A15="", "", D14+1)
D16: =IF(A16="", "", D15+1)
... D120: =IF(A120="", "", D119+1)
A121: ENTROPY | F121: =IFERROR(__xludf.DUMMYFUNCTION("CONCATENATE(TO_TEXT(SUM('Player Database'!$K:$K)),"" - 0"")"),"0 - 0") -> 0 - 0 | G121: =COUNTIF(Entropy!$C:$C,A121) -> 98
A122: TOTALS (incl entropy) | F122: =IFERROR(__xludf.DUMMYFUNCTION("CONCATENATE(TO_TEXT(SUM('Player Database'!$I$2:$I945)),"" - "",TO_TEXT(SUM('Player Database'!$J$2:$J945)))"),"0 - 0") -> 0 - 0 | G122: =SUM(G4:G121) -> 98 | H122: =SUMif(H4:H120,">0") -> 0 | I122: =SUMif(I4:I120,">0") -> 0
A123: TOTALS (w/o entropy) | F123: =IFERROR(__xludf.DUMMYFUNCTION("CONCATENATE(TO_TEXT(SUM('Player Database'!$I$2:$I945)),"" - "",TO_TEXT(SUM('Player Database'!$J$2:$J945)-SUM('Player Database'!$L$2:$L945)))"),"0 - 0") -> 0 - 0 | G123: =G122-COUNTIF(#REF!,"TRUE") -> 98
A125: Number of Active Heroes: | C125: =COUNTA($A4:$A120)-$C126-COUNTIFS($G4:$G120,30,$L4:$L120,"Maxed out") -> 1
A126: Number of Heroes Eliminated: | C126: =COUNTIF($L4:$L121,"Eliminated") -> 0

Sheet Villain Standings
A1: ARENA GAUNTLET LEAGUE: Marvel Super Heroes LEAGUE OF VILLAINS
A2: Week: | C2: =Quotas!B2 -> 3
A3: PLAYER NAME | B3: ARENA ID | C3: COUNTRY | D3: RANK | E3: Player Name & ID | F3: RECORD | G3: MATCHES PLAYED | H3: MATCHES <Min | I3: MATCHES <Max | J3: OMW% | K3: HERO SCORE | L3: MATCHES TO PLAY STATUS | M3: THIS WEEK | N3: OTHER INFO
A4: =IFERROR(__xludf.DUMMYFUNCTION("QUERY('Combined Standings'!A4:N175, ""Select A, B, C Where K < 0"")"),"#N/A") -> #N/A | D4: 1 | F4: =IFERROR(__xludf.DUMMYFUNCTION("QUERY('Combined Standings'!A4:N175, ""Select F, G, H, I, J, K, L, M, N Where K < 0"")"),"#N/A") -> #N/A
D5: =IF(A5="", "", D4+1)
D6: =IF(A6="", "", D5+1)
D7: =IF(A7="", "", D6+1)
D8: =IF(A8="", "", D7+1)
D9: =IF(A9="", "", D8+1)
D10: =IF(A10="", "", D9+1)
D11: =IF(A11="", "", D10+1)
D12: =IF(A12="", "", D11+1)
D13: =IF(A13="", "", D12+1)
D14: =IF(A14="", "", D13+1)
D15: =IF(A15="", "", D14+1)
D16: =IF(A16="", "", D15+1)
... D120: =IF(A120="", "", D119+1)
A121: ENTROPY | F121: =IFERROR(__xludf.DUMMYFUNCTION("CONCATENATE(TO_TEXT(SUM('Player Database'!$K:$K)),"" - 0"")"),"0 - 0") -> 0 - 0 | G121: =COUNTIF(Entropy!$C:$C,A121) -> 98
A122: TOTALS (incl entropy) | F122: =IFERROR(__xludf.DUMMYFUNCTION("CONCATENATE(TO_TEXT(SUM('Player Database'!$I$2:$I945)),"" - "",TO_TEXT(SUM('Player Database'!$J$2:$J945)))"),"0 - 0") -> 0 - 0 | G122: =SUM(G4:G121) -> 98 | H122: =SUMif(H4:H120,">0") -> 0 | I122: =SUMif(I4:I120,">0") -> 0
A123: TOTALS (w/o entropy) | F123: =IFERROR(__xludf.DUMMYFUNCTION("CONCATENATE(TO_TEXT(SUM('Player Database'!$I$2:$I945)),"" - "",TO_TEXT(SUM('Player Database'!$J$2:$J945)-SUM('Player Database'!$L$2:$L945)))"),"0 - 0") -> 0 - 0 | G123: =G122-COUNTIF(#REF!,"TRUE") -> 98
A125: Number of Active Villains: | C125: =COUNTA($A4:$A120)-$C126-COUNTIFS($G4:$G120,30,$L4:$L120,"Maxed out") -> 1
A126: Number of Villains Eliminated: | C126: =COUNTIF($L4:$L121,"Eliminated") -> 0

Sheet Quotas
A1: ='Combined Standings'!A1 -> ARENA GAUNTLET LEAGUE: Marvel Super Heroes
A2: WEEK # | B2: =IFS(now()>Quotas!B11,3, now()>Quotas!B10,2, now()>Quotas!B9,1,now()<Quotas!B9,0) -> 3 | C2: Entropy Week | D2: 3 | E2: (should be at 0 before the league starts)
D3: .
A4: QUOTA: | B4: =ifs(B2=A8,"0",B2=A9,CONCATENATE(D9,"-",E9),B2=A10,CONCATENATE(D10,"-",E10),B2=A11,CONCATENATE(D11,"-",E11),B2=#REF!,CONCATENATE(#REF!,"-",#REF!),B2=#REF!,CONCATENATE(#REF!,"-",#REF!),B2=#REF!,CONCATENATE(#REF!,"-",#REF!)) -> 13-15
B6: DATES | D6: MATCHES RANGE | G6: PLANE CODES
A7: WEEK | B7: FROM | C7: TO | D7: MIN | E7: MAX | G7: DOM
A8: 0 | B8: Registration | C8: =B9 -> 46199.708 | D8: 0 | E8: 0 | G8: M21
A9: 1 | B9: 46199.708 | C9: =B9+7 -> 46206.708 | D9: 3 | E9: 5 | G9: AFR
A10: 2 | B10: =C9 -> 46206.708 | C10: =B10+7 -> 46213.708 | D10: =D9+5 -> 8 | E10: =E9+5 -> 10 | G10: KLR
A11: 3 | B11: =C10 -> 46213.708 | C11: =B11+7 -> 46220.708 | D11: =D10+5 -> 13 | E11: =E10+5 -> 15 | G11: M19
A12: 4 | B12: =C11 -> 46220.708 | C12: =B12+7 -> 46227.708 | D12: =D11+5 -> 18 | E12: =E11+5 -> 20
A13: 5 | B13: =C12 -> 46227.708 | C13: =B13+7 -> 46234.708 | D13: =D12+5 -> 23 | E13: =E12+5 -> 25
A14: 6 | B14: =C13 -> 46234.708 | C14: =B14+7 -> 46241.708 | D14: =30 -> 30 | E14: =E13+5 -> 30
B15: **You must end each week within the specified Min-Max range of matches played. Times in EST. | G15: M20
G16: SNC
G17: BRO
G18: XLN
G19: STX
G20: AKR
G21: KHM
G22: DMU
G23: ELD
G24: IKO
G25: NEO
G26: THB
G27: ISD

Sheet Entropy
A1: ='Combined Standings'!A1 -> ARENA GAUNTLET LEAGUE: Marvel Super Heroes
A2: WEEK # | B2: ='Combined Standings'!C2 -> 3
A4: MATCH # | B4: WEEK | C4: PLAYER 1 | D4: PLAYER 2 | E4: PLAYER 1 SCORE | F4: PLAYER 2 SCORE | G4: RESULT | H4: Bot Messaged | I4: Timestamp | J4: DM Sent | K4: Pack Chosen | L4: Packs Offered
A5: 0 | B5: 1 | C5: ENTROPY | D5: Adrian C - CarrRadio#73846 | E5: 2 | F5: 0 | H5: TRUE | I5: 46206.707 | J5: TRUE | K5: TRUE | L5: [marvel-offers:mkm,tmt]
A6: 0 | B6: 1 | C6: ENTROPY | D6: Albert Z - water#52340 | E6: 2 | F6: 0 | H6: TRUE | I6: 46206.707 | J6: TRUE | L6: [marvel-offers:ltr,tmt,msh]
A7: 0 | B7: 1 | C7: ENTROPY | D7: Albert Z - water#52340 | E7: 2 | F7: 0 | H7: TRUE | I7: 46206.707
A8: 0 | B8: 1 | C8: ENTROPY | D8: Albert Z - water#52340 | E8: 2 | F8: 0 | H8: TRUE | I8: 46206.707
A9: 0 | B9: 1 | C9: ENTROPY | D9: Benjamin M - benj#73000 | E9: 2 | F9: 0 | H9: TRUE | I9: 46206.707 | J9: TRUE | K9: TRUE | L9: [marvel-offers:ltr,spm,msh]
A10: 0 | B10: 1 | C10: ENTROPY | D10: Benjamin M - benj#73000 | E10: 2 | F10: 0 | H10: TRUE | I10: 46206.707 | J10: TRUE | K10: TRUE | L10: [marvel-offers:tla,otj]
A11: 0 | B11: 1 | C11: ENTROPY | D11: Benjamin M - benj#73000 | E11: 2 | F11: 0 | H11: TRUE | I11: 46206.707 | J11: TRUE | K11: TRUE | L11: [marvel-offers:tla,tmt,msh]
A12: 0 | B12: 1 | C12: ENTROPY | D12: Curtis K - Oblivion#40925 | E12: 2 | F12: 0 | H12: TRUE | I12: 46206.707 | J12: TRUE | L12: [marvel-offers:mkm,tmt,msh]
A13: 0 | B13: 1 | C13: ENTROPY | D13: Curtis K - Oblivion#40925 | E13: 2 | F13: 0 | H13: TRUE | I13: 46206.707
A14: 0 | B14: 1 | C14: ENTROPY | D14: Curtis K - Oblivion#40925 | E14: 2 | F14: 0 | H14: TRUE | I14: 46206.707
A15: 0 | B15: 1 | C15: ENTROPY | D15: Emmett F - Sepulchure#51526 | E15: 2 | F15: 0 | H15: TRUE | I15: 46206.707
A16: 0 | B16: 1 | C16: ENTROPY | D16: Ethan C - lasaga cat#94863 | E16: 2 | F16: 0 | H16: TRUE | I16: 46206.707 | J16: TRUE | K16: TRUE | L16: [marvel-offers:ltr,tmt]
A17: 0 | B17: 1 | C17: ENTROPY | D17: Michael M - Atombomb11991#07305 | E17: 2 | F17: 0 | H17: TRUE | I17: 46206.707 | J17: TRUE | K17: TRUE | L17: [marvel-offers:ltr,tmt]
A18: 0 | B18: 1 | C18: ENTROPY | D18: Oskar T - ossytubbi#87966 | E18: 2 | F18: 0 | H18: TRUE | I18: 46206.707 | J18: TRUE | L18: [marvel-offers:mkm,otj,msh]
A19: 0 | B19: 1 | C19: ENTROPY | D19: Oskar T - ossytubbi#87966 | E19: 2 | F19: 0 | H19: TRUE | I19: 46206.707
A20: 0 | B20: 1 | C20: ENTROPY | D20: Oskar T - ossytubbi#87966 | E20: 2 | F20: 0 | H20: TRUE | I20: 46206.707
A21: 0 | B21: 1 | C21: ENTROPY | D21: Stefan V - Silversword#06621 | E21: 2 | F21: 0 | H21: TRUE | I21: 46206.707 | J21: TRUE | K21: TRUE | L21: [marvel-offers:mkm,otj]
A22: 0 | B22: 2 | C22: ENTROPY | D22: Adam St - Mythk#27035 | E22: 2 | F22: 0 | H22: TRUE | I22: 46213.709 | J22: TRUE | L22: [marvel-offers:tla,otj]
A23: 0 | B23: 2 | C23: ENTROPY | D23: Adam St - Mythk#27035 | E23: 2 | F23: 0 | H23: TRUE | I23: 46213.709
A24: 0 | B24: 2 | C24: ENTROPY | D24: Adam St - Mythk#27035 | E24: 2 | F24: 0 | H24: TRUE | I24: 46213.709
A25: 0 | B25: 2 | C25: ENTROPY | D25: Adrian C - CarrRadio#73846 | E25: 2 | F25: 0 | H25: TRUE | I25: 46213.709 | J25: TRUE | K25: TRUE | L25: [marvel-offers:mkm,spm,msh]
A26: 0 | B26: 2 | C26: ENTROPY | D26: Adrian C - CarrRadio#73846 | E26: 2 | F26: 0 | H26: TRUE | I26: 46213.709 | J26: TRUE | K26: TRUE | L26: [marvel-offers:mkm,tmt,msh]
A27: 0 | B27: 2 | C27: ENTROPY | D27: Adrian C - CarrRadio#73846 | E27: 2 | F27: 0 | H27: TRUE | I27: 46213.709 | J27: TRUE | K27: TRUE | L27: [marvel-offers:tla,tmt]
A28: 0 | B28: 2 | C28: ENTROPY | D28: Adrian C - CarrRadio#73846 | E28: 2 | F28: 0 | H28: TRUE | I28: 46213.709 | J28: TRUE | K28: TRUE | L28: [marvel-offers:tla,tmt,msh]
A29: 0 | B29: 2 | C29: ENTROPY | D29: Adrian C - CarrRadio#73846 | E29: 2 | F29: 0 | H29: TRUE | I29: 46213.709 | J29: TRUE | K29: TRUE | L29: [marvel-offers:tla,spm]
A30: 0 | B30: 2 | C30: ENTROPY | D30: Albert Z - water#52340 | E30: 2 | F30: 0 | H30: TRUE | I30: 46213.709
A31: 0 | B31: 2 | C31: ENTROPY | D31: Albert Z - water#52340 | E31: 2 | F31: 0 | H31: TRUE | I31: 46213.709
A32: 0 | B32: 2 | C32: ENTROPY | D32: Albert Z - water#52340 | E32: 2 | F32: 0 | H32: TRUE | I32: 46213.709
A33: 0 | B33: 2 | C33: ENTROPY | D33: Albert Z - water#52340 | E33: 2 | F33: 0 | H33: TRUE | I33: 46213.709
A34: 0 | B34: 2 | C34: ENTROPY | D34: Albert Z - water#52340 | E34: 2 | F34: 0 | H34: TRUE | I34: 46213.709
A35: 0 | B35: 2 | C35: ENTROPY | D35: Alex We - TrashMan#57762 | E35: 2 | F35: 0 | H35: TRUE | I35: 46213.709 | J35: TRUE | K35: TRUE | L35: [marvel-offers:mkm,otj]
A36: 0 | B36: 2 | C36: ENTROPY | D36: Alex We - TrashMan#57762 | E36: 2 | F36: 0 | H36: TRUE | I36: 46213.709 | J36: TRUE | L36: [marvel-offers:ltr,spm,msh]
A37: 0 | B37: 2 | C37: ENTROPY | D37: Alex We - TrashMan#57762 | E37: 2 | F37: 0 | H37: TRUE | I37: 46213.709
A38: 0 | B38: 2 | C38: ENTROPY | D38: Alex We - TrashMan#57762 | E38: 2 | F38: 0 | H38: TRUE | I38: 46213.709
A39: 0 | B39: 2 | C39: ENTROPY | D39: Alex We - TrashMan#57762 | E39: 2 | F39: 0 | H39: TRUE | I39: 46213.709
A40: 0 | B40: 2 | C40: ENTROPY | D40: Alexander C - StoplightDelight#66421 | E40: 2 | F40: 0 | H40: TRUE | I40: 46213.709 | J40: TRUE | K40: TRUE | L40: [marvel-offers:tla,otj,msh]
A41: 0 | B41: 2 | C41: ENTROPY | D41: Alexander C - StoplightDelight#66421 | E41: 2 | F41: 0 | H41: TRUE | I41: 46213.709 | J41: TRUE | K41: TRUE | L41: [marvel-offers:mkm,otj,msh]
A42: 0 | B42: 2 | C42: ENTROPY | D42: Alexander C - StoplightDelight#66421 | E42: 2 | F42: 0 | H42: TRUE | I42: 46213.709 | J42: TRUE | K42: TRUE | L42: [marvel-offers:ltr,tmt,msh]
A43: 0 | B43: 2 | C43: ENTROPY | D43: Alexander C - StoplightDelight#66421 | E43: 2 | F43: 0 | H43: TRUE | I43: 46213.709 | J43: TRUE | K43: TRUE | L43: [marvel-offers:mkm,tmt,msh]
A44: 0 | B44: 2 | C44: ENTROPY | D44: Alexander C - StoplightDelight#66421 | E44: 2 | F44: 0 | H44: TRUE | I44: 46213.709 | J44: TRUE | K44: TRUE | L44: [marvel-offers:tla,tmt,msh]
A45: 0 | B45: 2 | C45: ENTROPY | D45: Ammon M - ForgottenPast#86029 | E45: 2 | F45: 0 | H45: TRUE | I45: 46213.709
A46: 0 | B46: 2 | C46: ENTROPY | D46: Ammon M - ForgottenPast#86029 | E46: 2 | F46: 0 | H46: TRUE | I46: 46213.709
A47: 0 | B47: 2 | C47: ENTROPY | D47: Andrew M - Robespierre#01976 | E47: 2 | F47: 0 | H47: TRUE | I47: 46213.709 | J47: TRUE | L47: [marvel-offers:ltr,tmt]
A48: 0 | B48: 2 | C48: ENTROPY | D48: Andrew M - Robespierre#01976 | E48: 2 | F48: 0 | H48: TRUE | I48: 46213.709
A49: 0 | B49: 2 | C49: ENTROPY | D49: Andrew M - Robespierre#01976 | E49: 2 | F49: 0 | H49: TRUE | I49: 46213.709
A50: 0 | B50: 2 | C50: ENTROPY | D50: Andrew M - Robespierre#01976 | E50: 2 | F50: 0 | H50: TRUE | I50: 46213.709
A51: 0 | B51: 2 | C51: ENTROPY | D51: Andrew M - Robespierre#01976 | E51: 2 | F51: 0 | H51: TRUE | I51: 46213.709
A52: 0 | B52: 2 | C52: ENTROPY | D52: Ben M - cardmaaster#84341 | E52: 2 | F52: 0 | H52: TRUE | I52: 46213.709 | J52: TRUE | K52: TRUE | L52: [marvel-offers:ltr,otj]
A53: 0 | B53: 2 | C53: ENTROPY | D53: Ben M - cardmaaster#84341 | E53: 2 | F53: 0 | H53: TRUE | I53: 46213.709 | J53: TRUE | K53: TRUE | L53: [marvel-offers:mkm,spm,msh]
A54: 0 | B54: 2 | C54: ENTROPY | D54: Ben M - cardmaaster#84341 | E54: 2 | F54: 0 | H54: TRUE | I54: 46213.709 | J54: TRUE | L54: [marvel-offers:ltr,spm,msh]
A55: 0 | B55: 2 | C55: ENTROPY | D55: Benjamin M - benj#73000 | E55: 2 | F55: 0 | H55: TRUE | I55: 46213.709 | J55: TRUE | L55: [marvel-offers:tla,tmt]
A56: 0 | B56: 2 | C56: ENTROPY | D56: Benjamin M - benj#73000 | E56: 2 | F56: 0 | H56: TRUE | I56: 46213.709
A57: 0 | B57: 2 | C57: ENTROPY | D57: Benjamin M - benj#73000 | E57: 2 | F57: 0 | H57: TRUE | I57: 46213.709
A58: 0 | B58: 2 | C58: ENTROPY | D58: Benjamin M - benj#73000 | E58: 2 | F58: 0 | H58: TRUE | I58: 46213.709
A59: 0 | B59: 2 | C59: ENTROPY | D59: Benjamin M - benj#73000 | E59: 2 | F59: 0 | H59: TRUE | I59: 46213.709
A60: 0 | B60: 2 | C60: ENTROPY | D60: Bernard B - bforbernard#46312 | E60: 2 | F60: 0 | H60: TRUE | I60: 46213.709 | J60: TRUE | L60: [marvel-offers:tla,otj,msh]
A61: 0 | B61: 2 | C61: ENTROPY | D61: Bernard B - bforbernard#46312 | E61: 2 | F61: 0 | H61: TRUE | I61: 46213.709
A62: 0 | B62: 2 | C62: ENTROPY | D62: Christopher G - oompaloompa#65002 | E62: 2 | F62: 0 | H62: TRUE | I62: 46213.709 | J62: TRUE | K62: TRUE | L62: [marvel-offers:tla,tmt,msh]
A63: 0 | B63: 2 | C63: ENTROPY | D63: Curtis K - Oblivion#40925 | E63: 2 | F63: 0 | H63: TRUE | I63: 46213.709
A64: 0 | B64: 2 | C64: ENTROPY | D64: Curtis K - Oblivion#40925 | E64: 2 | F64: 0 | H64: TRUE | I64: 46213.709
A65: 0 | B65: 2 | C65: ENTROPY | D65: Curtis K - Oblivion#40925 | E65: 2 | F65: 0 | H65: TRUE | I65: 46213.709
A66: 0 | B66: 2 | C66: ENTROPY | D66: Curtis K - Oblivion#40925 | E66: 2 | F66: 0 | H66: TRUE | I66: 46213.709
A67: 0 | B67: 2 | C67: ENTROPY | D67: Curtis K - Oblivion#40925 | E67: 2 | F67: 0 | H67: TRUE | I67: 46213.709
A68: 0 | B68: 2 | C68: ENTROPY | D68: Dallas M - Magicmrmoose#82526 | E68: 2 | F68: 0 | H68: TRUE | I68: 46213.709 | J68: TRUE | L68: [marvel-offers:mkm,otj,msh]
A69: 0 | B69: 2 | C69: ENTROPY | D69: Dallas M - Magicmrmoose#82526 | E69: 2 | F69: 0 | H69: TRUE | I69: 46213.709
A70: 0 | B70: 2 | C70: ENTROPY | D70: Dallas M - Magicmrmoose#82526 | E70: 2 | F70: 0 | H70: TRUE | I70: 46213.709
A71: 0 | B71: 2 | C71: ENTROPY | D71: Emmett F - Sepulchure#51526 | E71: 2 | F71: 0 | H71: TRUE | I71: 46213.709
A72: 0 | B72: 2 | C72: ENTROPY | D72: Emmett F - Sepulchure#51526 | E72: 2 | F72: 0 | H72: TRUE | I72: 46213.709
A73: 0 | B73: 2 | C73: ENTROPY | D73: Emmett F - Sepulchure#51526 | E73: 2 | F73: 0 | H73: TRUE | I73: 46213.709
A74: 0 | B74: 2 | C74: ENTROPY | D74: Emmett F - Sepulchure#51526 | E74: 2 | F74: 0 | H74: TRUE | I74: 46213.709
A75: 0 | B75: 2 | C75: ENTROPY | D75: Emmett F - Sepulchure#51526 | E75: 2 | F75: 0 | H75: TRUE | I75: 46213.709
A76: 0 | B76: 2 | C76: ENTROPY | D76: Eric Y - egyeager#10250 | E76: 2 | F76: 0 | H76: TRUE | I76: 46213.709 | J76: TRUE | K76: TRUE | L76: [marvel-offers:ltr,tmt,msh]
A77: 0 | B77: 2 | C77: ENTROPY | D77: Gregory C - BigChase#15341 | E77: 2 | F77: 0 | H77: TRUE | I77: 46213.709
A78: 0 | B78: 2 | C78: ENTROPY | D78: Gregory C - BigChase#15341 | E78: 2 | F78: 0 | H78: TRUE | I78: 46213.709
A79: 0 | B79: 2 | C79: ENTROPY | D79: Gregory C - BigChase#15341 | E79: 2 | F79: 0 | H79: TRUE | I79: 46213.709
A80: 0 | B80: 2 | C80: ENTROPY | D80: Jonathan P - wheat4days#18347 | E80: 2 | F80: 0 | H80: TRUE | I80: 46213.709 | J80: TRUE | L80: [marvel-offers:ltr,tmt]
A81: 0 | B81: 2 | C81: ENTROPY | D81: Jonathan P - wheat4days#18347 | E81: 2 | F81: 0 | H81: TRUE | I81: 46213.709
A82: 0 | B82: 2 | C82: ENTROPY | D82: Jonathan P - wheat4days#18347 | E82: 2 | F82: 0 | H82: TRUE | I82: 46213.709
A83: 0 | B83: 2 | C83: ENTROPY | D83: Jonathan P - wheat4days#18347 | E83: 2 | F83: 0 | H83: TRUE | I83: 46213.709
A84: 0 | B84: 2 | C84: ENTROPY | D84: Kirk K - Hearto#70043 | E84: 2 | F84: 0 | H84: TRUE | I84: 46213.709 | J84: TRUE | K84: TRUE | L84: [marvel-offers:ltr,tmt,msh]
A85: 0 | B85: 2 | C85: ENTROPY | D85: Nick R - Snappy546#89582 | E85: 2 | F85: 0 | H85: TRUE | I85: 46213.709 | J85: TRUE | K85: TRUE | L85: [marvel-offers:mkm,otj]
A86: 0 | B86: 2 | C86: ENTROPY | D86: Nick R - Snappy546#89582 | E86: 2 | F86: 0 | H86: TRUE | I86: 46213.709 | J86: TRUE | K86: TRUE | L86: [marvel-offers:tla,otj,msh]
A87: 0 | B87: 2 | C87: ENTROPY | D87: Nick R - Snappy546#89582 | E87: 2 | F87: 0 | H87: TRUE | I87: 46213.709 | J87: TRUE | L87: [marvel-offers:mkm,tmt,msh]
A88: 0 | B88: 2 | C88: ENTROPY | D88: Nick R - Snappy546#89582 | E88: 2 | F88: 0 | H88: TRUE | I88: 46213.709
A89: 0 | B89: 2 | C89: ENTROPY | D89: Nick R - Snappy546#89582 | E89: 2 | F89: 0 | H89: TRUE | I89: 46213.709
A90: 0 | B90: 2 | C90: ENTROPY | D90: Oskar T - ossytubbi#87966 | E90: 2 | F90: 0 | H90: TRUE | I90: 46213.709
A91: 0 | B91: 2 | C91: ENTROPY | D91: Oskar T - ossytubbi#87966 | E91: 2 | F91: 0 | H91: TRUE | I91: 46213.709
A92: 0 | B92: 2 | C92: ENTROPY | D92: Oskar T - ossytubbi#87966 | E92: 2 | F92: 0 | H92: TRUE | I92: 46213.709
A93: 0 | B93: 2 | C93: ENTROPY | D93: Oskar T - ossytubbi#87966 | E93: 2 | F93: 0 | H93: TRUE | I93: 46213.709
A94: 0 | B94: 2 | C94: ENTROPY | D94: Oskar T - ossytubbi#87966 | E94: 2 | F94: 0 | H94: TRUE | I94: 46213.709
A95: 0 | B95: 2 | C95: ENTROPY | D95: Quill M - Nocnoc#13791 | E95: 2 | F95: 0 | H95: TRUE | I95: 46213.709 | J95: TRUE | K95: TRUE | L95: [marvel-offers:ltr,otj,msh]
A96: 0 | B96: 2 | C96: ENTROPY | D96: Stefan V - Silversword#06621 | E96: 2 | F96: 0 | H96: TRUE | I96: 46213.709 | J96: TRUE | K96: TRUE | L96: [marvel-offers:tla,tmt,msh]
A97: 0 | B97: 2 | C97: ENTROPY | D97: Thong K - Cromatis#61183 | E97: 2 | F97: 0 | H97: TRUE | I97: 46213.709 | J97: TRUE | L97: [marvel-offers:mkm,spm]
A98: 0 | B98: 2 | C98: ENTROPY | D98: Thong K - Cromatis#61183 | E98: 2 | F98: 0 | H98: TRUE | I98: 46213.709
A99: 0 | B99: 2 | C99: ENTROPY | D99: Thong K - Cromatis#61183 | E99: 2 | F99: 0 | H99: TRUE | I99: 46213.709
A100: 0 | B100: 2 | C100: ENTROPY | D100: Will M - Argonplatypus#63382 | E100: 2 | F100: 0 | H100: TRUE | I100: 46213.709 | J100: TRUE | L100: [marvel-offers:ltr,otj,msh]
A101: 0 | B101: 2 | C101: ENTROPY | D101: Will M - Argonplatypus#63382 | E101: 2 | F101: 0 | H101: TRUE | I101: 46213.709
...

Sheet Matches
A1: Timestamp | B1: Your Name | C1: Loser Name | D1: Result | E1: Notes | F1: Match Announced | G1: DM Sent | H1: Pack Chosen | I1: Packs Offered
A2: 46199.716 | B2: Brenden N - Eggplantsonfire#75821 | C2: Matt P - MattPow#53130 | D2: 2-0 | F2: TRUE | G2: TRUE | H2: TRUE
A3: 46199.724 | B3: Wesley R - Voluntary Ignorance#16973 | C3: Will M - Argonplatypus#63382 | D3: 2-0 | F3: TRUE | G3: TRUE | H3: TRUE
A4: 46199.724 | B4: Jacky L - Luckbox#52583 | C4: Brenden N - Eggplantsonfire#75821 | D4: 2-0 | F4: TRUE | G4: TRUE | H4: TRUE
A5: 46199.727 | B5: Aaron B - Bevelman#18220 | C5: Ammon M - ForgottenPast#86029 | D5: 2-0 | F5: TRUE | G5: TRUE | H5: TRUE
A6: 46199.731 | B6: Hannah B - Itsme#75750 | C6: Bobby W - sleepingwolf#58460 | D6: 2-0 | E6: GGS | F6: TRUE | G6: TRUE | H6: TRUE | I6: [marvel-offers:ltr,spm,msh]
A7: 46199.734 | B7: Lukas M - Finley_2k1#30925 | C7: Jamie W - Jamie#45846 | D7: 2-1 | F7: TRUE | G7: TRUE | H7: TRUE | I7: [marvel-offers:mkm,spm,msh]
A8: 46199.735 | B8: Alex H - Merriman#08092 | C8: Cody U - Speediurdi#14686 | D8: 2-1 | F8: TRUE | G8: TRUE | H8: TRUE | I8: [marvel-offers:tla,otj,msh]
A9: 46199.738 | B9: Luciano D - Vexisto#65373 | C9: Nick H - DriftDraftDraw#62192 | D9: 2-0 | F9: TRUE | G9: TRUE | H9: TRUE | I9: [marvel-offers:ltr,otj,msh]
A10: 46199.739 | B10: Nick A - Nistar#14127 | C10: Paul G - TheDragon#61289 | D10: 2-1 | F10: TRUE | G10: TRUE | H10: TRUE | I10: [marvel-offers:mkm,otj,msh]
A11: 46199.739 | B11: Chris P - Joker01#66827 | C11: Eric Y - egyeager#10250 | D11: 2-1 | F11: TRUE | G11: TRUE | H11: TRUE | I11: [marvel-offers:tla,spm,msh]
A12: 46199.74 | B12: Jared C - waffletiger#24369 | C12: Will M - Argonplatypus#63382 | D12: 2-0 | F12: TRUE | G12: TRUE | H12: TRUE | I12: [marvel-offers:mkm,spm,msh]
A13: 46199.742 | B13: Dirk E - BegginBlue#16667 | C13: Stijn V - Derpy#48087 | D13: 2-0 | F13: TRUE | G13: TRUE | H13: TRUE | I13: [marvel-offers:ltr,tmt,msh]
A14: 46199.743 | B14: Court G - C0urtSystem#61956 | C14: Alexis M - Alexsfly#67052 | D14: 2-0 | F14: TRUE | G14: TRUE | H14: TRUE | I14: [marvel-offers:ltr,tmt,msh]
A15: 46199.743 | B15: Brenden N - Eggplantsonfire#75821 | C15: Aaron B - Bevelman#18220 | D15: 2-0 | F15: TRUE | G15: TRUE | H15: TRUE | I15: [marvel-offers:ltr,spm,msh]
A16: 46199.748 | B16: Jacky L - Luckbox#52583 | C16: Ammon M - ForgottenPast#86029 | D16: 2-1 | E16: close games! | F16: TRUE | G16: TRUE | H16: TRUE | I16: [marvel-offers:mkm,spm,msh]
A17: 46199.751 | B17: Tim W - zaergaegyr#34014 | C17: Hannah B - Itsme#75750 | D17: 2-0 | F17: TRUE | G17: TRUE | H17: TRUE | I17: [marvel-offers:tla,spm,msh]
A18: 46199.751 | B18: Alex W - ImperialMarch#57138 | C18: Sawyer T - soyboy#35469 | D18: 2-1 | E18: ggs! | F18: TRUE | G18: TRUE | H18: TRUE | I18: [marvel-offers:ltr,otj,msh]
A19: 46199.752 | B19: Nick A - Nistar#14127 | C19: Bobby W - sleepingwolf#58460 | D19: 2-0 | E19: Welcome to the league! | F19: TRUE | G19: TRUE | H19: TRUE | I19: [marvel-offers:mkm,spm]
A20: 46199.758 | B20: Casey A - andrewca#12272 | C20: Aaron B - Bevelman#18220 | D20: 2-0 | F20: TRUE | G20: TRUE | H20: TRUE | I20: [marvel-offers:tla,tmt]
A21: 46199.763 | B21: Lukas M - Finley_2k1#30925 | C21: Jacky L - Luckbox#52583 | D21: 2-0 | F21: TRUE | G21: TRUE | H21: TRUE | I21: [marvel-offers:ltr,otj,msh]
A22: 46199.763 | B22: Michael W - adoodwithgood#69394 | C22: Parker D - Android5000#23254 | D22: 2-1 | F22: TRUE | G22: TRUE | H22: TRUE | I22: [marvel-offers:ltr,otj,msh]
A23: 46199.768 | B23: Luciano D - Vexisto#65373 | C23: Paul G - TheDragon#61289 | D23: 2-1 | F23: TRUE | G23: TRUE | H23: TRUE | I23: [marvel-offers:ltr,spm,msh]
A24: 46199.771 | B24: Matt Ko - Myth#18089 | C24: Alex H - Merriman#08092 | D24: 2-0 | F24: TRUE | G24: TRUE | H24: TRUE | I24: [marvel-offers:ltr,spm,msh]
A25: 46199.772 | B25: Jack H - Rakic#98298 | C25: Dirk E - BegginBlue#16667 | D25: 2-1 | F25: TRUE | G25: TRUE | H25: TRUE | I25: [marvel-offers:ltr,tmt,msh]
A26: 46199.773 | B26: Ammon M - ForgottenPast#86029 | C26: Tim W - zaergaegyr#34014 | D26: 2-1 | F26: TRUE | G26: TRUE | H26: TRUE | I26: [marvel-offers:mkm,tmt,msh]
A27: 46199.777 | B27: Jared C - waffletiger#24369 | C27: Hannah B - Itsme#75750 | D27: 2-1 | F27: TRUE | G27: TRUE | H27: TRUE | I27: [marvel-offers:mkm,otj]
A28: 46199.782 | B28: Joeri vdE - Saixzerjg#15429 | C28: Bernard B - bforbernard#46312 | D28: 2-0 | E28: gg | F28: TRUE | G28: TRUE | H28: TRUE | I28: [marvel-offers:tla,spm,msh]
A29: 46199.788 | B29: Paul G - TheDragon#61289 | C29: Court G - C0urtSystem#61956 | D29: 2-0 | F29: TRUE | G29: TRUE | H29: TRUE | I29: [marvel-offers:tla,tmt,msh]
A30: 46199.792 | B30: Adrian C - CarrRadio#73846 | C30: Ammon M - ForgottenPast#86029 | D30: 2-0 | F30: TRUE | G30: TRUE | H30: TRUE | I30: [marvel-offers:tla,otj,msh]
A31: 46199.793 | B31: Aaron B - Bevelman#18220 | C31: Daniel O - JaceVess#31204 | D31: 2-1 | E31: ggs | F31: TRUE | G31: TRUE | H31: TRUE | I31: [marvel-offers:tla,otj,msh]
A32: 46199.793 | B32: Joeri vdE - Saixzerjg#15429 | C32: Tim W - zaergaegyr#34014 | D32: 2-0 | E32: gg | F32: TRUE | G32: TRUE | H32: TRUE | I32: [marvel-offers:tla,spm]
A33: 46199.794 | B33: Lukas M - Finley_2k1#30925 | C33: Jack H - Rakic#98298 | D33: 2-0 | F33: TRUE | G33: TRUE | H33: TRUE | I33: [marvel-offers:ltr,tmt,msh]
A34: 46199.809 | B34: Matthew L - RamblinDash#10694 | C34: Stijn V - Derpy#48087 | D34: 2-0 | F34: TRUE | G34: TRUE | H34: TRUE | I34: [marvel-offers:tla,otj]
A35: 46199.816 | B35: Joeri vdE - Saixzerjg#15429 | C35: Aaron B - Bevelman#18220 | D35: 2-1 | E35: gg | F35: TRUE | G35: TRUE | H35: TRUE | I35: [marvel-offers:tla,spm,msh]
A36: 46199.825 | B36: Austin L - letschanator#21795 | C36: Joeri vdE - Saixzerjg#15429 | D36: 2-0 | F36: TRUE | G36: TRUE | H36: TRUE | I36: [marvel-offers:ltr,tmt,msh]
A37: 46199.826 | B37: Zach M - Merrillium#62012 | C37: Lucas G - Mcnuggs#97708 | D37: 2-1 | F37: TRUE | G37: TRUE | H37: TRUE | I37: [marvel-offers:mkm,spm,msh]
A38: 46199.828 | B38: Tim W - zaergaegyr#34014 | C38: Alex H - Merriman#08092 | D38: 2-1 | F38: TRUE | G38: TRUE | H38: TRUE | I38: [marvel-offers:mkm,tmt,msh]
A39: 46199.834 | B39: Buster S - Hugester#31975 | C39: Ammon M - ForgottenPast#86029 | D39: 2-1 | E39: GGs, Mentors Make the World Go Round | F39: TRUE | G39: TRUE | H39: TRUE | I39: [marvel-offers:ltr,otj]
A40: 46199.841 | B40: Howard T - Kaozu#62298 | C40: Wesley R - Voluntary Ignorance#16973 | D40: 2-1 | E40: GG | F40: TRUE | G40: TRUE | H40: TRUE | I40: [marvel-offers:tla,otj,msh]
A41: 46199.846 | B41: Wei C - Azayaka#83352 | C41: Tim W - zaergaegyr#34014 | D41: 2-1 | F41: TRUE | G41: TRUE | H41: TRUE | I41: [marvel-offers:mkm,spm,msh]
A42: 46199.851 | B42: Austin L - letschanator#21795 | C42: Lucas G - Mcnuggs#97708 | D42: 2-0 | F42: TRUE | G42: TRUE | H42: TRUE | I42: [marvel-offers:mkm,otj,msh]
A43: 46199.854 | B43: Casey A - andrewca#12272 | C43: Wyatt C - hotdolphin#30769 | D43: 2-0 | F43: TRUE | G43: TRUE | H43: TRUE | I43: [marvel-offers:mkm,otj,msh]
A44: 46199.855 | B44: Corey S - C-Dog#37775 | C44: Cody U - Speediurdi#14686 | D44: 2-1 | F44: TRUE | G44: TRUE | H44: TRUE | I44: [marvel-offers:mkm,spm,msh]
A45: 46199.858 | B45: Wei C - Azayaka#83352 | C45: Court G - C0urtSystem#61956 | D45: 2-0 | F45: TRUE | G45: TRUE | H45: TRUE | I45: [marvel-offers:ltr,tmt,msh]
A46: 46199.859 | B46: Zach M - Merrillium#62012 | C46: Edward H - PillageEnjoyer#05863 | D46: 2-1 | F46: TRUE | G46: TRUE | H46: TRUE | I46: [marvel-offers:ltr,spm,msh]
A47: 46199.866 | B47: Wesley R - Voluntary Ignorance#16973 | C47: Charles B - CandyDaniel#16348 | D47: 2-0 | F47: TRUE | G47: TRUE | H47: TRUE | I47: [marvel-offers:tla,tmt,msh]
A48: 46199.882 | B48: Lucas G - Mcnuggs#97708 | C48: Alex H - Merriman#08092 | D48: 2-1 | F48: TRUE | G48: TRUE | H48: TRUE | I48: [marvel-offers:tla,spm,msh]
A49: 46199.883 | B49: Corey S - C-Dog#37775 | C49: Bob P - HIT#08120 | D49: 2-1 | F49: TRUE | G49: TRUE | H49: TRUE | I49: [marvel-offers:mkm,otj,msh]
A50: 46199.886 | B50: Austin L - letschanator#21795 | C50: Wei C - Azayaka#83352 | D50: 2-1 | F50: TRUE | G50: TRUE | H50: TRUE | I50: [marvel-offers:ltr,spm,msh]
A51: 46199.903 | B51: Charles B - CandyDaniel#16348 | C51: Daniel K - wkufan89#09556 | D51: 2-0 | E51: ggs! | F51: TRUE | G51: TRUE | H51: TRUE | I51: [marvel-offers:tla,spm,msh]
A52: 46199.906 | B52: Sean O - PawnOfHumalog#82404 | C52: Kevin I - Kni1993#29285 | D52: 2-1 | E52: ggs | F52: TRUE | G52: TRUE | H52: TRUE | I52: [marvel-offers:tla,tmt,msh]
A53: 46199.914 | B53: Bob P - HIT#08120 | C53: Chris Y - Yorke on Games#66909 | D53: 2-1 | F53: TRUE | G53: TRUE | H53: TRUE | I53: [marvel-offers:ltr,spm,msh]
A54: 46199.914 | B54: Austin L - letschanator#21795 | C54: Adrian C - CarrRadio#73846 | D54: 2-0 | E54: ggs | F54: TRUE | G54: TRUE | H54: TRUE | I54: [marvel-offers:tla,otj,msh]
A55: 46199.92 | B55: Daniel K - wkufan89#09556 | C55: Alex H - Merriman#08092 | D55: 2-0 | F55: TRUE | G55: TRUE | H55: TRUE | I55: [marvel-offers:mkm,tmt,msh]
A56: 46199.924 | B56: Charles B - CandyDaniel#16348 | C56: Marc D - M013#58004 | D56: 2-1 | E56: ggs! Lands be landin | F56: TRUE | G56: TRUE | H56: TRUE | I56: [marvel-offers:tla,otj,msh]
A57: 46199.932 | B57: Zeke W - smarmyplatapus#30066 | C57: James C - 3scher#17401 | D57: 2-0 | E57: ggs! Sorry lands were sucking =( | F57: TRUE | G57: TRUE | H57: TRUE | I57: [marvel-offers:tla,tmt,msh]
A58: 46199.933 | B58: Lucas G - Mcnuggs#97708 | C58: Chris Y - Yorke on Games#66909 | D58: 2-0 | F58: TRUE | G58: TRUE | H58: TRUE | I58: [marvel-offers:ltr,tmt,msh]
A59: 46199.945 | B59: Kevin L - Ginjja#84067 | C59: Matthew L - RamblinDash#10694 | D59: 2-1 | F59: TRUE | G59: TRUE | H59: TRUE | I59: [marvel-offers:mkm,tmt,msh]
A60: 46199.946 | B60: Wei C - Azayaka#83352 | C60: Zeke W - smarmyplatapus#30066 | D60: 2-0 | F60: TRUE | G60: TRUE | H60: TRUE | I60: [marvel-offers:mkm,tmt,msh]
A61: 46199.949 | B61: Steve T - strout#45062 | C61: Bob P - HIT#08120 | D61: 2-1 | E61: GGs! | F61: TRUE | G61: TRUE | H61: TRUE | I61: [marvel-offers:mkm,spm,msh]
A62: 46199.949 | B62: Michael M - Atombomb11991#07305 | C62: James C - 3scher#17401 | D62: 2-0 | F62: TRUE | G62: TRUE | H62: TRUE | I62: [marvel-offers:mkm,tmt,msh]
A63: 46199.952 | B63: Marc D - M013#58004 | C63: Court G - C0urtSystem#61956 | D63: 2-0 | F63: TRUE | G63: TRUE | H63: TRUE | I63: [marvel-offers:tla,otj,msh]
A64: 46199.954 | B64: Lucas G - Mcnuggs#97708 | C64: Nick L - Aliphos#10232 | D64: 2-1 | F64: TRUE | G64: TRUE | H64: TRUE | I64: [marvel-offers:ltr,tmt,msh]
A65: 46199.958 | B65: Hayden S - Silver Heart#86389 | C65: Johnny M - Johnny#69519 | D65: 2-1 | F65: TRUE | G65: TRUE | H65: TRUE | I65: [marvel-offers:tla,otj,msh]
A66: 46199.962 | B66: Kevin L - Ginjja#84067 | C66: Justin H - whodack#18767 | D66: 2-1 | F66: TRUE | G66: TRUE | H66: TRUE | I66: [marvel-offers:ltr,spm,msh]
A67: 46199.968 | B67: Lukas M - Finley_2k1#30925 | C67: John T - GDJT#35358 | D67: 2-1 | F67: TRUE | G67: TRUE | H67: TRUE | I67: [marvel-offers:mkm,otj,msh]
A68: 46199.975 | B68: Nick L - Aliphos#10232 | C68: Jacky L - Luckbox#52583 | D68: 2-1 | F68: TRUE | G68: TRUE | H68: TRUE | I68: [marvel-offers:tla,spm]
A69: 46199.977 | B69: Steve T - strout#45062 | C69: Michael M - Atombomb11991#07305 | D69: 2-1 | E69: GGs! | F69: TRUE | G69: TRUE | H69: TRUE | I69: [marvel-offers:tla,spm,msh]
A70: 46199.983 | B70: Kevin L - Ginjja#84067 | C70: Logan R - RussLg#32030 | D70: 2-1 | F70: TRUE | G70: TRUE | H70: TRUE | I70: [marvel-offers:tla,tmt,msh]
A71: 46199.983 | B71: Evan T - tensfull2003#69753 | C71: Scott A - Sesqui#98407 | D71: 2-0 | F71: TRUE | G71: TRUE | H71: TRUE | I71: [marvel-offers:tla,tmt,msh]
A72: 46199.985 | B72: Chris Y - Yorke on Games#66909 | C72: Justin H - whodack#18767 | D72: 2-0 | E72: VvV | F72: TRUE | G72: TRUE | H72: TRUE | I72: [marvel-offers:ltr,spm]
A73: 46199.985 | B73: Bobby W - sleepingwolf#58460 | C73: Cody U - Speediurdi#14686 | D73: 2-0 | F73: TRUE | G73: TRUE | H73: TRUE | I73: [marvel-offers:ltr,tmt,msh]
A74: 46199.987 | B74: Matthew L - RamblinDash#10694 | C74: Buster S - Hugester#31975 | D74: 2-1 | F74: TRUE | G74: TRUE | H74: TRUE | I74: [marvel-offers:tla,spm,msh]
A75: 46199.987 | B75: Nick L - Aliphos#10232 | C75: Adam St - Mythk#27035 | D75: 2-0 | F75: TRUE | G75: TRUE | H75: TRUE | I75: [marvel-offers:tla,spm,msh]
A76: 46199.991 | B76: Jacky L - Luckbox#52583 | C76: Wyatt C - hotdolphin#30769 | D76: 2-0 | F76: TRUE | G76: TRUE | H76: TRUE | I76: [marvel-offers:ltr,otj]
A77: 46199.997 | B77: Daniel O - JaceVess#31204 | C77: Steve T - strout#45062 | D77: 2-1 | F77: TRUE | G77: TRUE | H77: TRUE | I77: [marvel-offers:ltr,otj,msh]
A78: 46200 | B78: Corey S - C-Dog#37775 | C78: Alexis A - VioletThunder#65144 | D78: 2-0 | F78: TRUE | G78: TRUE | H78: TRUE | I78: [marvel-offers:tla,otj,msh]
A79: 46200.001 | B79: Alexis M - Alexsfly#67052 | C79: Landon H - G4mingP4stor#86671 | D79: 2-1 | F79: TRUE | G79: TRUE | H79: TRUE | I79: [marvel-offers:tla,spm,msh]
A80: 46200.004 | B80: Kevin L - Ginjja#84067 | C80: Evan T - tensfull2003#69753 | D80: 2-0 | F80: TRUE | G80: TRUE | H80: TRUE | I80: [marvel-offers:mkm,otj,msh]
A81: 46200.005 | B81: Scott A - Sesqui#98407 | C81: Chris Y - Yorke on Games#66909 | D81: 2-0 | E81: ggs! | F81: TRUE | G81: TRUE | H81: TRUE | I81: [marvel-offers:ltr,spm]
A82: 46200.008 | B82: Logan R - RussLg#32030 | C82: John T - GDJT#35358 | D82: 2-0 | F82: TRUE | G82: TRUE | H82: TRUE | I82: [marvel-offers:ltr,spm,msh]
A83: 46200.009 | B83: Matthew L - RamblinDash#10694 | C83: Nick H - DriftDraftDraw#62192 | D83: 2-0 | F83: TRUE | G83: TRUE | H83: TRUE | I83: [marvel-offers:ltr,spm]
A84: 46200.009 | B84: Justin H - whodack#18767 | C84: Hayden S - Silver Heart#86389 | D84: 2-1 | F84: TRUE | G84: TRUE | H84: TRUE | I84: [marvel-offers:mkm,otj,msh]
A85: 46200.014 | B85: Nolan F - Mordor#75624 | C85: Wyatt C - hotdolphin#30769 | D85: 2-1 | F85: TRUE | G85: TRUE | H85: TRUE | I85: [marvel-offers:ltr,otj,msh]
A86: 46200.019 | B86: Landon H - G4mingP4stor#86671 | C86: Kevin L - Ginjja#84067 | D86: 2-0 | F86: TRUE | G86: TRUE | H86: TRUE | I86: [marvel-offers:mkm,tmt,msh]
A87: 46200.019 | B87: Bobby W - sleepingwolf#58460 | C87: Connor O - Funnytruck#07667 | D87: 2-1 | F87: TRUE | G87: TRUE | H87: TRUE | I87: [marvel-offers:ltr,otj,msh]
A88: 46200.023 | B88: Evan T - tensfull2003#69753 | C88: Logan R - RussLg#32030 | D88: 2-0 | F88: TRUE | G88: TRUE | H88: TRUE | I88: [marvel-offers:ltr,otj]
A89: 46200.026 | B89: Howard T - Kaozu#62298 | C89: Daniel O - JaceVess#31204 | D89: 2-1 | E89: Gg | F89: TRUE | G89: TRUE | H89: TRUE | I89: [marvel-offers:mkm,otj]
A90: 46200.026 | B90: Matt Ko - Myth#18089 | C90: Alexis M - Alexsfly#67052 | D90: 2-1 | F90: TRUE | G90: TRUE | H90: TRUE | I90: [marvel-offers:tla,otj]
A91: 46200.027 | B91: Stephen H - Crayth#38098 | C91: Nolan F - Mordor#75624 | D91: 2-0 | E91: that'll teach you to shark me | F91: TRUE | G91: TRUE | H91: TRUE | I91: [marvel-offers:mkm,spm,msh]
A92: 46200.035 | B92: Sam B - winSome#94148 | C92: John T - GDJT#35358 | D92: 2-1 | F92: TRUE | G92: TRUE | H92: TRUE | I92: [marvel-offers:tla,otj]
A93: 46200.037 | B93: Chris Y - Yorke on Games#66909 | C93: Alexis A - VioletThunder#65144 | D93: 2-1 | E93: Slugfest '26 | F93: TRUE | G93: TRUE | H93: TRUE | I93: [marvel-offers:mkm,tmt]
A94: 46200.043 | B94: Hayden S - Silver Heart#86389 | C94: Evan T - tensfull2003#69753 | D94: 2-0 | F94: TRUE | G94: TRUE | H94: TRUE | I94: [marvel-offers:mkm,otj]
A95: 46200.044 | B95: Nick L - Aliphos#10232 | C95: Nolan F - Mordor#75624 | D95: 2-1 | F95: TRUE | G95: TRUE | H95: TRUE | I95: [marvel-offers:ltr,spm,msh]
A96: 46200.048 | B96: Connor O - Funnytruck#07667 | C96: Howard T - Kaozu#62298 | D96: 2-0 | F96: TRUE | G96: TRUE | H96: TRUE | I96: [marvel-offers:ltr,spm,msh]
A97: 46200.061 | B97: Logan R - RussLg#32030 | C97: Wei C - Azayaka#83352 | D97: 2-1 | F97: TRUE | G97: TRUE | H97: TRUE | I97: [marvel-offers:ltr,spm]
A98: 46200.063 | B98: Nolan F - Mordor#75624 | C98: Sam B - winSome#94148 | D98: 2-0 | F98: TRUE | G98: TRUE | H98: TRUE | I98: [marvel-offers:tla,tmt,msh]
A99: 46200.075 | B99: Mitchel S - Spaghettimitch#18619 | C99: Connor O - Funnytruck#07667 | D99: 2-1 | F99: TRUE | G99: TRUE | H99: TRUE | I99: [marvel-offers:tla,spm]
A100: 46200.077 | B100: Marc D - M013#58004 | C100: Logan R - RussLg#32030 | D100: 2-1 | F100: TRUE | G100: TRUE | H100: TRUE | I100: [marvel-offers:tla,spm,msh]
...

Sheet Player Database
A1: =V1 -> Rank | B1: Identification | C1: Name | D1: Discord ID | E1: Arena ID | F1: Country of Residence | G1: City | H1: Matches played | I1: Wins | J1: Losses | K1: Record | L1: Entropy | M1: Win % (rank 2) | N1: Win % no entropy | O1: MATCHES <Min | P1: MATCHES <Max | Q1: Max losses left in league | R1: Identification again (for OMW calc) | S1: Propped up win% | T1: Opponents played | U1: OMW% | V1: Rank | W1: MATCHES TO PLAY STATUS | X1: TOURNAMENT STATUS | Y1: Last Loss Time | Z1: Last Loss Week | AA1: Notes | AB1: Survey Sent | AC1: Streak | AD1: Wins This Week | AE1: Hero Score
A2: =V2 -> 1 | B2: =IFERROR(__xludf.DUMMYFUNCTION("IMPORTRANGE(""https://docs.google.com/spreadsheets/d/1PKWsvZUa53oRU_uuGf9zuQSdeVT0-tWqBynvAG0IkkY/edit?gid=650541920#gid=650541920"",""MSHWorksheet!O02:O300"")"),"#REF!") -> #REF! | C2: =IFERROR(__xludf.DUMMYFUNCTION("IMPORTRANGE(""https://docs.google.com/spreadsheets/d/1PKWsvZUa53oRU_uuGf9zuQSdeVT0-tWqBynvAG0IkkY"",""MSHWorksheet!N02:N300"")"),"#REF!") -> #REF! | D2: =IFERROR(__xludf.DUMMYFUNCTION("IMPORTRANGE(""https://docs.google.com/spreadsheets/d/1PKWsvZUa53oRU_uuGf9zuQSdeVT0-tWqBynvAG0IkkY"",""MSHWorksheet!G02:G300"")"),"#REF!") -> #REF! | E2: =IFERROR(__xludf.DUMMYFUNCTION("IMPORTRANGE(""https://docs.google.com/spreadsheets/d/1PKWsvZUa53oRU_uuGf9zuQSdeVT0-tWqBynvAG0IkkY"",""MSHWorksheet!E02:E300"")"),"#REF!") -> #REF! | F2: =IFERROR(__xludf.DUMMYFUNCTION("IMPORTRANGE(""https://docs.google.com/spreadsheets/d/1PKWsvZUa53oRU_uuGf9zuQSdeVT0-tWqBynvAG0IkkY"",""MSHWorksheet!D02:D300"")"),"#REF!") -> #REF! | G2: =IFERROR(__xludf.DUMMYFUNCTION("IMPORTRANGE(""https://docs.google.com/spreadsheets/d/1PKWsvZUa53oRU_uuGf9zuQSdeVT0-tWqBynvAG0IkkY"",""MSHWorksheet!F2:F300"")"),"#REF!") -> #REF! | H2: =COUNTIF(Entropy!$D:$D,$B2)+COUNTIF(Matches!$B:$B,$B2)+COUNTIF(Matches!$C:$C,$B2) -> 0 | I2: =COUNTIF(Matches!$B:$B,B2) -> 0 | J2: =H2-I2 -> 0 | K2: =CONCATENATE(I2," - ",J2) -> 0 - 0 | L2: =COUNTIF(Entropy!$D:$D,$B2) -> 0 | M2: =IF($I2=0,-$J2,$I2/$H2) -> 0 | N2: =IF($I2=0,0,$I2/($H2-L2)) -> 0 | O2: =IF($J2=11,0,IF(AND($H2 >=VLOOKUP('Combined Standings'!$C$2,Quotas!$A$7:$E$14,4,FALSE), $H2<=VLOOKUP('Combined Standings'!$C$2,Quotas!$A$7:$E$14,5,FALSE)), 0,VLOOKUP('Combined Standings'!$C$2,Quotas!$A$7:$E$11,4,FALSE)-$H2)) -> 13 | P2: =IF($J2=11,0,IF(AND($H2 >=VLOOKUP('Combined Standings'!$C$2,Quotas!$A$7:$E$14,5,FALSE), $H2<=VLOOKUP('Combined Standings'!$C$2,Quotas!$A$7:$E$14,5,FALSE)), 0,VLOOKUP('Combined Standings'!$C$2,Quotas!$A$7:$E$11,5,FALSE)-$H2)) -> 15 | Q2: =MIN(11-J2,30-H2) -> 11 | R2: =B2 -> #REF! | S2: =MAX(N2, 0.33) -> 0.33 | T2: =IFERROR(__xludf.DUMMYFUNCTION("JOIN("","",IFERROR(FILTER(Matches!$B:$B,B2=Matches!$C:$C),""""),IFERROR(FILTER(Matches!$C:$C,B2=Matches!$B:$B),""""))"),",") -> , | U2: =IFERROR(__xludf.DUMMYFUNCTION("iferror(AVERAGE(ARRAYFORMULA(VLOOKUP(SPLIT(T2,"","",TRUE,TRUE),$R$2:$S1000,2,FALSE))),0)"),0.0) -> 0 | V2: =IFERROR(__xludf.DUMMYFUNCTION("RANK($I2, $I$2:$I1000, FALSE) + RANK($M2, Filter($M$2:$M1000, $I$2:$I1000=$I2),FALSE)+RANK($U2, Filter($U$2:$U1000, $I$2:$I1000=$I2,$M$2:$M1000=$M2),FALSE)-2"),1.0) -> 1 | W2: =IFs(J2=11,"Eliminated",O2>0,"Underplay",P2=0,"Maxed out",P2<0,"Overplay",AND(O2=0,P2>0),"Can play") -> Underplay | X2: =IF(J2>=11, "Eliminated","") | Y2: =MAXIFS(Matches!$A:$A,Matches!$C:$C,$B2) -> 0 | Z2: {=XLOOKUP(Y2,Quotas!$B$7:$B$10,Quotas!$A$7:$A$10,0,-1)} -> 0 | AC2: =COUNTIFS(Matches!$A:$A,">"&Y2,Matches!$B:$B,$B2) -> 0 | AE2: =SUMIF('Pool Changes'!B:B, B2, 'Pool Changes'!H:H) -> 0
A3: =V3 -> 1 | H3: =COUNTIF(Entropy!$D:$D,$B3)+COUNTIF(Matches!$B:$B,$B3)+COUNTIF(Matches!$C:$C,$B3) -> 0 | I3: =COUNTIF(Matches!$B:$B,B3) -> 0 | J3: =H3-I3 -> 0 | K3: =CONCATENATE(I3," - ",J3) -> 0 - 0 | L3: =COUNTIF(Entropy!$D:$D,$B3) -> 0 | M3: =IF($I3=0,-$J3,$I3/$H3) -> 0 | N3: =IF($I3=0,0,$I3/($H3-L3)) -> 0 | O3: =IF($J3=11,0,IF(AND($H3 >=VLOOKUP('Combined Standings'!$C$2,Quotas!$A$7:$E$14,4,FALSE), $H3<=VLOOKUP('Combined Standings'!$C$2,Quotas!$A$7:$E$14,5,FALSE)), 0,VLOOKUP('Combined Standings'!$C$2,Quotas!$A$7:$E$11,4,FALSE)-$H3)) -> 13 | P3: =IF($J3=11,0,IF(AND($H3 >=VLOOKUP('Combined Standings'!$C$2,Quotas!$A$7:$E$14,5,FALSE), $H3<=VLOOKUP('Combined Standings'!$C$2,Quotas!$A$7:$E$14,5,FALSE)), 0,VLOOKUP('Combined Standings'!$C$2,Quotas!$A$7:$E$11,5,FALSE)-$H3)) -> 15 | Q3: =MIN(11-J3,30-H3) -> 11 | R3: =B3 | S3: =MAX(N3, 0.33) -> 0.33 | T3: =IFERROR(__xludf.DUMMYFUNCTION("JOIN("","",IFERROR(FILTER(Matches!$B:$B,B3=Matches!$C:$C),""""),IFERROR(FILTER(Matches!$C:$C,B3=Matches!$B:$B),""""))"),",,,,,,,,,,,,,,,,,,,,,,,,,,,,,,,,,,,,,,,,,,,,,,,,,,,,,,,,,,,,,,,,,,,,,,,,,,,,,,,,,,,,,,,,,,,,,,,,,,,,,,,,,,,,,,,,,,,,,,,,,,,,,,,,,,,,,,,,,,,,,,,,,,,,,,,,,,,,,,,,,,,,,,,,,,,,,,,,,,,,,,,,,,,,,,,,,,,,,,,,,,,,,,,,,,,,,,,,,,,,,,,,,,,,,,,,,,,,,,,,,,,,,,,,,,,,,,,") -> ,,,,,,,,,,,,,,,,,,,,,,,,,,,,,,,,,,,,,,,,,,,,,,,,,,,,,,,,,,,,,,,,,,,,,,,,,,,,,,,,,,,,,,,,,,,,,,,,,,,,,,,,,,,,,,,,,,,,,,,,,,,,,,,,,,,,,,,,,,,,,,,,,,,,,,,,,,,,,,,,,,,,,,,,,,,,,,,,,,,,,,,,,,,,,,,,,,,,,,,,,,,,,,,,,,,,,,,,,,,,,,,,,,,,,,,,,,,,,,,,,,,,,,,,,,,,,,, | U3: =IFERROR(__xludf.DUMMYFUNCTION("iferror(AVERAGE(ARRAYFORMULA(VLOOKUP(SPLIT(T3,"","",TRUE,TRUE),$R$2:$S1000,2,FALSE))),0)"),0.0) -> 0 | V3: =IFERROR(__xludf.DUMMYFUNCTION("RANK($I3, $I$2:$I1000, FALSE) + RANK($M3, Filter($M$2:$M1000, $I$2:$I1000=$I3),FALSE)+RANK($U3, Filter($U$2:$U1000, $I$2:$I1000=$I3,$M$2:$M1000=$M3),FALSE)-2"),1.0) -> 1 | W3: =IFs(J3=11,"Eliminated",O3>0,"Underplay",P3=0,"Maxed out",P3<0,"Overplay",AND(O3=0,P3>0),"Can play") -> Underplay | X3: =IF(J3>=11, "Eliminated","") | Y3: =MAXIFS(Matches!$A:$A,Matches!$C:$C,$B3) -> 0 | Z3: {=XLOOKUP(Y3,Quotas!$B$7:$B$10,Quotas!$A$7:$A$10,0,-1)} -> 0 | AC3: =COUNTIFS(Matches!$A:$A,">"&Y3,Matches!$B:$B,$B3) -> 0 | AE3: =SUMIF('Pool Changes'!B:B, B3, 'Pool Changes'!H:H) -> 0
A4: =V4 -> 1 | H4: =COUNTIF(Entropy!$D:$D,$B4)+COUNTIF(Matches!$B:$B,$B4)+COUNTIF(Matches!$C:$C,$B4) -> 0 | I4: =COUNTIF(Matches!$B:$B,B4) -> 0 | J4: =H4-I4 -> 0 | K4: =CONCATENATE(I4," - ",J4) -> 0 - 0 | L4: =COUNTIF(Entropy!$D:$D,$B4) -> 0 | M4: =IF($I4=0,-$J4,$I4/$H4) -> 0 | N4: =IF($I4=0,0,$I4/($H4-L4)) -> 0 | O4: =IF($J4=11,0,IF(AND($H4 >=VLOOKUP('Combined Standings'!$C$2,Quotas!$A$7:$E$14,4,FALSE), $H4<=VLOOKUP('Combined Standings'!$C$2,Quotas!$A$7:$E$14,5,FALSE)), 0,VLOOKUP('Combined Standings'!$C$2,Quotas!$A$7:$E$11,4,FALSE)-$H4)) -> 13 | P4: =IF($J4=11,0,IF(AND($H4 >=VLOOKUP('Combined Standings'!$C$2,Quotas!$A$7:$E$14,5,FALSE), $H4<=VLOOKUP('Combined Standings'!$C$2,Quotas!$A$7:$E$14,5,FALSE)), 0,VLOOKUP('Combined Standings'!$C$2,Quotas!$A$7:$E$11,5,FALSE)-$H4)) -> 15 | Q4: =MIN(11-J4,30-H4) -> 11 | R4: =B4 | S4: =MAX(N4, 0.33) -> 0.33 | T4: =IFERROR(__xludf.DUMMYFUNCTION("JOIN("","",IFERROR(FILTER(Matches!$B:$B,B4=Matches!$C:$C),""""),IFERROR(FILTER(Matches!$C:$C,B4=Matches!$B:$B),""""))"),",,,,,,,,,,,,,,,,,,,,,,,,,,,,,,,,,,,,,,,,,,,,,,,,,,,,,,,,,,,,,,,,,,,,,,,,,,,,,,,,,,,,,,,,,,,,,,,,,,,,,,,,,,,,,,,,,,,,,,,,,,,,,,,,,,,,,,,,,,,,,,,,,,,,,,,,,,,,,,,,,,,,,,,,,,,,,,,,,,,,,,,,,,,,,,,,,,,,,,,,,,,,,,,,,,,,,,,,,,,,,,,,,,,,,,,,,,,,,,,,,,,,,,,,,,,,,,,") -> ,,,,,,,,,,,,,,,,,,,,,,,,,,,,,,,,,,,,,,,,,,,,,,,,,,,,,,,,,,,,,,,,,,,,,,,,,,,,,,,,,,,,,,,,,,,,,,,,,,,,,,,,,,,,,,,,,,,,,,,,,,,,,,,,,,,,,,,,,,,,,,,,,,,,,,,,,,,,,,,,,,,,,,,,,,,,,,,,,,,,,,,,,,,,,,,,,,,,,,,,,,,,,,,,,,,,,,,,,,,,,,,,,,,,,,,,,,,,,,,,,,,,,,,,,,,,,,, | U4: =IFERROR(__xludf.DUMMYFUNCTION("iferror(AVERAGE(ARRAYFORMULA(VLOOKUP(SPLIT(T4,"","",TRUE,TRUE),$R$2:$S1000,2,FALSE))),0)"),0.0) -> 0 | V4: =IFERROR(__xludf.DUMMYFUNCTION("RANK($I4, $I$2:$I1000, FALSE) + RANK($M4, Filter($M$2:$M1000, $I$2:$I1000=$I4),FALSE)+RANK($U4, Filter($U$2:$U1000, $I$2:$I1000=$I4,$M$2:$M1000=$M4),FALSE)-2"),1.0) -> 1 | W4: =IFs(J4=11,"Eliminated",O4>0,"Underplay",P4=0,"Maxed out",P4<0,"Overplay",AND(O4=0,P4>0),"Can play") -> Underplay | X4: =IF(J4>=11, "Eliminated","") | Y4: =MAXIFS(Matches!$A:$A,Matches!$C:$C,$B4) -> 0 | Z4: {=XLOOKUP(Y4,Quotas!$B$7:$B$10,Quotas!$A$7:$A$10,0,-1)} -> 0 | AC4: =COUNTIFS(Matches!$A:$A,">"&Y4,Matches!$B:$B,$B4) -> 0 | AE4: =SUMIF('Pool Changes'!B:B, B4, 'Pool Changes'!H:H) -> 0
A5: =V5 -> 1 | H5: =COUNTIF(Entropy!$D:$D,$B5)+COUNTIF(Matches!$B:$B,$B5)+COUNTIF(Matches!$C:$C,$B5) -> 0 | I5: =COUNTIF(Matches!$B:$B,B5) -> 0 | J5: =H5-I5 -> 0 | K5: =CONCATENATE(I5," - ",J5) -> 0 - 0 | L5: =COUNTIF(Entropy!$D:$D,$B5) -> 0 | M5: =IF($I5=0,-$J5,$I5/$H5) -> 0 | N5: =IF($I5=0,0,$I5/($H5-L5)) -> 0 | O5: =IF($J5=11,0,IF(AND($H5 >=VLOOKUP('Combined Standings'!$C$2,Quotas!$A$7:$E$14,4,FALSE), $H5<=VLOOKUP('Combined Standings'!$C$2,Quotas!$A$7:$E$14,5,FALSE)), 0,VLOOKUP('Combined Standings'!$C$2,Quotas!$A$7:$E$11,4,FALSE)-$H5)) -> 13 | P5: =IF($J5=11,0,IF(AND($H5 >=VLOOKUP('Combined Standings'!$C$2,Quotas!$A$7:$E$14,5,FALSE), $H5<=VLOOKUP('Combined Standings'!$C$2,Quotas!$A$7:$E$14,5,FALSE)), 0,VLOOKUP('Combined Standings'!$C$2,Quotas!$A$7:$E$11,5,FALSE)-$H5)) -> 15 | Q5: =MIN(11-J5,30-H5) -> 11 | R5: =B5 | S5: =MAX(N5, 0.33) -> 0.33 | T5: =IFERROR(__xludf.DUMMYFUNCTION("JOIN("","",IFERROR(FILTER(Matches!$B:$B,B5=Matches!$C:$C),""""),IFERROR(FILTER(Matches!$C:$C,B5=Matches!$B:$B),""""))"),",,,,,,,,,,,,,,,,,,,,,,,,,,,,,,,,,,,,,,,,,,,,,,,,,,,,,,,,,,,,,,,,,,,,,,,,,,,,,,,,,,,,,,,,,,,,,,,,,,,,,,,,,,,,,,,,,,,,,,,,,,,,,,,,,,,,,,,,,,,,,,,,,,,,,,,,,,,,,,,,,,,,,,,,,,,,,,,,,,,,,,,,,,,,,,,,,,,,,,,,,,,,,,,,,,,,,,,,,,,,,,,,,,,,,,,,,,,,,,,,,,,,,,,,,,,,,,,") -> ,,,,,,,,,,,,,,,,,,,,,,,,,,,,,,,,,,,,,,,,,,,,,,,,,,,,,,,,,,,,,,,,,,,,,,,,,,,,,,,,,,,,,,,,,,,,,,,,,,,,,,,,,,,,,,,,,,,,,,,,,,,,,,,,,,,,,,,,,,,,,,,,,,,,,,,,,,,,,,,,,,,,,,,,,,,,,,,,,,,,,,,,,,,,,,,,,,,,,,,,,,,,,,,,,,,,,,,,,,,,,,,,,,,,,,,,,,,,,,,,,,,,,,,,,,,,,,, | U5: =IFERROR(__xludf.DUMMYFUNCTION("iferror(AVERAGE(ARRAYFORMULA(VLOOKUP(SPLIT(T5,"","",TRUE,TRUE),$R$2:$S1000,2,FALSE))),0)"),0.0) -> 0 | V5: =IFERROR(__xludf.DUMMYFUNCTION("RANK($I5, $I$2:$I1000, FALSE) + RANK($M5, Filter($M$2:$M1000, $I$2:$I1000=$I5),FALSE)+RANK($U5, Filter($U$2:$U1000, $I$2:$I1000=$I5,$M$2:$M1000=$M5),FALSE)-2"),1.0) -> 1 | W5: =IFs(J5=11,"Eliminated",O5>0,"Underplay",P5=0,"Maxed out",P5<0,"Overplay",AND(O5=0,P5>0),"Can play") -> Underplay | X5: =IF(J5>=11, "Eliminated","") | Y5: =MAXIFS(Matches!$A:$A,Matches!$C:$C,$B5) -> 0 | Z5: {=XLOOKUP(Y5,Quotas!$B$7:$B$10,Quotas!$A$7:$A$10,0,-1)} -> 0 | AC5: =COUNTIFS(Matches!$A:$A,">"&Y5,Matches!$B:$B,$B5) -> 0 | AE5: =SUMIF('Pool Changes'!B:B, B5, 'Pool Changes'!H:H) -> 0
A6: =V6 -> 1 | H6: =COUNTIF(Entropy!$D:$D,$B6)+COUNTIF(Matches!$B:$B,$B6)+COUNTIF(Matches!$C:$C,$B6) -> 0 | I6: =COUNTIF(Matches!$B:$B,B6) -> 0 | J6: =H6-I6 -> 0 | K6: =CONCATENATE(I6," - ",J6) -> 0 - 0 | L6: =COUNTIF(Entropy!$D:$D,$B6) -> 0 | M6: =IF($I6=0,-$J6,$I6/$H6) -> 0 | N6: =IF($I6=0,0,$I6/($H6-L6)) -> 0 | O6: =IF($J6=11,0,IF(AND($H6 >=VLOOKUP('Combined Standings'!$C$2,Quotas!$A$7:$E$14,4,FALSE), $H6<=VLOOKUP('Combined Standings'!$C$2,Quotas!$A$7:$E$14,5,FALSE)), 0,VLOOKUP('Combined Standings'!$C$2,Quotas!$A$7:$E$11,4,FALSE)-$H6)) -> 13 | P6: =IF($J6=11,0,IF(AND($H6 >=VLOOKUP('Combined Standings'!$C$2,Quotas!$A$7:$E$14,5,FALSE), $H6<=VLOOKUP('Combined Standings'!$C$2,Quotas!$A$7:$E$14,5,FALSE)), 0,VLOOKUP('Combined Standings'!$C$2,Quotas!$A$7:$E$11,5,FALSE)-$H6)) -> 15 | Q6: =MIN(11-J6,30-H6) -> 11 | R6: =B6 | S6: =MAX(N6, 0.33) -> 0.33 | T6: =IFERROR(__xludf.DUMMYFUNCTION("JOIN("","",IFERROR(FILTER(Matches!$B:$B,B6=Matches!$C:$C),""""),IFERROR(FILTER(Matches!$C:$C,B6=Matches!$B:$B),""""))"),",,,,,,,,,,,,,,,,,,,,,,,,,,,,,,,,,,,,,,,,,,,,,,,,,,,,,,,,,,,,,,,,,,,,,,,,,,,,,,,,,,,,,,,,,,,,,,,,,,,,,,,,,,,,,,,,,,,,,,,,,,,,,,,,,,,,,,,,,,,,,,,,,,,,,,,,,,,,,,,,,,,,,,,,,,,,,,,,,,,,,,,,,,,,,,,,,,,,,,,,,,,,,,,,,,,,,,,,,,,,,,,,,,,,,,,,,,,,,,,,,,,,,,,,,,,,,,,") -> ,,,,,,,,,,,,,,,,,,,,,,,,,,,,,,,,,,,,,,,,,,,,,,,,,,,,,,,,,,,,,,,,,,,,,,,,,,,,,,,,,,,,,,,,,,,,,,,,,,,,,,,,,,,,,,,,,,,,,,,,,,,,,,,,,,,,,,,,,,,,,,,,,,,,,,,,,,,,,,,,,,,,,,,,,,,,,,,,,,,,,,,,,,,,,,,,,,,,,,,,,,,,,,,,,,,,,,,,,,,,,,,,,,,,,,,,,,,,,,,,,,,,,,,,,,,,,,, | U6: =IFERROR(__xludf.DUMMYFUNCTION("iferror(AVERAGE(ARRAYFORMULA(VLOOKUP(SPLIT(T6,"","",TRUE,TRUE),$R$2:$S1000,2,FALSE))),0)"),0.0) -> 0 | V6: =IFERROR(__xludf.DUMMYFUNCTION("RANK($I6, $I$2:$I1000, FALSE) + RANK($M6, Filter($M$2:$M1000, $I$2:$I1000=$I6),FALSE)+RANK($U6, Filter($U$2:$U1000, $I$2:$I1000=$I6,$M$2:$M1000=$M6),FALSE)-2"),1.0) -> 1 | W6: =IFs(J6=11,"Eliminated",O6>0,"Underplay",P6=0,"Maxed out",P6<0,"Overplay",AND(O6=0,P6>0),"Can play") -> Underplay | X6: =IF(J6>=11, "Eliminated","") | Y6: =MAXIFS(Matches!$A:$A,Matches!$C:$C,$B6) -> 0 | Z6: {=XLOOKUP(Y6,Quotas!$B$7:$B$10,Quotas!$A$7:$A$10,0,-1)} -> 0 | AC6: =COUNTIFS(Matches!$A:$A,">"&Y6,Matches!$B:$B,$B6) -> 0 | AE6: =SUMIF('Pool Changes'!B:B, B6, 'Pool Changes'!H:H) -> 0
A7: =V7 -> 1 | H7: =COUNTIF(Entropy!$D:$D,$B7)+COUNTIF(Matches!$B:$B,$B7)+COUNTIF(Matches!$C:$C,$B7) -> 0 | I7: =COUNTIF(Matches!$B:$B,B7) -> 0 | J7: =H7-I7 -> 0 | K7: =CONCATENATE(I7," - ",J7) -> 0 - 0 | L7: =COUNTIF(Entropy!$D:$D,$B7) -> 0 | M7: =IF($I7=0,-$J7,$I7/$H7) -> 0 | N7: =IF($I7=0,0,$I7/($H7-L7)) -> 0 | O7: =IF($J7=11,0,IF(AND($H7 >=VLOOKUP('Combined Standings'!$C$2,Quotas!$A$7:$E$14,4,FALSE), $H7<=VLOOKUP('Combined Standings'!$C$2,Quotas!$A$7:$E$14,5,FALSE)), 0,VLOOKUP('Combined Standings'!$C$2,Quotas!$A$7:$E$11,4,FALSE)-$H7)) -> 13 | P7: =IF($J7=11,0,IF(AND($H7 >=VLOOKUP('Combined Standings'!$C$2,Quotas!$A$7:$E$14,5,FALSE), $H7<=VLOOKUP('Combined Standings'!$C$2,Quotas!$A$7:$E$14,5,FALSE)), 0,VLOOKUP('Combined Standings'!$C$2,Quotas!$A$7:$E$11,5,FALSE)-$H7)) -> 15 | Q7: =MIN(11-J7,30-H7) -> 11 | R7: =B7 | S7: =MAX(N7, 0.33) -> 0.33 | T7: =IFERROR(__xludf.DUMMYFUNCTION("JOIN("","",IFERROR(FILTER(Matches!$B:$B,B7=Matches!$C:$C),""""),IFERROR(FILTER(Matches!$C:$C,B7=Matches!$B:$B),""""))"),",,,,,,,,,,,,,,,,,,,,,,,,,,,,,,,,,,,,,,,,,,,,,,,,,,,,,,,,,,,,,,,,,,,,,,,,,,,,,,,,,,,,,,,,,,,,,,,,,,,,,,,,,,,,,,,,,,,,,,,,,,,,,,,,,,,,,,,,,,,,,,,,,,,,,,,,,,,,,,,,,,,,,,,,,,,,,,,,,,,,,,,,,,,,,,,,,,,,,,,,,,,,,,,,,,,,,,,,,,,,,,,,,,,,,,,,,,,,,,,,,,,,,,,,,,,,,,,") -> ,,,,,,,,,,,,,,,,,,,,,,,,,,,,,,,,,,,,,,,,,,,,,,,,,,,,,,,,,,,,,,,,,,,,,,,,,,,,,,,,,,,,,,,,,,,,,,,,,,,,,,,,,,,,,,,,,,,,,,,,,,,,,,,,,,,,,,,,,,,,,,,,,,,,,,,,,,,,,,,,,,,,,,,,,,,,,,,,,,,,,,,,,,,,,,,,,,,,,,,,,,,,,,,,,,,,,,,,,,,,,,,,,,,,,,,,,,,,,,,,,,,,,,,,,,,,,,, | U7: =IFERROR(__xludf.DUMMYFUNCTION("iferror(AVERAGE(ARRAYFORMULA(VLOOKUP(SPLIT(T7,"","",TRUE,TRUE),$R$2:$S1000,2,FALSE))),0)"),0.0) -> 0 | V7: =IFERROR(__xludf.DUMMYFUNCTION("RANK($I7, $I$2:$I1000, FALSE) + RANK($M7, Filter($M$2:$M1000, $I$2:$I1000=$I7),FALSE)+RANK($U7, Filter($U$2:$U1000, $I$2:$I1000=$I7,$M$2:$M1000=$M7),FALSE)-2"),1.0) -> 1 | W7: =IFs(J7=11,"Eliminated",O7>0,"Underplay",P7=0,"Maxed out",P7<0,"Overplay",AND(O7=0,P7>0),"Can play") -> Underplay | X7: =IF(J7>=11, "Eliminated","") | Y7: =MAXIFS(Matches!$A:$A,Matches!$C:$C,$B7) -> 0 | Z7: {=XLOOKUP(Y7,Quotas!$B$7:$B$10,Quotas!$A$7:$A$10,0,-1)} -> 0 | AC7: =COUNTIFS(Matches!$A:$A,">"&Y7,Matches!$B:$B,$B7) -> 0 | AE7: =SUMIF('Pool Changes'!B:B, B7, 'Pool Changes'!H:H) -> 0
